job_id,video_id,safe_video_id,part_index,part_count,job_kind,dataset_group,source_id,title,channel,source_url,clips_eligible,main_clips,context_clips,estimated_chars,prompt_path,input_jsonl_path,raw_output_path,status,created_at,notes
video_9k48Da7vkzE,9k48Da7vkzE,9k48Da7vkzE,,1,full,argentina/existing,f03__AZZARO_REACCI_N_-_RIVER_A_LA_FINAL_LE_GAN_1-0_A,"AZZARO REACCIÓN - RIVER, A LA FINAL LE GANÓ 1-0 A",f03,https://www.youtube.com/watch?v=9k48Da7vkzE,195,195,0,185197,C:\Users\bianc\NLP Natural Language Processing\labios-argentos\data_cleaning_clean_v1\video_jobs\video_9k48Da7vkzE_prompt.md,C:\Users\bianc\NLP Natural Language Processing\labios-argentos\data_cleaning_clean_v1\video_jobs\video_9k48Da7vkzE_input.jsonl,C:\Users\bianc\NLP Natural Language Processing\labios-argentos\data_cleaning_clean_v1\raw_outputs\video_9k48Da7vkzE_raw.jsonl,pending,2026-07-08T13:53:31Z,
video_ChceWp7jwCA__part_000,ChceWp7jwCA,ChceWp7jwCA,0,5,part,argentina/existing,f07__DAVOO_XENEIZE_OPINA_DE_BOCA_0_UNIVERSIDAD_CATOLICA,DAVOO XENEIZE OPINA DE BOCA 0 UNIVERSIDAD CATOLICA,f07,https://www.youtube.com/watch?v=ChceWp7jwCA,156,156,3,159799,C:\Users\bianc\NLP Natural Language Processing\labios-argentos\data_cleaning_clean_v1\video_jobs\video_ChceWp7jwCA__part_000_prompt.md,C:\Users\bianc\NLP Natural Language Processing\labios-argentos\data_cleaning_clean_v1\video_jobs\video_ChceWp7jwCA__part_000_input.jsonl,C:\Users\bianc\NLP Natural Language Processing\labios-argentos\data_cleaning_clean_v1\raw_outputs\video_ChceWp7jwCA__part_000_raw.jsonl,pending,2026-07-08T13:53:31Z,
video_ChceWp7jwCA__part_001,ChceWp7jwCA,ChceWp7jwCA,1,5,part,argentina/existing,f07__DAVOO_XENEIZE_OPINA_DE_BOCA_0_UNIVERSIDAD_CATOLICA,DAVOO XENEIZE OPINA DE BOCA 0 UNIVERSIDAD CATOLICA,f07,https://www.youtube.com/watch?v=ChceWp7jwCA,156,156,6,159539,C:\Users\bianc\NLP Natural Language Processing\labios-argentos\data_cleaning_clean_v1\video_jobs\video_ChceWp7jwCA__part_001_prompt.md,C:\Users\bianc\NLP Natural Language Processing\labios-argentos\data_cleaning_clean_v1\video_jobs\video_ChceWp7jwCA__part_001_input.jsonl,C:\Users\bianc\NLP Natural Language Processing\labios-argentos\data_cleaning_clean_v1\raw_outputs\video_ChceWp7jwCA__part_001_raw.jsonl,pending,2026-07-08T13:53:31Z,
video_ChceWp7jwCA__part_002,ChceWp7jwCA,ChceWp7jwCA,2,5,part,argentina/existing,f07__DAVOO_XENEIZE_OPINA_DE_BOCA_0_UNIVERSIDAD_CATOLICA,DAVOO XENEIZE OPINA DE BOCA 0 UNIVERSIDAD CATOLICA,f07,https://www.youtube.com/watch?v=ChceWp7jwCA,156,156,6,159176,C:\Users\bianc\NLP Natural Language Processing\labios-argentos\data_cleaning_clean_v1\video_jobs\video_ChceWp7jwCA__part_002_prompt.md,C:\Users\bianc\NLP Natural Language Processing\labios-argentos\data_cleaning_clean_v1\video_jobs\video_ChceWp7jwCA__part_002_input.jsonl,C:\Users\bianc\NLP Natural Language Processing\labios-argentos\data_cleaning_clean_v1\raw_outputs\video_ChceWp7jwCA__part_002_raw.jsonl,pending,2026-07-08T13:53:31Z,
video_ChceWp7jwCA__part_003,ChceWp7jwCA,ChceWp7jwCA,3,5,part,argentina/existing,f07__DAVOO_XENEIZE_OPINA_DE_BOCA_0_UNIVERSIDAD_CATOLICA,DAVOO XENEIZE OPINA DE BOCA 0 UNIVERSIDAD CATOLICA,f07,https://www.youtube.com/watch?v=ChceWp7jwCA,157,157,6,159653,C:\Users\bianc\NLP Natural Language Processing\labios-argentos\data_cleaning_clean_v1\video_jobs\video_ChceWp7jwCA__part_003_prompt.md,C:\Users\bianc\NLP Natural Language Processing\labios-argentos\data_cleaning_clean_v1\video_jobs\video_ChceWp7jwCA__part_003_input.jsonl,C:\Users\bianc\NLP Natural Language Processing\labios-argentos\data_cleaning_clean_v1\raw_outputs\video_ChceWp7jwCA__part_003_raw.jsonl,pending,2026-07-08T13:53:31Z,
video_ChceWp7jwCA__part_004,ChceWp7jwCA,ChceWp7jwCA,4,5,part,argentina/existing,f07__DAVOO_XENEIZE_OPINA_DE_BOCA_0_UNIVERSIDAD_CATOLICA,DAVOO XENEIZE OPINA DE BOCA 0 UNIVERSIDAD CATOLICA,f07,https://www.youtube.com/watch?v=ChceWp7jwCA,161,161,3,159823,C:\Users\bianc\NLP Natural Language Processing\labios-argentos\data_cleaning_clean_v1\video_jobs\video_ChceWp7jwCA__part_004_prompt.md,C:\Users\bianc\NLP Natural Language Processing\labios-argentos\data_cleaning_clean_v1\video_jobs\video_ChceWp7jwCA__part_004_input.jsonl,C:\Users\bianc\NLP Natural Language Processing\labios-argentos\data_cleaning_clean_v1\raw_outputs\video_ChceWp7jwCA__part_004_raw.jsonl,pending,2026-07-08T13:53:31Z,
video_EKVYAG_I44g__part_000,EKVYAG_I44g,EKVYAG_I44g,0,2,part,argentina/existing,f11__Entrevista_completa_por_mi_libro_Franco_con_Diego,Entrevista completa por mi libro Franco con Diego,f11,https://www.youtube.com/watch?v=EKVYAG_I44g,152,152,3,159524,C:\Users\bianc\NLP Natural Language Processing\labios-argentos\data_cleaning_clean_v1\video_jobs\video_EKVYAG_I44g__part_000_prompt.md,C:\Users\bianc\NLP Natural Language Processing\labios-argentos\data_cleaning_clean_v1\video_jobs\video_EKVYAG_I44g__part_000_input.jsonl,C:\Users\bianc\NLP Natural Language Processing\labios-argentos\data_cleaning_clean_v1\raw_outputs\video_EKVYAG_I44g__part_000_raw.jsonl,pending,2026-07-08T13:53:31Z,
video_EKVYAG_I44g__part_001,EKVYAG_I44g,EKVYAG_I44g,1,2,part,argentina/existing,f11__Entrevista_completa_por_mi_libro_Franco_con_Diego,Entrevista completa por mi libro Franco con Diego,f11,https://www.youtube.com/watch?v=EKVYAG_I44g,129,129,3,133612,C:\Users\bianc\NLP Natural Language Processing\labios-argentos\data_cleaning_clean_v1\video_jobs\video_EKVYAG_I44g__part_001_prompt.md,C:\Users\bianc\NLP Natural Language Processing\labios-argentos\data_cleaning_clean_v1\video_jobs\video_EKVYAG_I44g__part_001_input.jsonl,C:\Users\bianc\NLP Natural Language Processing\labios-argentos\data_cleaning_clean_v1\raw_outputs\video_EKVYAG_I44g__part_001_raw.jsonl,pending,2026-07-08T13:53:31Z,
video_EhYznjqlcKY__part_000,EhYznjqlcKY,EhYznjqlcKY,0,3,part,argentina/new_discovery,nd__EhYznjqlcKY,Guido Di Tella con Juan Carlos de Pablo - DiFilm (1998),archivodichiara,https://www.youtube.com/watch?v=EhYznjqlcKY,179,179,3,159526,C:\Users\bianc\NLP Natural Language Processing\labios-argentos\data_cleaning_clean_v1\video_jobs\video_EhYznjqlcKY__part_000_prompt.md,C:\Users\bianc\NLP Natural Language Processing\labios-argentos\data_cleaning_clean_v1\video_jobs\video_EhYznjqlcKY__part_000_input.jsonl,C:\Users\bianc\NLP Natural Language Processing\labios-argentos\data_cleaning_clean_v1\raw_outputs\video_EhYznjqlcKY__part_000_raw.jsonl,pending,2026-07-08T13:53:31Z,
video_EhYznjqlcKY__part_001,EhYznjqlcKY,EhYznjqlcKY,1,3,part,argentina/new_discovery,nd__EhYznjqlcKY,Guido Di Tella con Juan Carlos de Pablo - DiFilm (1998),archivodichiara,https://www.youtube.com/watch?v=EhYznjqlcKY,179,179,6,159587,C:\Users\bianc\NLP Natural Language Processing\labios-argentos\data_cleaning_clean_v1\video_jobs\video_EhYznjqlcKY__part_001_prompt.md,C:\Users\bianc\NLP Natural Language Processing\labios-argentos\data_cleaning_clean_v1\video_jobs\video_EhYznjqlcKY__part_001_input.jsonl,C:\Users\bianc\NLP Natural Language Processing\labios-argentos\data_cleaning_clean_v1\raw_outputs\video_EhYznjqlcKY__part_001_raw.jsonl,pending,2026-07-08T13:53:31Z,
video_EhYznjqlcKY__part_002,EhYznjqlcKY,EhYznjqlcKY,2,3,part,argentina/new_discovery,nd__EhYznjqlcKY,Guido Di Tella con Juan Carlos de Pablo - DiFilm (1998),archivodichiara,https://www.youtube.com/watch?v=EhYznjqlcKY,34,34,3,33794,C:\Users\bianc\NLP Natural Language Processing\labios-argentos\data_cleaning_clean_v1\video_jobs\video_EhYznjqlcKY__part_002_prompt.md,C:\Users\bianc\NLP Natural Language Processing\labios-argentos\data_cleaning_clean_v1\video_jobs\video_EhYznjqlcKY__part_002_input.jsonl,C:\Users\bianc\NLP Natural Language Processing\labios-argentos\data_cleaning_clean_v1\raw_outputs\video_EhYznjqlcKY__part_002_raw.jsonl,pending,2026-07-08T13:53:31Z,
video_EuSM3LscaWI__part_000,EuSM3LscaWI,EuSM3LscaWI,0,3,part,argentina/new_discovery,nd__EuSM3LscaWI,Marcos Galperin | La vida del emprendedor | Aprender de Grandes #072,Aprender de Grandes,https://www.youtube.com/watch?v=EuSM3LscaWI,197,197,3,159465,C:\Users\bianc\NLP Natural Language Processing\labios-argentos\data_cleaning_clean_v1\video_jobs\video_EuSM3LscaWI__part_000_prompt.md,C:\Users\bianc\NLP Natural Language Processing\labios-argentos\data_cleaning_clean_v1\video_jobs\video_EuSM3LscaWI__part_000_input.jsonl,C:\Users\bianc\NLP Natural Language Processing\labios-argentos\data_cleaning_clean_v1\raw_outputs\video_EuSM3LscaWI__part_000_raw.jsonl,pending,2026-07-08T13:53:31Z,
video_EuSM3LscaWI__part_001,EuSM3LscaWI,EuSM3LscaWI,1,3,part,argentina/new_discovery,nd__EuSM3LscaWI,Marcos Galperin | La vida del emprendedor | Aprender de Grandes #072,Aprender de Grandes,https://www.youtube.com/watch?v=EuSM3LscaWI,195,195,6,159365,C:\Users\bianc\NLP Natural Language Processing\labios-argentos\data_cleaning_clean_v1\video_jobs\video_EuSM3LscaWI__part_001_prompt.md,C:\Users\bianc\NLP Natural Language Processing\labios-argentos\data_cleaning_clean_v1\video_jobs\video_EuSM3LscaWI__part_001_input.jsonl,C:\Users\bianc\NLP Natural Language Processing\labios-argentos\data_cleaning_clean_v1\raw_outputs\video_EuSM3LscaWI__part_001_raw.jsonl,pending,2026-07-08T13:53:31Z,
video_EuSM3LscaWI__part_002,EuSM3LscaWI,EuSM3LscaWI,2,3,part,argentina/new_discovery,nd__EuSM3LscaWI,Marcos Galperin | La vida del emprendedor | Aprender de Grandes #072,Aprender de Grandes,https://www.youtube.com/watch?v=EuSM3LscaWI,179,179,3,140670,C:\Users\bianc\NLP Natural Language Processing\labios-argentos\data_cleaning_clean_v1\video_jobs\video_EuSM3LscaWI__part_002_prompt.md,C:\Users\bianc\NLP Natural Language Processing\labios-argentos\data_cleaning_clean_v1\video_jobs\video_EuSM3LscaWI__part_002_input.jsonl,C:\Users\bianc\NLP Natural Language Processing\labios-argentos\data_cleaning_clean_v1\raw_outputs\video_EuSM3LscaWI__part_002_raw.jsonl,pending,2026-07-08T13:53:31Z,
video_FhPgg2-hIDU__part_000,FhPgg2-hIDU,FhPgg2-hIDU,0,2,part,argentina/existing,f09__ESTOY_EN_UN_BROTE_PERDON,ESTOY EN UN BROTE PERDON,f09,https://www.youtube.com/watch?v=FhPgg2-hIDU,121,121,3,159555,C:\Users\bianc\NLP Natural Language Processing\labios-argentos\data_cleaning_clean_v1\video_jobs\video_FhPgg2-hIDU__part_000_prompt.md,C:\Users\bianc\NLP Natural Language Processing\labios-argentos\data_cleaning_clean_v1\video_jobs\video_FhPgg2-hIDU__part_000_input.jsonl,C:\Users\bianc\NLP Natural Language Processing\labios-argentos\data_cleaning_clean_v1\raw_outputs\video_FhPgg2-hIDU__part_000_raw.jsonl,pending,2026-07-08T13:53:31Z,
video_FhPgg2-hIDU__part_001,FhPgg2-hIDU,FhPgg2-hIDU,1,2,part,argentina/existing,f09__ESTOY_EN_UN_BROTE_PERDON,ESTOY EN UN BROTE PERDON,f09,https://www.youtube.com/watch?v=FhPgg2-hIDU,82,82,3,108818,C:\Users\bianc\NLP Natural Language Processing\labios-argentos\data_cleaning_clean_v1\video_jobs\video_FhPgg2-hIDU__part_001_prompt.md,C:\Users\bianc\NLP Natural Language Processing\labios-argentos\data_cleaning_clean_v1\video_jobs\video_FhPgg2-hIDU__part_001_input.jsonl,C:\Users\bianc\NLP Natural Language Processing\labios-argentos\data_cleaning_clean_v1\raw_outputs\video_FhPgg2-hIDU__part_001_raw.jsonl,pending,2026-07-08T13:53:31Z,
video_ITovsJg-q5c__part_000,ITovsJg-q5c,ITovsJg-q5c,0,7,part,argentina/new_discovery,nd__ITovsJg-q5c,Cómo Amarse a uno Mismo y Tener Buena Salud Mental: Hábitos de Vida - Gabriel Rolón,Tengo un Plan,https://www.youtube.com/watch?v=ITovsJg-q5c,197,197,3,159580,C:\Users\bianc\NLP Natural Language Processing\labios-argentos\data_cleaning_clean_v1\video_jobs\video_ITovsJg-q5c__part_000_prompt.md,C:\Users\bianc\NLP Natural Language Processing\labios-argentos\data_cleaning_clean_v1\video_jobs\video_ITovsJg-q5c__part_000_input.jsonl,C:\Users\bianc\NLP Natural Language Processing\labios-argentos\data_cleaning_clean_v1\raw_outputs\video_ITovsJg-q5c__part_000_raw.jsonl,pending,2026-07-08T13:53:31Z,
video_ITovsJg-q5c__part_001,ITovsJg-q5c,ITovsJg-q5c,1,7,part,argentina/new_discovery,nd__ITovsJg-q5c,Cómo Amarse a uno Mismo y Tener Buena Salud Mental: Hábitos de Vida - Gabriel Rolón,Tengo un Plan,https://www.youtube.com/watch?v=ITovsJg-q5c,208,208,6,159582,C:\Users\bianc\NLP Natural Language Processing\labios-argentos\data_cleaning_clean_v1\video_jobs\video_ITovsJg-q5c__part_001_prompt.md,C:\Users\bianc\NLP Natural Language Processing\labios-argentos\data_cleaning_clean_v1\video_jobs\video_ITovsJg-q5c__part_001_input.jsonl,C:\Users\bianc\NLP Natural Language Processing\labios-argentos\data_cleaning_clean_v1\raw_outputs\video_ITovsJg-q5c__part_001_raw.jsonl,pending,2026-07-08T13:53:31Z,
video_ITovsJg-q5c__part_002,ITovsJg-q5c,ITovsJg-q5c,2,7,part,argentina/new_discovery,nd__ITovsJg-q5c,Cómo Amarse a uno Mismo y Tener Buena Salud Mental: Hábitos de Vida - Gabriel Rolón,Tengo un Plan,https://www.youtube.com/watch?v=ITovsJg-q5c,207,207,6,159978,C:\Users\bianc\NLP Natural Language Processing\labios-argentos\data_cleaning_clean_v1\video_jobs\video_ITovsJg-q5c__part_002_prompt.md,C:\Users\bianc\NLP Natural Language Processing\labios-argentos\data_cleaning_clean_v1\video_jobs\video_ITovsJg-q5c__part_002_input.jsonl,C:\Users\bianc\NLP Natural Language Processing\labios-argentos\data_cleaning_clean_v1\raw_outputs\video_ITovsJg-q5c__part_002_raw.jsonl,pending,2026-07-08T13:53:31Z,
video_ITovsJg-q5c__part_003,ITovsJg-q5c,ITovsJg-q5c,3,7,part,argentina/new_discovery,nd__ITovsJg-q5c,Cómo Amarse a uno Mismo y Tener Buena Salud Mental: Hábitos de Vida - Gabriel Rolón,Tengo un Plan,https://www.youtube.com/watch?v=ITovsJg-q5c,205,205,6,159740,C:\Users\bianc\NLP Natural Language Processing\labios-argentos\data_cleaning_clean_v1\video_jobs\video_ITovsJg-q5c__part_003_prompt.md,C:\Users\bianc\NLP Natural Language Processing\labios-argentos\data_cleaning_clean_v1\video_jobs\video_ITovsJg-q5c__part_003_input.jsonl,C:\Users\bianc\NLP Natural Language Processing\labios-argentos\data_cleaning_clean_v1\raw_outputs\video_ITovsJg-q5c__part_003_raw.jsonl,pending,2026-07-08T13:53:31Z,
video_ITovsJg-q5c__part_004,ITovsJg-q5c,ITovsJg-q5c,4,7,part,argentina/new_discovery,nd__ITovsJg-q5c,Cómo Amarse a uno Mismo y Tener Buena Salud Mental: Hábitos de Vida - Gabriel Rolón,Tengo un Plan,https://www.youtube.com/watch?v=ITovsJg-q5c,208,208,6,159971,C:\Users\bianc\NLP Natural Language Processing\labios-argentos\data_cleaning_clean_v1\video_jobs\video_ITovsJg-q5c__part_004_prompt.md,C:\Users\bianc\NLP Natural Language Processing\labios-argentos\data_cleaning_clean_v1\video_jobs\video_ITovsJg-q5c__part_004_input.jsonl,C:\Users\bianc\NLP Natural Language Processing\labios-argentos\data_cleaning_clean_v1\raw_outputs\video_ITovsJg-q5c__part_004_raw.jsonl,pending,2026-07-08T13:53:31Z,
video_ITovsJg-q5c__part_005,ITovsJg-q5c,ITovsJg-q5c,5,7,part,argentina/new_discovery,nd__ITovsJg-q5c,Cómo Amarse a uno Mismo y Tener Buena Salud Mental: Hábitos de Vida - Gabriel Rolón,Tengo un Plan,https://www.youtube.com/watch?v=ITovsJg-q5c,204,204,6,159876,C:\Users\bianc\NLP Natural Language Processing\labios-argentos\data_cleaning_clean_v1\video_jobs\video_ITovsJg-q5c__part_005_prompt.md,C:\Users\bianc\NLP Natural Language Processing\labios-argentos\data_cleaning_clean_v1\video_jobs\video_ITovsJg-q5c__part_005_input.jsonl,C:\Users\bianc\NLP Natural Language Processing\labios-argentos\data_cleaning_clean_v1\raw_outputs\video_ITovsJg-q5c__part_005_raw.jsonl,pending,2026-07-08T13:53:31Z,
video_ITovsJg-q5c__part_006,ITovsJg-q5c,ITovsJg-q5c,6,7,part,argentina/new_discovery,nd__ITovsJg-q5c,Cómo Amarse a uno Mismo y Tener Buena Salud Mental: Hábitos de Vida - Gabriel Rolón,Tengo un Plan,https://www.youtube.com/watch?v=ITovsJg-q5c,79,79,3,63359,C:\Users\bianc\NLP Natural Language Processing\labios-argentos\data_cleaning_clean_v1\video_jobs\video_ITovsJg-q5c__part_006_prompt.md,C:\Users\bianc\NLP Natural Language Processing\labios-argentos\data_cleaning_clean_v1\video_jobs\video_ITovsJg-q5c__part_006_input.jsonl,C:\Users\bianc\NLP Natural Language Processing\labios-argentos\data_cleaning_clean_v1\raw_outputs\video_ITovsJg-q5c__part_006_raw.jsonl,pending,2026-07-08T13:53:31Z,
video_JixCyhEGE0A__part_000,JixCyhEGE0A,JixCyhEGE0A,0,3,part,argentina/new_discovery,nd__JixCyhEGE0A,Javier Milei en TN I Entrevista completa del 30/06/2024,Todo Noticias,https://www.youtube.com/watch?v=JixCyhEGE0A,187,187,3,159367,C:\Users\bianc\NLP Natural Language Processing\labios-argentos\data_cleaning_clean_v1\video_jobs\video_JixCyhEGE0A__part_000_prompt.md,C:\Users\bianc\NLP Natural Language Processing\labios-argentos\data_cleaning_clean_v1\video_jobs\video_JixCyhEGE0A__part_000_input.jsonl,C:\Users\bianc\NLP Natural Language Processing\labios-argentos\data_cleaning_clean_v1\raw_outputs\video_JixCyhEGE0A__part_000_raw.jsonl,pending,2026-07-08T13:53:31Z,
video_JixCyhEGE0A__part_001,JixCyhEGE0A,JixCyhEGE0A,1,3,part,argentina/new_discovery,nd__JixCyhEGE0A,Javier Milei en TN I Entrevista completa del 30/06/2024,Todo Noticias,https://www.youtube.com/watch?v=JixCyhEGE0A,184,184,6,159910,C:\Users\bianc\NLP Natural Language Processing\labios-argentos\data_cleaning_clean_v1\video_jobs\video_JixCyhEGE0A__part_001_prompt.md,C:\Users\bianc\NLP Natural Language Processing\labios-argentos\data_cleaning_clean_v1\video_jobs\video_JixCyhEGE0A__part_001_input.jsonl,C:\Users\bianc\NLP Natural Language Processing\labios-argentos\data_cleaning_clean_v1\raw_outputs\video_JixCyhEGE0A__part_001_raw.jsonl,pending,2026-07-08T13:53:31Z,
video_JixCyhEGE0A__part_002,JixCyhEGE0A,JixCyhEGE0A,2,3,part,argentina/new_discovery,nd__JixCyhEGE0A,Javier Milei en TN I Entrevista completa del 30/06/2024,Todo Noticias,https://www.youtube.com/watch?v=JixCyhEGE0A,181,181,3,152947,C:\Users\bianc\NLP Natural Language Processing\labios-argentos\data_cleaning_clean_v1\video_jobs\video_JixCyhEGE0A__part_002_prompt.md,C:\Users\bianc\NLP Natural Language Processing\labios-argentos\data_cleaning_clean_v1\video_jobs\video_JixCyhEGE0A__part_002_input.jsonl,C:\Users\bianc\NLP Natural Language Processing\labios-argentos\data_cleaning_clean_v1\raw_outputs\video_JixCyhEGE0A__part_002_raw.jsonl,pending,2026-07-08T13:53:31Z,
video_OrwtPwftIi4__part_000,OrwtPwftIi4,OrwtPwftIi4,0,5,part,argentina/new_discovery,nd__OrwtPwftIi4,🎤 Curso de Oratoria con Daniel Colombo | 100% Práctico,Daniel Colombo,https://www.youtube.com/watch?v=OrwtPwftIi4,215,215,3,159304,C:\Users\bianc\NLP Natural Language Processing\labios-argentos\data_cleaning_clean_v1\video_jobs\video_OrwtPwftIi4__part_000_prompt.md,C:\Users\bianc\NLP Natural Language Processing\labios-argentos\data_cleaning_clean_v1\video_jobs\video_OrwtPwftIi4__part_000_input.jsonl,C:\Users\bianc\NLP Natural Language Processing\labios-argentos\data_cleaning_clean_v1\raw_outputs\video_OrwtPwftIi4__part_000_raw.jsonl,pending,2026-07-08T13:53:31Z,
video_OrwtPwftIi4__part_001,OrwtPwftIi4,OrwtPwftIi4,1,5,part,argentina/new_discovery,nd__OrwtPwftIi4,🎤 Curso de Oratoria con Daniel Colombo | 100% Práctico,Daniel Colombo,https://www.youtube.com/watch?v=OrwtPwftIi4,213,213,6,159423,C:\Users\bianc\NLP Natural Language Processing\labios-argentos\data_cleaning_clean_v1\video_jobs\video_OrwtPwftIi4__part_001_prompt.md,C:\Users\bianc\NLP Natural Language Processing\labios-argentos\data_cleaning_clean_v1\video_jobs\video_OrwtPwftIi4__part_001_input.jsonl,C:\Users\bianc\NLP Natural Language Processing\labios-argentos\data_cleaning_clean_v1\raw_outputs\video_OrwtPwftIi4__part_001_raw.jsonl,pending,2026-07-08T13:53:31Z,
video_OrwtPwftIi4__part_002,OrwtPwftIi4,OrwtPwftIi4,2,5,part,argentina/new_discovery,nd__OrwtPwftIi4,🎤 Curso de Oratoria con Daniel Colombo | 100% Práctico,Daniel Colombo,https://www.youtube.com/watch?v=OrwtPwftIi4,213,213,6,159789,C:\Users\bianc\NLP Natural Language Processing\labios-argentos\data_cleaning_clean_v1\video_jobs\video_OrwtPwftIi4__part_002_prompt.md,C:\Users\bianc\NLP Natural Language Processing\labios-argentos\data_cleaning_clean_v1\video_jobs\video_OrwtPwftIi4__part_002_input.jsonl,C:\Users\bianc\NLP Natural Language Processing\labios-argentos\data_cleaning_clean_v1\raw_outputs\video_OrwtPwftIi4__part_002_raw.jsonl,pending,2026-07-08T13:53:31Z,
video_OrwtPwftIi4__part_003,OrwtPwftIi4,OrwtPwftIi4,3,5,part,argentina/new_discovery,nd__OrwtPwftIi4,🎤 Curso de Oratoria con Daniel Colombo | 100% Práctico,Daniel Colombo,https://www.youtube.com/watch?v=OrwtPwftIi4,209,209,6,159442,C:\Users\bianc\NLP Natural Language Processing\labios-argentos\data_cleaning_clean_v1\video_jobs\video_OrwtPwftIi4__part_003_prompt.md,C:\Users\bianc\NLP Natural Language Processing\labios-argentos\data_cleaning_clean_v1\video_jobs\video_OrwtPwftIi4__part_003_input.jsonl,C:\Users\bianc\NLP Natural Language Processing\labios-argentos\data_cleaning_clean_v1\raw_outputs\video_OrwtPwftIi4__part_003_raw.jsonl,pending,2026-07-08T13:53:31Z,
video_OrwtPwftIi4__part_004,OrwtPwftIi4,OrwtPwftIi4,4,5,part,argentina/new_discovery,nd__OrwtPwftIi4,🎤 Curso de Oratoria con Daniel Colombo | 100% Práctico,Daniel Colombo,https://www.youtube.com/watch?v=OrwtPwftIi4,18,18,3,18434,C:\Users\bianc\NLP Natural Language Processing\labios-argentos\data_cleaning_clean_v1\video_jobs\video_OrwtPwftIi4__part_004_prompt.md,C:\Users\bianc\NLP Natural Language Processing\labios-argentos\data_cleaning_clean_v1\video_jobs\video_OrwtPwftIi4__part_004_input.jsonl,C:\Users\bianc\NLP Natural Language Processing\labios-argentos\data_cleaning_clean_v1\raw_outputs\video_OrwtPwftIi4__part_004_raw.jsonl,pending,2026-07-08T13:53:31Z,
video_PRQEkiIWps0__part_000,PRQEkiIWps0,PRQEkiIWps0,0,2,part,argentina/new_discovery,nd__PRQEkiIWps0,Coscu Mete Un Bombazo Histórico Después De Probar Las Salsas Más Picantes Del Mundo,Terapia Picante,https://www.youtube.com/watch?v=PRQEkiIWps0,201,201,3,159302,C:\Users\bianc\NLP Natural Language Processing\labios-argentos\data_cleaning_clean_v1\video_jobs\video_PRQEkiIWps0__part_000_prompt.md,C:\Users\bianc\NLP Natural Language Processing\labios-argentos\data_cleaning_clean_v1\video_jobs\video_PRQEkiIWps0__part_000_input.jsonl,C:\Users\bianc\NLP Natural Language Processing\labios-argentos\data_cleaning_clean_v1\raw_outputs\video_PRQEkiIWps0__part_000_raw.jsonl,pending,2026-07-08T13:53:31Z,
video_PRQEkiIWps0__part_001,PRQEkiIWps0,PRQEkiIWps0,1,2,part,argentina/new_discovery,nd__PRQEkiIWps0,Coscu Mete Un Bombazo Histórico Después De Probar Las Salsas Más Picantes Del Mundo,Terapia Picante,https://www.youtube.com/watch?v=PRQEkiIWps0,203,203,3,155803,C:\Users\bianc\NLP Natural Language Processing\labios-argentos\data_cleaning_clean_v1\video_jobs\video_PRQEkiIWps0__part_001_prompt.md,C:\Users\bianc\NLP Natural Language Processing\labios-argentos\data_cleaning_clean_v1\video_jobs\video_PRQEkiIWps0__part_001_input.jsonl,C:\Users\bianc\NLP Natural Language Processing\labios-argentos\data_cleaning_clean_v1\raw_outputs\video_PRQEkiIWps0__part_001_raw.jsonl,pending,2026-07-08T13:53:31Z,
video_PyOSsNLEg4I,PyOSsNLEg4I,PyOSsNLEg4I,,1,full,argentina/existing,f01__AN_CDOTA_VIAJE_MUNDIAL_BRASIL_2014_parte_1,ANÉCDOTA VIAJE MUNDIAL BRASIL 2014  parte 1,f01,https://www.youtube.com/watch?v=PyOSsNLEg4I,190,190,0,190578,C:\Users\bianc\NLP Natural Language Processing\labios-argentos\data_cleaning_clean_v1\video_jobs\video_PyOSsNLEg4I_prompt.md,C:\Users\bianc\NLP Natural Language Processing\labios-argentos\data_cleaning_clean_v1\video_jobs\video_PyOSsNLEg4I_input.jsonl,C:\Users\bianc\NLP Natural Language Processing\labios-argentos\data_cleaning_clean_v1\raw_outputs\video_PyOSsNLEg4I_raw.jsonl,pending,2026-07-08T13:53:31Z,
video_R3f0x1IJvhI,R3f0x1IJvhI,R3f0x1IJvhI,,1,full,argentina/new_discovery,nd__R3f0x1IJvhI,"GUILLERMO FRANCELLA, UN LUJO COMO PRIMER INVITADO DE OTRO DÍA PERDIDO || ENTREVISTA COMPLETA",eltrece,https://www.youtube.com/watch?v=R3f0x1IJvhI,284,284,0,209624,C:\Users\bianc\NLP Natural Language Processing\labios-argentos\data_cleaning_clean_v1\video_jobs\video_R3f0x1IJvhI_prompt.md,C:\Users\bianc\NLP Natural Language Processing\labios-argentos\data_cleaning_clean_v1\video_jobs\video_R3f0x1IJvhI_input.jsonl,C:\Users\bianc\NLP Natural Language Processing\labios-argentos\data_cleaning_clean_v1\raw_outputs\video_R3f0x1IJvhI_raw.jsonl,pending,2026-07-08T13:53:31Z,
video_VpCoTQ9073o__part_000,VpCoTQ9073o,VpCoTQ9073o,0,3,part,argentina/existing,f12__GASPI_DAMIAN_KUC_LA_REINI_BOTTERO_EL_MUNDIAL_Y,"GASPI, DAMIAN KUC, LA REINI, BOTTERO, EL MUNDIAL Y",f12,https://www.youtube.com/watch?v=VpCoTQ9073o,154,154,3,159670,C:\Users\bianc\NLP Natural Language Processing\labios-argentos\data_cleaning_clean_v1\video_jobs\video_VpCoTQ9073o__part_000_prompt.md,C:\Users\bianc\NLP Natural Language Processing\labios-argentos\data_cleaning_clean_v1\video_jobs\video_VpCoTQ9073o__part_000_input.jsonl,C:\Users\bianc\NLP Natural Language Processing\labios-argentos\data_cleaning_clean_v1\raw_outputs\video_VpCoTQ9073o__part_000_raw.jsonl,pending,2026-07-08T13:53:31Z,
video_VpCoTQ9073o__part_001,VpCoTQ9073o,VpCoTQ9073o,1,3,part,argentina/existing,f12__GASPI_DAMIAN_KUC_LA_REINI_BOTTERO_EL_MUNDIAL_Y,"GASPI, DAMIAN KUC, LA REINI, BOTTERO, EL MUNDIAL Y",f12,https://www.youtube.com/watch?v=VpCoTQ9073o,154,154,6,159282,C:\Users\bianc\NLP Natural Language Processing\labios-argentos\data_cleaning_clean_v1\video_jobs\video_VpCoTQ9073o__part_001_prompt.md,C:\Users\bianc\NLP Natural Language Processing\labios-argentos\data_cleaning_clean_v1\video_jobs\video_VpCoTQ9073o__part_001_input.jsonl,C:\Users\bianc\NLP Natural Language Processing\labios-argentos\data_cleaning_clean_v1\raw_outputs\video_VpCoTQ9073o__part_001_raw.jsonl,pending,2026-07-08T13:53:31Z,
video_VpCoTQ9073o__part_002,VpCoTQ9073o,VpCoTQ9073o,2,3,part,argentina/existing,f12__GASPI_DAMIAN_KUC_LA_REINI_BOTTERO_EL_MUNDIAL_Y,"GASPI, DAMIAN KUC, LA REINI, BOTTERO, EL MUNDIAL Y",f12,https://www.youtube.com/watch?v=VpCoTQ9073o,9,9,3,14789,C:\Users\bianc\NLP Natural Language Processing\labios-argentos\data_cleaning_clean_v1\video_jobs\video_VpCoTQ9073o__part_002_prompt.md,C:\Users\bianc\NLP Natural Language Processing\labios-argentos\data_cleaning_clean_v1\video_jobs\video_VpCoTQ9073o__part_002_input.jsonl,C:\Users\bianc\NLP Natural Language Processing\labios-argentos\data_cleaning_clean_v1\raw_outputs\video_VpCoTQ9073o__part_002_raw.jsonl,pending,2026-07-08T13:53:31Z,
video_WMk6afYRfKM__part_000,WMk6afYRfKM,WMk6afYRfKM,0,5,part,argentina/new_discovery,nd__WMk6afYRfKM,"Entrevista en “IP Noticias” con Noelia Barral, Romina Calderaro y Nora Veiras - IP - 07/02/2021",Alberto Fernández,https://www.youtube.com/watch?v=WMk6afYRfKM,190,190,3,159374,C:\Users\bianc\NLP Natural Language Processing\labios-argentos\data_cleaning_clean_v1\video_jobs\video_WMk6afYRfKM__part_000_prompt.md,C:\Users\bianc\NLP Natural Language Processing\labios-argentos\data_cleaning_clean_v1\video_jobs\video_WMk6afYRfKM__part_000_input.jsonl,C:\Users\bianc\NLP Natural Language Processing\labios-argentos\data_cleaning_clean_v1\raw_outputs\video_WMk6afYRfKM__part_000_raw.jsonl,pending,2026-07-08T13:53:31Z,
video_WMk6afYRfKM__part_001,WMk6afYRfKM,WMk6afYRfKM,1,5,part,argentina/new_discovery,nd__WMk6afYRfKM,"Entrevista en “IP Noticias” con Noelia Barral, Romina Calderaro y Nora Veiras - IP - 07/02/2021",Alberto Fernández,https://www.youtube.com/watch?v=WMk6afYRfKM,187,187,6,159550,C:\Users\bianc\NLP Natural Language Processing\labios-argentos\data_cleaning_clean_v1\video_jobs\video_WMk6afYRfKM__part_001_prompt.md,C:\Users\bianc\NLP Natural Language Processing\labios-argentos\data_cleaning_clean_v1\video_jobs\video_WMk6afYRfKM__part_001_input.jsonl,C:\Users\bianc\NLP Natural Language Processing\labios-argentos\data_cleaning_clean_v1\raw_outputs\video_WMk6afYRfKM__part_001_raw.jsonl,pending,2026-07-08T13:53:31Z,
video_WMk6afYRfKM__part_002,WMk6afYRfKM,WMk6afYRfKM,2,5,part,argentina/new_discovery,nd__WMk6afYRfKM,"Entrevista en “IP Noticias” con Noelia Barral, Romina Calderaro y Nora Veiras - IP - 07/02/2021",Alberto Fernández,https://www.youtube.com/watch?v=WMk6afYRfKM,190,190,6,159583,C:\Users\bianc\NLP Natural Language Processing\labios-argentos\data_cleaning_clean_v1\video_jobs\video_WMk6afYRfKM__part_002_prompt.md,C:\Users\bianc\NLP Natural Language Processing\labios-argentos\data_cleaning_clean_v1\video_jobs\video_WMk6afYRfKM__part_002_input.jsonl,C:\Users\bianc\NLP Natural Language Processing\labios-argentos\data_cleaning_clean_v1\raw_outputs\video_WMk6afYRfKM__part_002_raw.jsonl,pending,2026-07-08T13:53:31Z,
video_WMk6afYRfKM__part_003,WMk6afYRfKM,WMk6afYRfKM,3,5,part,argentina/new_discovery,nd__WMk6afYRfKM,"Entrevista en “IP Noticias” con Noelia Barral, Romina Calderaro y Nora Veiras - IP - 07/02/2021",Alberto Fernández,https://www.youtube.com/watch?v=WMk6afYRfKM,188,188,6,159190,C:\Users\bianc\NLP Natural Language Processing\labios-argentos\data_cleaning_clean_v1\video_jobs\video_WMk6afYRfKM__part_003_prompt.md,C:\Users\bianc\NLP Natural Language Processing\labios-argentos\data_cleaning_clean_v1\video_jobs\video_WMk6afYRfKM__part_003_input.jsonl,C:\Users\bianc\NLP Natural Language Processing\labios-argentos\data_cleaning_clean_v1\raw_outputs\video_WMk6afYRfKM__part_003_raw.jsonl,pending,2026-07-08T13:53:31Z,
video_WMk6afYRfKM__part_004,WMk6afYRfKM,WMk6afYRfKM,4,5,part,argentina/new_discovery,nd__WMk6afYRfKM,"Entrevista en “IP Noticias” con Noelia Barral, Romina Calderaro y Nora Veiras - IP - 07/02/2021",Alberto Fernández,https://www.youtube.com/watch?v=WMk6afYRfKM,155,155,3,127967,C:\Users\bianc\NLP Natural Language Processing\labios-argentos\data_cleaning_clean_v1\video_jobs\video_WMk6afYRfKM__part_004_prompt.md,C:\Users\bianc\NLP Natural Language Processing\labios-argentos\data_cleaning_clean_v1\video_jobs\video_WMk6afYRfKM__part_004_input.jsonl,C:\Users\bianc\NLP Natural Language Processing\labios-argentos\data_cleaning_clean_v1\raw_outputs\video_WMk6afYRfKM__part_004_raw.jsonl,pending,2026-07-08T13:53:31Z,
video_YYIVFA000BI__part_000,YYIVFA000BI,YYIVFA000BI,0,6,part,argentina/new_discovery,nd__YYIVFA000BI,Pepe Mujica con Jorge Fontevecchia (Entrevista Completa),Perfil,https://www.youtube.com/watch?v=YYIVFA000BI,223,223,3,159793,C:\Users\bianc\NLP Natural Language Processing\labios-argentos\data_cleaning_clean_v1\video_jobs\video_YYIVFA000BI__part_000_prompt.md,C:\Users\bianc\NLP Natural Language Processing\labios-argentos\data_cleaning_clean_v1\video_jobs\video_YYIVFA000BI__part_000_input.jsonl,C:\Users\bianc\NLP Natural Language Processing\labios-argentos\data_cleaning_clean_v1\raw_outputs\video_YYIVFA000BI__part_000_raw.jsonl,pending,2026-07-08T13:53:31Z,
video_YYIVFA000BI__part_001,YYIVFA000BI,YYIVFA000BI,1,6,part,argentina/new_discovery,nd__YYIVFA000BI,Pepe Mujica con Jorge Fontevecchia (Entrevista Completa),Perfil,https://www.youtube.com/watch?v=YYIVFA000BI,228,228,6,159998,C:\Users\bianc\NLP Natural Language Processing\labios-argentos\data_cleaning_clean_v1\video_jobs\video_YYIVFA000BI__part_001_prompt.md,C:\Users\bianc\NLP Natural Language Processing\labios-argentos\data_cleaning_clean_v1\video_jobs\video_YYIVFA000BI__part_001_input.jsonl,C:\Users\bianc\NLP Natural Language Processing\labios-argentos\data_cleaning_clean_v1\raw_outputs\video_YYIVFA000BI__part_001_raw.jsonl,pending,2026-07-08T13:53:31Z,
video_YYIVFA000BI__part_002,YYIVFA000BI,YYIVFA000BI,2,6,part,argentina/new_discovery,nd__YYIVFA000BI,Pepe Mujica con Jorge Fontevecchia (Entrevista Completa),Perfil,https://www.youtube.com/watch?v=YYIVFA000BI,224,224,6,159455,C:\Users\bianc\NLP Natural Language Processing\labios-argentos\data_cleaning_clean_v1\video_jobs\video_YYIVFA000BI__part_002_prompt.md,C:\Users\bianc\NLP Natural Language Processing\labios-argentos\data_cleaning_clean_v1\video_jobs\video_YYIVFA000BI__part_002_input.jsonl,C:\Users\bianc\NLP Natural Language Processing\labios-argentos\data_cleaning_clean_v1\raw_outputs\video_YYIVFA000BI__part_002_raw.jsonl,pending,2026-07-08T13:53:31Z,
video_YYIVFA000BI__part_003,YYIVFA000BI,YYIVFA000BI,3,6,part,argentina/new_discovery,nd__YYIVFA000BI,Pepe Mujica con Jorge Fontevecchia (Entrevista Completa),Perfil,https://www.youtube.com/watch?v=YYIVFA000BI,232,232,6,159830,C:\Users\bianc\NLP Natural Language Processing\labios-argentos\data_cleaning_clean_v1\video_jobs\video_YYIVFA000BI__part_003_prompt.md,C:\Users\bianc\NLP Natural Language Processing\labios-argentos\data_cleaning_clean_v1\video_jobs\video_YYIVFA000BI__part_003_input.jsonl,C:\Users\bianc\NLP Natural Language Processing\labios-argentos\data_cleaning_clean_v1\raw_outputs\video_YYIVFA000BI__part_003_raw.jsonl,pending,2026-07-08T13:53:31Z,
video_YYIVFA000BI__part_004,YYIVFA000BI,YYIVFA000BI,4,6,part,argentina/new_discovery,nd__YYIVFA000BI,Pepe Mujica con Jorge Fontevecchia (Entrevista Completa),Perfil,https://www.youtube.com/watch?v=YYIVFA000BI,225,225,6,159925,C:\Users\bianc\NLP Natural Language Processing\labios-argentos\data_cleaning_clean_v1\video_jobs\video_YYIVFA000BI__part_004_prompt.md,C:\Users\bianc\NLP Natural Language Processing\labios-argentos\data_cleaning_clean_v1\video_jobs\video_YYIVFA000BI__part_004_input.jsonl,C:\Users\bianc\NLP Natural Language Processing\labios-argentos\data_cleaning_clean_v1\raw_outputs\video_YYIVFA000BI__part_004_raw.jsonl,pending,2026-07-08T13:53:31Z,
video_YYIVFA000BI__part_005,YYIVFA000BI,YYIVFA000BI,5,6,part,argentina/new_discovery,nd__YYIVFA000BI,Pepe Mujica con Jorge Fontevecchia (Entrevista Completa),Perfil,https://www.youtube.com/watch?v=YYIVFA000BI,26,26,3,22113,C:\Users\bianc\NLP Natural Language Processing\labios-argentos\data_cleaning_clean_v1\video_jobs\video_YYIVFA000BI__part_005_prompt.md,C:\Users\bianc\NLP Natural Language Processing\labios-argentos\data_cleaning_clean_v1\video_jobs\video_YYIVFA000BI__part_005_input.jsonl,C:\Users\bianc\NLP Natural Language Processing\labios-argentos\data_cleaning_clean_v1\raw_outputs\video_YYIVFA000BI__part_005_raw.jsonl,pending,2026-07-08T13:53:31Z,
video_Z-t-GNlxpYc__part_000,Z-t-GNlxpYc,Z-t-GNlxpYc,0,4,part,argentina/new_discovery,nd__Z-t-GNlxpYc,"Entrevista completa de Javier Milei con Luis Majul: ""Hemos pasado el momento bisagra""",LA NACION,https://www.youtube.com/watch?v=Z-t-GNlxpYc,209,209,3,159962,C:\Users\bianc\NLP Natural Language Processing\labios-argentos\data_cleaning_clean_v1\video_jobs\video_Z-t-GNlxpYc__part_000_prompt.md,C:\Users\bianc\NLP Natural Language Processing\labios-argentos\data_cleaning_clean_v1\video_jobs\video_Z-t-GNlxpYc__part_000_input.jsonl,C:\Users\bianc\NLP Natural Language Processing\labios-argentos\data_cleaning_clean_v1\raw_outputs\video_Z-t-GNlxpYc__part_000_raw.jsonl,pending,2026-07-08T13:53:31Z,
video_Z-t-GNlxpYc__part_001,Z-t-GNlxpYc,Z-t-GNlxpYc,1,4,part,argentina/new_discovery,nd__Z-t-GNlxpYc,"Entrevista completa de Javier Milei con Luis Majul: ""Hemos pasado el momento bisagra""",LA NACION,https://www.youtube.com/watch?v=Z-t-GNlxpYc,204,204,6,159703,C:\Users\bianc\NLP Natural Language Processing\labios-argentos\data_cleaning_clean_v1\video_jobs\video_Z-t-GNlxpYc__part_001_prompt.md,C:\Users\bianc\NLP Natural Language Processing\labios-argentos\data_cleaning_clean_v1\video_jobs\video_Z-t-GNlxpYc__part_001_input.jsonl,C:\Users\bianc\NLP Natural Language Processing\labios-argentos\data_cleaning_clean_v1\raw_outputs\video_Z-t-GNlxpYc__part_001_raw.jsonl,pending,2026-07-08T13:53:31Z,
video_Z-t-GNlxpYc__part_002,Z-t-GNlxpYc,Z-t-GNlxpYc,2,4,part,argentina/new_discovery,nd__Z-t-GNlxpYc,"Entrevista completa de Javier Milei con Luis Majul: ""Hemos pasado el momento bisagra""",LA NACION,https://www.youtube.com/watch?v=Z-t-GNlxpYc,208,208,6,159663,C:\Users\bianc\NLP Natural Language Processing\labios-argentos\data_cleaning_clean_v1\video_jobs\video_Z-t-GNlxpYc__part_002_prompt.md,C:\Users\bianc\NLP Natural Language Processing\labios-argentos\data_cleaning_clean_v1\video_jobs\video_Z-t-GNlxpYc__part_002_input.jsonl,C:\Users\bianc\NLP Natural Language Processing\labios-argentos\data_cleaning_clean_v1\raw_outputs\video_Z-t-GNlxpYc__part_002_raw.jsonl,pending,2026-07-08T13:53:31Z,
video_Z-t-GNlxpYc__part_003,Z-t-GNlxpYc,Z-t-GNlxpYc,3,4,part,argentina/new_discovery,nd__Z-t-GNlxpYc,"Entrevista completa de Javier Milei con Luis Majul: ""Hemos pasado el momento bisagra""",LA NACION,https://www.youtube.com/watch?v=Z-t-GNlxpYc,184,184,3,134199,C:\Users\bianc\NLP Natural Language Processing\labios-argentos\data_cleaning_clean_v1\video_jobs\video_Z-t-GNlxpYc__part_003_prompt.md,C:\Users\bianc\NLP Natural Language Processing\labios-argentos\data_cleaning_clean_v1\video_jobs\video_Z-t-GNlxpYc__part_003_input.jsonl,C:\Users\bianc\NLP Natural Language Processing\labios-argentos\data_cleaning_clean_v1\raw_outputs\video_Z-t-GNlxpYc__part_003_raw.jsonl,pending,2026-07-08T13:53:31Z,
video_eqw0QM4A0oA__part_000,eqw0QM4A0oA,eqw0QM4A0oA,0,4,part,argentina/new_discovery,nd__eqw0QM4A0oA,Taty Almeida | Bios Militantes con Julia Mengolini en #Segurola,Futurock FM,https://www.youtube.com/watch?v=eqw0QM4A0oA,192,192,3,159326,C:\Users\bianc\NLP Natural Language Processing\labios-argentos\data_cleaning_clean_v1\video_jobs\video_eqw0QM4A0oA__part_000_prompt.md,C:\Users\bianc\NLP Natural Language Processing\labios-argentos\data_cleaning_clean_v1\video_jobs\video_eqw0QM4A0oA__part_000_input.jsonl,C:\Users\bianc\NLP Natural Language Processing\labios-argentos\data_cleaning_clean_v1\raw_outputs\video_eqw0QM4A0oA__part_000_raw.jsonl,pending,2026-07-08T13:53:31Z,
video_eqw0QM4A0oA__part_001,eqw0QM4A0oA,eqw0QM4A0oA,1,4,part,argentina/new_discovery,nd__eqw0QM4A0oA,Taty Almeida | Bios Militantes con Julia Mengolini en #Segurola,Futurock FM,https://www.youtube.com/watch?v=eqw0QM4A0oA,188,188,6,159562,C:\Users\bianc\NLP Natural Language Processing\labios-argentos\data_cleaning_clean_v1\video_jobs\video_eqw0QM4A0oA__part_001_prompt.md,C:\Users\bianc\NLP Natural Language Processing\labios-argentos\data_cleaning_clean_v1\video_jobs\video_eqw0QM4A0oA__part_001_input.jsonl,C:\Users\bianc\NLP Natural Language Processing\labios-argentos\data_cleaning_clean_v1\raw_outputs\video_eqw0QM4A0oA__part_001_raw.jsonl,pending,2026-07-08T13:53:31Z,
video_eqw0QM4A0oA__part_002,eqw0QM4A0oA,eqw0QM4A0oA,2,4,part,argentina/new_discovery,nd__eqw0QM4A0oA,Taty Almeida | Bios Militantes con Julia Mengolini en #Segurola,Futurock FM,https://www.youtube.com/watch?v=eqw0QM4A0oA,182,182,6,159366,C:\Users\bianc\NLP Natural Language Processing\labios-argentos\data_cleaning_clean_v1\video_jobs\video_eqw0QM4A0oA__part_002_prompt.md,C:\Users\bianc\NLP Natural Language Processing\labios-argentos\data_cleaning_clean_v1\video_jobs\video_eqw0QM4A0oA__part_002_input.jsonl,C:\Users\bianc\NLP Natural Language Processing\labios-argentos\data_cleaning_clean_v1\raw_outputs\video_eqw0QM4A0oA__part_002_raw.jsonl,pending,2026-07-08T13:53:31Z,
video_eqw0QM4A0oA__part_003,eqw0QM4A0oA,eqw0QM4A0oA,3,4,part,argentina/new_discovery,nd__eqw0QM4A0oA,Taty Almeida | Bios Militantes con Julia Mengolini en #Segurola,Futurock FM,https://www.youtube.com/watch?v=eqw0QM4A0oA,7,7,3,11492,C:\Users\bianc\NLP Natural Language Processing\labios-argentos\data_cleaning_clean_v1\video_jobs\video_eqw0QM4A0oA__part_003_prompt.md,C:\Users\bianc\NLP Natural Language Processing\labios-argentos\data_cleaning_clean_v1\video_jobs\video_eqw0QM4A0oA__part_003_input.jsonl,C:\Users\bianc\NLP Natural Language Processing\labios-argentos\data_cleaning_clean_v1\raw_outputs\video_eqw0QM4A0oA__part_003_raw.jsonl,pending,2026-07-08T13:53:31Z,
video_h3HtBhArO1Q__part_000,h3HtBhArO1Q,h3HtBhArO1Q,0,9,part,argentina/new_discovery,nd__h3HtBhArO1Q,El Método Rebord #56 - Andy Chango,El Método Rebord,https://www.youtube.com/watch?v=h3HtBhArO1Q,195,195,3,159623,C:\Users\bianc\NLP Natural Language Processing\labios-argentos\data_cleaning_clean_v1\video_jobs\video_h3HtBhArO1Q__part_000_prompt.md,C:\Users\bianc\NLP Natural Language Processing\labios-argentos\data_cleaning_clean_v1\video_jobs\video_h3HtBhArO1Q__part_000_input.jsonl,C:\Users\bianc\NLP Natural Language Processing\labios-argentos\data_cleaning_clean_v1\raw_outputs\video_h3HtBhArO1Q__part_000_raw.jsonl,pending,2026-07-08T13:53:31Z,
video_h3HtBhArO1Q__part_001,h3HtBhArO1Q,h3HtBhArO1Q,1,9,part,argentina/new_discovery,nd__h3HtBhArO1Q,El Método Rebord #56 - Andy Chango,El Método Rebord,https://www.youtube.com/watch?v=h3HtBhArO1Q,192,192,6,159638,C:\Users\bianc\NLP Natural Language Processing\labios-argentos\data_cleaning_clean_v1\video_jobs\video_h3HtBhArO1Q__part_001_prompt.md,C:\Users\bianc\NLP Natural Language Processing\labios-argentos\data_cleaning_clean_v1\video_jobs\video_h3HtBhArO1Q__part_001_input.jsonl,C:\Users\bianc\NLP Natural Language Processing\labios-argentos\data_cleaning_clean_v1\raw_outputs\video_h3HtBhArO1Q__part_001_raw.jsonl,pending,2026-07-08T13:53:31Z,
video_h3HtBhArO1Q__part_002,h3HtBhArO1Q,h3HtBhArO1Q,2,9,part,argentina/new_discovery,nd__h3HtBhArO1Q,El Método Rebord #56 - Andy Chango,El Método Rebord,https://www.youtube.com/watch?v=h3HtBhArO1Q,197,197,6,159961,C:\Users\bianc\NLP Natural Language Processing\labios-argentos\data_cleaning_clean_v1\video_jobs\video_h3HtBhArO1Q__part_002_prompt.md,C:\Users\bianc\NLP Natural Language Processing\labios-argentos\data_cleaning_clean_v1\video_jobs\video_h3HtBhArO1Q__part_002_input.jsonl,C:\Users\bianc\NLP Natural Language Processing\labios-argentos\data_cleaning_clean_v1\raw_outputs\video_h3HtBhArO1Q__part_002_raw.jsonl,pending,2026-07-08T13:53:31Z,
video_h3HtBhArO1Q__part_003,h3HtBhArO1Q,h3HtBhArO1Q,3,9,part,argentina/new_discovery,nd__h3HtBhArO1Q,El Método Rebord #56 - Andy Chango,El Método Rebord,https://www.youtube.com/watch?v=h3HtBhArO1Q,198,198,6,159798,C:\Users\bianc\NLP Natural Language Processing\labios-argentos\data_cleaning_clean_v1\video_jobs\video_h3HtBhArO1Q__part_003_prompt.md,C:\Users\bianc\NLP Natural Language Processing\labios-argentos\data_cleaning_clean_v1\video_jobs\video_h3HtBhArO1Q__part_003_input.jsonl,C:\Users\bianc\NLP Natural Language Processing\labios-argentos\data_cleaning_clean_v1\raw_outputs\video_h3HtBhArO1Q__part_003_raw.jsonl,pending,2026-07-08T13:53:31Z,
video_h3HtBhArO1Q__part_004,h3HtBhArO1Q,h3HtBhArO1Q,4,9,part,argentina/new_discovery,nd__h3HtBhArO1Q,El Método Rebord #56 - Andy Chango,El Método Rebord,https://www.youtube.com/watch?v=h3HtBhArO1Q,196,196,6,159867,C:\Users\bianc\NLP Natural Language Processing\labios-argentos\data_cleaning_clean_v1\video_jobs\video_h3HtBhArO1Q__part_004_prompt.md,C:\Users\bianc\NLP Natural Language Processing\labios-argentos\data_cleaning_clean_v1\video_jobs\video_h3HtBhArO1Q__part_004_input.jsonl,C:\Users\bianc\NLP Natural Language Processing\labios-argentos\data_cleaning_clean_v1\raw_outputs\video_h3HtBhArO1Q__part_004_raw.jsonl,pending,2026-07-08T13:53:31Z,
video_h3HtBhArO1Q__part_005,h3HtBhArO1Q,h3HtBhArO1Q,5,9,part,argentina/new_discovery,nd__h3HtBhArO1Q,El Método Rebord #56 - Andy Chango,El Método Rebord,https://www.youtube.com/watch?v=h3HtBhArO1Q,197,197,6,159458,C:\Users\bianc\NLP Natural Language Processing\labios-argentos\data_cleaning_clean_v1\video_jobs\video_h3HtBhArO1Q__part_005_prompt.md,C:\Users\bianc\NLP Natural Language Processing\labios-argentos\data_cleaning_clean_v1\video_jobs\video_h3HtBhArO1Q__part_005_input.jsonl,C:\Users\bianc\NLP Natural Language Processing\labios-argentos\data_cleaning_clean_v1\raw_outputs\video_h3HtBhArO1Q__part_005_raw.jsonl,pending,2026-07-08T13:53:31Z,
video_h3HtBhArO1Q__part_006,h3HtBhArO1Q,h3HtBhArO1Q,6,9,part,argentina/new_discovery,nd__h3HtBhArO1Q,El Método Rebord #56 - Andy Chango,El Método Rebord,https://www.youtube.com/watch?v=h3HtBhArO1Q,197,197,6,159406,C:\Users\bianc\NLP Natural Language Processing\labios-argentos\data_cleaning_clean_v1\video_jobs\video_h3HtBhArO1Q__part_006_prompt.md,C:\Users\bianc\NLP Natural Language Processing\labios-argentos\data_cleaning_clean_v1\video_jobs\video_h3HtBhArO1Q__part_006_input.jsonl,C:\Users\bianc\NLP Natural Language Processing\labios-argentos\data_cleaning_clean_v1\raw_outputs\video_h3HtBhArO1Q__part_006_raw.jsonl,pending,2026-07-08T13:53:31Z,
video_h3HtBhArO1Q__part_007,h3HtBhArO1Q,h3HtBhArO1Q,7,9,part,argentina/new_discovery,nd__h3HtBhArO1Q,El Método Rebord #56 - Andy Chango,El Método Rebord,https://www.youtube.com/watch?v=h3HtBhArO1Q,198,198,6,159676,C:\Users\bianc\NLP Natural Language Processing\labios-argentos\data_cleaning_clean_v1\video_jobs\video_h3HtBhArO1Q__part_007_prompt.md,C:\Users\bianc\NLP Natural Language Processing\labios-argentos\data_cleaning_clean_v1\video_jobs\video_h3HtBhArO1Q__part_007_input.jsonl,C:\Users\bianc\NLP Natural Language Processing\labios-argentos\data_cleaning_clean_v1\raw_outputs\video_h3HtBhArO1Q__part_007_raw.jsonl,pending,2026-07-08T13:53:31Z,
video_h3HtBhArO1Q__part_008,h3HtBhArO1Q,h3HtBhArO1Q,8,9,part,argentina/new_discovery,nd__h3HtBhArO1Q,El Método Rebord #56 - Andy Chango,El Método Rebord,https://www.youtube.com/watch?v=h3HtBhArO1Q,7,7,3,11139,C:\Users\bianc\NLP Natural Language Processing\labios-argentos\data_cleaning_clean_v1\video_jobs\video_h3HtBhArO1Q__part_008_prompt.md,C:\Users\bianc\NLP Natural Language Processing\labios-argentos\data_cleaning_clean_v1\video_jobs\video_h3HtBhArO1Q__part_008_input.jsonl,C:\Users\bianc\NLP Natural Language Processing\labios-argentos\data_cleaning_clean_v1\raw_outputs\video_h3HtBhArO1Q__part_008_raw.jsonl,pending,2026-07-08T13:53:31Z,
video_j4x2GC1Ztro__part_000,j4x2GC1Ztro,j4x2GC1Ztro,0,5,part,argentina/new_discovery,nd__j4x2GC1Ztro,Mario Pergolini y un imperdible mano a mano con Andy Kusnetzoff | #Perros2022 Perros de la Calle,Urbana Play 104.3 FM,https://www.youtube.com/watch?v=j4x2GC1Ztro,195,195,3,159803,C:\Users\bianc\NLP Natural Language Processing\labios-argentos\data_cleaning_clean_v1\video_jobs\video_j4x2GC1Ztro__part_000_prompt.md,C:\Users\bianc\NLP Natural Language Processing\labios-argentos\data_cleaning_clean_v1\video_jobs\video_j4x2GC1Ztro__part_000_input.jsonl,C:\Users\bianc\NLP Natural Language Processing\labios-argentos\data_cleaning_clean_v1\raw_outputs\video_j4x2GC1Ztro__part_000_raw.jsonl,pending,2026-07-08T13:53:31Z,
video_j4x2GC1Ztro__part_001,j4x2GC1Ztro,j4x2GC1Ztro,1,5,part,argentina/new_discovery,nd__j4x2GC1Ztro,Mario Pergolini y un imperdible mano a mano con Andy Kusnetzoff | #Perros2022 Perros de la Calle,Urbana Play 104.3 FM,https://www.youtube.com/watch?v=j4x2GC1Ztro,191,191,6,159854,C:\Users\bianc\NLP Natural Language Processing\labios-argentos\data_cleaning_clean_v1\video_jobs\video_j4x2GC1Ztro__part_001_prompt.md,C:\Users\bianc\NLP Natural Language Processing\labios-argentos\data_cleaning_clean_v1\video_jobs\video_j4x2GC1Ztro__part_001_input.jsonl,C:\Users\bianc\NLP Natural Language Processing\labios-argentos\data_cleaning_clean_v1\raw_outputs\video_j4x2GC1Ztro__part_001_raw.jsonl,pending,2026-07-08T13:53:31Z,
video_j4x2GC1Ztro__part_002,j4x2GC1Ztro,j4x2GC1Ztro,2,5,part,argentina/new_discovery,nd__j4x2GC1Ztro,Mario Pergolini y un imperdible mano a mano con Andy Kusnetzoff | #Perros2022 Perros de la Calle,Urbana Play 104.3 FM,https://www.youtube.com/watch?v=j4x2GC1Ztro,187,187,6,159367,C:\Users\bianc\NLP Natural Language Processing\labios-argentos\data_cleaning_clean_v1\video_jobs\video_j4x2GC1Ztro__part_002_prompt.md,C:\Users\bianc\NLP Natural Language Processing\labios-argentos\data_cleaning_clean_v1\video_jobs\video_j4x2GC1Ztro__part_002_input.jsonl,C:\Users\bianc\NLP Natural Language Processing\labios-argentos\data_cleaning_clean_v1\raw_outputs\video_j4x2GC1Ztro__part_002_raw.jsonl,pending,2026-07-08T13:53:31Z,
video_j4x2GC1Ztro__part_003,j4x2GC1Ztro,j4x2GC1Ztro,3,5,part,argentina/new_discovery,nd__j4x2GC1Ztro,Mario Pergolini y un imperdible mano a mano con Andy Kusnetzoff | #Perros2022 Perros de la Calle,Urbana Play 104.3 FM,https://www.youtube.com/watch?v=j4x2GC1Ztro,192,192,6,159943,C:\Users\bianc\NLP Natural Language Processing\labios-argentos\data_cleaning_clean_v1\video_jobs\video_j4x2GC1Ztro__part_003_prompt.md,C:\Users\bianc\NLP Natural Language Processing\labios-argentos\data_cleaning_clean_v1\video_jobs\video_j4x2GC1Ztro__part_003_input.jsonl,C:\Users\bianc\NLP Natural Language Processing\labios-argentos\data_cleaning_clean_v1\raw_outputs\video_j4x2GC1Ztro__part_003_raw.jsonl,pending,2026-07-08T13:53:31Z,
video_j4x2GC1Ztro__part_004,j4x2GC1Ztro,j4x2GC1Ztro,4,5,part,argentina/new_discovery,nd__j4x2GC1Ztro,Mario Pergolini y un imperdible mano a mano con Andy Kusnetzoff | #Perros2022 Perros de la Calle,Urbana Play 104.3 FM,https://www.youtube.com/watch?v=j4x2GC1Ztro,65,65,3,56123,C:\Users\bianc\NLP Natural Language Processing\labios-argentos\data_cleaning_clean_v1\video_jobs\video_j4x2GC1Ztro__part_004_prompt.md,C:\Users\bianc\NLP Natural Language Processing\labios-argentos\data_cleaning_clean_v1\video_jobs\video_j4x2GC1Ztro__part_004_input.jsonl,C:\Users\bianc\NLP Natural Language Processing\labios-argentos\data_cleaning_clean_v1\raw_outputs\video_j4x2GC1Ztro__part_004_raw.jsonl,pending,2026-07-08T13:53:31Z,
video_jgp8WZvtkWU__part_000,jgp8WZvtkWU,jgp8WZvtkWU,0,5,part,argentina/new_discovery,nd__jgp8WZvtkWU,Martin Menem con Iván Schargrodsky en #OnTheRecord,Cenital,https://www.youtube.com/watch?v=jgp8WZvtkWU,202,202,3,159973,C:\Users\bianc\NLP Natural Language Processing\labios-argentos\data_cleaning_clean_v1\video_jobs\video_jgp8WZvtkWU__part_000_prompt.md,C:\Users\bianc\NLP Natural Language Processing\labios-argentos\data_cleaning_clean_v1\video_jobs\video_jgp8WZvtkWU__part_000_input.jsonl,C:\Users\bianc\NLP Natural Language Processing\labios-argentos\data_cleaning_clean_v1\raw_outputs\video_jgp8WZvtkWU__part_000_raw.jsonl,pending,2026-07-08T13:53:31Z,
video_jgp8WZvtkWU__part_001,jgp8WZvtkWU,jgp8WZvtkWU,1,5,part,argentina/new_discovery,nd__jgp8WZvtkWU,Martin Menem con Iván Schargrodsky en #OnTheRecord,Cenital,https://www.youtube.com/watch?v=jgp8WZvtkWU,197,197,6,159930,C:\Users\bianc\NLP Natural Language Processing\labios-argentos\data_cleaning_clean_v1\video_jobs\video_jgp8WZvtkWU__part_001_prompt.md,C:\Users\bianc\NLP Natural Language Processing\labios-argentos\data_cleaning_clean_v1\video_jobs\video_jgp8WZvtkWU__part_001_input.jsonl,C:\Users\bianc\NLP Natural Language Processing\labios-argentos\data_cleaning_clean_v1\raw_outputs\video_jgp8WZvtkWU__part_001_raw.jsonl,pending,2026-07-08T13:53:31Z,
video_jgp8WZvtkWU__part_002,jgp8WZvtkWU,jgp8WZvtkWU,2,5,part,argentina/new_discovery,nd__jgp8WZvtkWU,Martin Menem con Iván Schargrodsky en #OnTheRecord,Cenital,https://www.youtube.com/watch?v=jgp8WZvtkWU,202,202,6,159749,C:\Users\bianc\NLP Natural Language Processing\labios-argentos\data_cleaning_clean_v1\video_jobs\video_jgp8WZvtkWU__part_002_prompt.md,C:\Users\bianc\NLP Natural Language Processing\labios-argentos\data_cleaning_clean_v1\video_jobs\video_jgp8WZvtkWU__part_002_input.jsonl,C:\Users\bianc\NLP Natural Language Processing\labios-argentos\data_cleaning_clean_v1\raw_outputs\video_jgp8WZvtkWU__part_002_raw.jsonl,pending,2026-07-08T13:53:31Z,
video_jgp8WZvtkWU__part_003,jgp8WZvtkWU,jgp8WZvtkWU,3,5,part,argentina/new_discovery,nd__jgp8WZvtkWU,Martin Menem con Iván Schargrodsky en #OnTheRecord,Cenital,https://www.youtube.com/watch?v=jgp8WZvtkWU,206,206,6,159336,C:\Users\bianc\NLP Natural Language Processing\labios-argentos\data_cleaning_clean_v1\video_jobs\video_jgp8WZvtkWU__part_003_prompt.md,C:\Users\bianc\NLP Natural Language Processing\labios-argentos\data_cleaning_clean_v1\video_jobs\video_jgp8WZvtkWU__part_003_input.jsonl,C:\Users\bianc\NLP Natural Language Processing\labios-argentos\data_cleaning_clean_v1\raw_outputs\video_jgp8WZvtkWU__part_003_raw.jsonl,pending,2026-07-08T13:53:31Z,
video_jgp8WZvtkWU__part_004,jgp8WZvtkWU,jgp8WZvtkWU,4,5,part,argentina/new_discovery,nd__jgp8WZvtkWU,Martin Menem con Iván Schargrodsky en #OnTheRecord,Cenital,https://www.youtube.com/watch?v=jgp8WZvtkWU,92,92,3,73914,C:\Users\bianc\NLP Natural Language Processing\labios-argentos\data_cleaning_clean_v1\video_jobs\video_jgp8WZvtkWU__part_004_prompt.md,C:\Users\bianc\NLP Natural Language Processing\labios-argentos\data_cleaning_clean_v1\video_jobs\video_jgp8WZvtkWU__part_004_input.jsonl,C:\Users\bianc\NLP Natural Language Processing\labios-argentos\data_cleaning_clean_v1\raw_outputs\video_jgp8WZvtkWU__part_004_raw.jsonl,pending,2026-07-08T13:53:31Z,
video_q94HfK07DjI__part_000,q94HfK07DjI,q94HfK07DjI,0,3,part,argentina/new_discovery,nd__q94HfK07DjI,El último reportaje del papa Francisco con Infobae,Infobae,https://www.youtube.com/watch?v=q94HfK07DjI,222,222,3,159916,C:\Users\bianc\NLP Natural Language Processing\labios-argentos\data_cleaning_clean_v1\video_jobs\video_q94HfK07DjI__part_000_prompt.md,C:\Users\bianc\NLP Natural Language Processing\labios-argentos\data_cleaning_clean_v1\video_jobs\video_q94HfK07DjI__part_000_input.jsonl,C:\Users\bianc\NLP Natural Language Processing\labios-argentos\data_cleaning_clean_v1\raw_outputs\video_q94HfK07DjI__part_000_raw.jsonl,pending,2026-07-08T13:53:31Z,
video_q94HfK07DjI__part_001,q94HfK07DjI,q94HfK07DjI,1,3,part,argentina/new_discovery,nd__q94HfK07DjI,El último reportaje del papa Francisco con Infobae,Infobae,https://www.youtube.com/watch?v=q94HfK07DjI,220,220,6,159291,C:\Users\bianc\NLP Natural Language Processing\labios-argentos\data_cleaning_clean_v1\video_jobs\video_q94HfK07DjI__part_001_prompt.md,C:\Users\bianc\NLP Natural Language Processing\labios-argentos\data_cleaning_clean_v1\video_jobs\video_q94HfK07DjI__part_001_input.jsonl,C:\Users\bianc\NLP Natural Language Processing\labios-argentos\data_cleaning_clean_v1\raw_outputs\video_q94HfK07DjI__part_001_raw.jsonl,pending,2026-07-08T13:53:31Z,
video_q94HfK07DjI__part_002,q94HfK07DjI,q94HfK07DjI,2,3,part,argentina/new_discovery,nd__q94HfK07DjI,El último reportaje del papa Francisco con Infobae,Infobae,https://www.youtube.com/watch?v=q94HfK07DjI,10,10,3,12180,C:\Users\bianc\NLP Natural Language Processing\labios-argentos\data_cleaning_clean_v1\video_jobs\video_q94HfK07DjI__part_002_prompt.md,C:\Users\bianc\NLP Natural Language Processing\labios-argentos\data_cleaning_clean_v1\video_jobs\video_q94HfK07DjI__part_002_input.jsonl,C:\Users\bianc\NLP Natural Language Processing\labios-argentos\data_cleaning_clean_v1\raw_outputs\video_q94HfK07DjI__part_002_raw.jsonl,pending,2026-07-08T13:53:31Z,
video_qEKPgqURvo0__part_000,qEKPgqURvo0,qEKPgqURvo0,0,5,part,argentina/new_discovery,nd__qEKPgqURvo0,REBORD - PERETTI | HAY ALGO AHÍ | BLENDER,BLENDER,https://www.youtube.com/watch?v=qEKPgqURvo0,226,226,3,159227,C:\Users\bianc\NLP Natural Language Processing\labios-argentos\data_cleaning_clean_v1\video_jobs\video_qEKPgqURvo0__part_000_prompt.md,C:\Users\bianc\NLP Natural Language Processing\labios-argentos\data_cleaning_clean_v1\video_jobs\video_qEKPgqURvo0__part_000_input.jsonl,C:\Users\bianc\NLP Natural Language Processing\labios-argentos\data_cleaning_clean_v1\raw_outputs\video_qEKPgqURvo0__part_000_raw.jsonl,pending,2026-07-08T13:53:31Z,
video_qEKPgqURvo0__part_001,qEKPgqURvo0,qEKPgqURvo0,1,5,part,argentina/new_discovery,nd__qEKPgqURvo0,REBORD - PERETTI | HAY ALGO AHÍ | BLENDER,BLENDER,https://www.youtube.com/watch?v=qEKPgqURvo0,220,220,6,159907,C:\Users\bianc\NLP Natural Language Processing\labios-argentos\data_cleaning_clean_v1\video_jobs\video_qEKPgqURvo0__part_001_prompt.md,C:\Users\bianc\NLP Natural Language Processing\labios-argentos\data_cleaning_clean_v1\video_jobs\video_qEKPgqURvo0__part_001_input.jsonl,C:\Users\bianc\NLP Natural Language Processing\labios-argentos\data_cleaning_clean_v1\raw_outputs\video_qEKPgqURvo0__part_001_raw.jsonl,pending,2026-07-08T13:53:31Z,
video_qEKPgqURvo0__part_002,qEKPgqURvo0,qEKPgqURvo0,2,5,part,argentina/new_discovery,nd__qEKPgqURvo0,REBORD - PERETTI | HAY ALGO AHÍ | BLENDER,BLENDER,https://www.youtube.com/watch?v=qEKPgqURvo0,218,218,6,159445,C:\Users\bianc\NLP Natural Language Processing\labios-argentos\data_cleaning_clean_v1\video_jobs\video_qEKPgqURvo0__part_002_prompt.md,C:\Users\bianc\NLP Natural Language Processing\labios-argentos\data_cleaning_clean_v1\video_jobs\video_qEKPgqURvo0__part_002_input.jsonl,C:\Users\bianc\NLP Natural Language Processing\labios-argentos\data_cleaning_clean_v1\raw_outputs\video_qEKPgqURvo0__part_002_raw.jsonl,pending,2026-07-08T13:53:31Z,
video_qEKPgqURvo0__part_003,qEKPgqURvo0,qEKPgqURvo0,3,5,part,argentina/new_discovery,nd__qEKPgqURvo0,REBORD - PERETTI | HAY ALGO AHÍ | BLENDER,BLENDER,https://www.youtube.com/watch?v=qEKPgqURvo0,219,219,6,159480,C:\Users\bianc\NLP Natural Language Processing\labios-argentos\data_cleaning_clean_v1\video_jobs\video_qEKPgqURvo0__part_003_prompt.md,C:\Users\bianc\NLP Natural Language Processing\labios-argentos\data_cleaning_clean_v1\video_jobs\video_qEKPgqURvo0__part_003_input.jsonl,C:\Users\bianc\NLP Natural Language Processing\labios-argentos\data_cleaning_clean_v1\raw_outputs\video_qEKPgqURvo0__part_003_raw.jsonl,pending,2026-07-08T13:53:31Z,
video_qEKPgqURvo0__part_004,qEKPgqURvo0,qEKPgqURvo0,4,5,part,argentina/new_discovery,nd__qEKPgqURvo0,REBORD - PERETTI | HAY ALGO AHÍ | BLENDER,BLENDER,https://www.youtube.com/watch?v=qEKPgqURvo0,175,175,3,127506,C:\Users\bianc\NLP Natural Language Processing\labios-argentos\data_cleaning_clean_v1\video_jobs\video_qEKPgqURvo0__part_004_prompt.md,C:\Users\bianc\NLP Natural Language Processing\labios-argentos\data_cleaning_clean_v1\video_jobs\video_qEKPgqURvo0__part_004_input.jsonl,C:\Users\bianc\NLP Natural Language Processing\labios-argentos\data_cleaning_clean_v1\raw_outputs\video_qEKPgqURvo0__part_004_raw.jsonl,pending,2026-07-08T13:53:31Z,
video_sjnH4bTak9s,sjnH4bTak9s,sjnH4bTak9s,,1,full,argentina/new_discovery,nd__sjnH4bTak9s,Obstáculos ideológicos en el empleo,Universidad Torcuato Di Tella,https://www.youtube.com/watch?v=sjnH4bTak9s,236,236,0,199239,C:\Users\bianc\NLP Natural Language Processing\labios-argentos\data_cleaning_clean_v1\video_jobs\video_sjnH4bTak9s_prompt.md,C:\Users\bianc\NLP Natural Language Processing\labios-argentos\data_cleaning_clean_v1\video_jobs\video_sjnH4bTak9s_input.jsonl,C:\Users\bianc\NLP Natural Language Processing\labios-argentos\data_cleaning_clean_v1\raw_outputs\video_sjnH4bTak9s_raw.jsonl,pending,2026-07-08T13:53:31Z,
video_yJxDKBgw5NU,yJxDKBgw5NU,yJxDKBgw5NU,,1,full,argentina/new_discovery,nd__yJxDKBgw5NU,"Santiago Cafiero, mano a mano en TN: ""Es una decisión sanitaria, no política""",Todo Noticias,https://www.youtube.com/watch?v=yJxDKBgw5NU,238,238,0,205106,C:\Users\bianc\NLP Natural Language Processing\labios-argentos\data_cleaning_clean_v1\video_jobs\video_yJxDKBgw5NU_prompt.md,C:\Users\bianc\NLP Natural Language Processing\labios-argentos\data_cleaning_clean_v1\video_jobs\video_yJxDKBgw5NU_input.jsonl,C:\Users\bianc\NLP Natural Language Processing\labios-argentos\data_cleaning_clean_v1\raw_outputs\video_yJxDKBgw5NU_raw.jsonl,pending,2026-07-08T13:53:31Z,
