source_url,title,channel,source_type,expected_accent,expected_speaker_count,notes
https://www.youtube.com/channel/UCLlZfeVVoJLC4u5NOouoJ5Q,En Vilo #115 con Ta'crack,EN VILO,other,unknown,unknown,seed_from_youtube_search
https://www.youtube.com/channel/UCr94O0DXHFDH3k09s1P-xLw,VALE ACEVEDO En La Pileta De Blest - APÓSTROFE LIVE MUSIC SESSIONS,Apóstrofe,other,argentino/rioplatense_probable,unknown,seed_from_youtube_search
https://www.youtube.com/channel/UCTBfxr-ZxHJqjKbC5BCakHQ,La mejor camara para Streaming y podcast || GUIA 2025,Martin De Iuliis,podcast,argentino/rioplatense_probable,1-2,seed_from_youtube_search
https://www.youtube.com/channel/UCCbJg3zeQEMriDk45FQUCAw,La mejor webcam 4k BBB para streaming y creación de contenido? Emeet S600 vs Logitech c920,CaroKokoGG,streamer,unknown,1,seed_from_youtube_search
https://www.youtube.com/channel/UCnhql_o0yJZIClvsTuV_oMQ,Las 5 Mejores Webcams Para Streaming 2026 | Calidad-Precio en Mercado Libre,La Mejor Opción ,streamer,unknown,1,seed_from_youtube_search
https://www.youtube.com/channel/UCBzmoWPpXEGHeKj7TSET4Sg,🔴 Convierte  tu CELULAR en una 📱WEBCAM ► Y envía a OBS Studio 2024,"Luces, Cámara, Aprendo",streamer,unknown,1,seed_from_youtube_search
https://www.youtube.com/channel/UC0DM_mHV2u6dj8ig51GkQwg,"GUILLERMO FRANCELLA, UN LUJO COMO PRIMER INVITADO DE OTRO DÍA PERDIDO || ENTREVISTA COMPLETA",eltrece,interview,argentino/rioplatense_probable,1-2,seed_from_youtube_search
https://www.youtube.com/channel/UChxGASjdNEYHhVKpl667Huw,"Yo, la reina del boliche, por Mauro Szeta - Telefe Noticias",Telefe Noticias,interview,argentino/rioplatense_probable,1-2,seed_from_youtube_search
https://www.youtube.com/channel/UCvCTWHCbBC0b9UIeLeNs8ug,"Mario Pergolini con Pedro Aznar y David Lebón: Entrevista Completa - ""Uno"" | Vorterix",Vorterix,interview,argentino/rioplatense_probable,1-2,seed_from_youtube_search
https://www.youtube.com/channel/UCsT0YIqwnpJCM-mx7-gSA4Q,Hacer visible lo invisible | Elena Santa Cruz | TEDxUBA,TEDx Talks,other,argentino/rioplatense_probable,unknown,seed_from_youtube_search
https://www.youtube.com/channel/UCGxjDWAN1KwrkXYVi8CXtjQ,How to Show Up FIRST on YouTube Search,Think Media,podcast,argentino/rioplatense_probable,1-2,seed_from_youtube_search
https://www.youtube.com/channel/UCPkv1q7NuXBlC8LQQivbo2w,"González y el video viral: ""Jamás me reí de Clorinda""",Noticias Formosa,educational,unknown,1,seed_from_youtube_search
https://www.youtube.com/channel/UCiDf-cmHEkKZ4woo2Ny7JRQ,Entro a supermercados argentinos hablando CHINO (reacciones increíbles),Un Topo por el Mundo,other,argentino/rioplatense_probable,unknown,seed_from_youtube_search
https://www.youtube.com/channel/UCzj1iuImjo-Eb8JMELC1Jwg,“La primera estrella” retrata la hazaña uruguaya que cambió la visión sobre el fútbol rioplatense,En Perspectiva + VIDEO ,podcast,argentino/rioplatense_probable,1-2,seed_from_youtube_search
https://www.youtube.com/channel/UCLH4dyg0-T84kf1le42XyWw,¿Cómo es el ESPAÑOL ARGENTINO FORMAL? - Argento Podcast #44,Spanish with Nico,podcast,argentino/rioplatense_probable,1-2,seed_from_youtube_search
https://www.youtube.com/channel/UCK0mnvDJGSWCaFo2WZqfCrw,"Historia Argentina - Cap 1, 2, 3 y 4",tijobrae2,other,argentino/rioplatense_probable,unknown,seed_from_youtube_search
https://www.youtube.com/channel/UCa1g5mE0dX8gp0wbTfr89eA,Mi Revolución (Cuatro Pesos de Propina) con Karen Medina - Episodio 23,Omitir Intro - Podcast,podcast,unknown,1-2,seed_from_youtube_search
https://www.youtube.com/channel/UC9vs8KujZ2kJ2hbg01fNRVw,Coscu: “Somos pibes que la hicimos solos. No vino ni un empresario ni el más  picante” | Caja Negra,Filo News,interview,argentino/rioplatense_probable,1-2,seed_from_youtube_search
https://www.youtube.com/channel/UCvZ0P9-EmGz6SFUuFiZPXKw,"PREGUNTAS y RESPUESTAS con Nicolás Tagliafico, Leandro Paredes y Lautaro Martínez FT. DAVO y LACOBRA",Coscu,streamer,argentino/rioplatense_probable,1,seed_from_youtube_search
https://www.youtube.com/channel/UClUBHUYaOX3T3QASj_d5KBQ,Coscu Mete Un Bombazo Histórico Después De Probar Las Salsas Más Picantes Del Mundo,Terapia Picante,streamer,argentino/rioplatense_probable,1,seed_from_youtube_search
https://www.youtube.com/channel/UCunKpj3RZOlrp1jpETmScWg,Entrevista con ALBEREE Y GUARI,Martin Cirio,interview,argentino/rioplatense_probable,1-2,seed_from_youtube_search
https://www.youtube.com/channel/UCyWDFBbik9ccegHZ5J-KkhQ,TOMÁS MAZZA (Y ALONSO) Y LA PEOR ENTREVISTA DE SU VIDA - ENTRE DOS SUCULENTAS #29,Matias Bottero,interview,argentino/rioplatense_probable,1-2,seed_from_youtube_search
https://www.youtube.com/channel/UCJFP-5V2-0BFeVmKifG0H_Q,Cómo Amarse a uno Mismo y Tener Buena Salud Mental: Hábitos de Vida - Gabriel Rolón,Tengo un Plan,podcast,argentino/rioplatense_probable,1-2,seed_from_youtube_search
https://www.youtube.com/channel/UCTHaNTsP7hsVgBxARZTuajw,#PLP l ¿NICO NO ENTIENDE A LAS MUJERES? + NO TE OLVIDES DE VOS MISMA,LUZU TV,streamer,argentino/rioplatense_probable,1,seed_from_youtube_search
https://www.youtube.com/channel/UC0CXDIqaBJZH-tongJQOu6g,Salud mental en Argentina | Luciano Grasso | Psicología Al Sur 🔱,NeuroClass,educational,argentino/rioplatense_probable,1,seed_from_youtube_search
https://www.youtube.com/channel/UC5QpydQoyrVsEbtjwSTGuew,🎤 Curso de Oratoria con Daniel Colombo | 100% Práctico,Daniel Colombo,educational,argentino/rioplatense_probable,1,seed_from_youtube_search
https://www.youtube.com/channel/UCI0pkMo-pDjVurZWJQu3bLg,La diferencia entre “Hablar” y “Comunicar” | LA COMUNICACIÓN ASERTIVA | Mario Alonso Puig,Mario Alonso Puig - Oficial,other,unknown,unknown,seed_from_youtube_search
https://www.youtube.com/channel/UCnr16DQxV5TK_zWtImc40Xg,🇦🇷How to speak Argentinian Spanish🇦🇷 (English and Spanish subtitles),Español con Michelle B.,other,argentino/rioplatense_probable,unknown,seed_from_youtube_search
https://www.youtube.com/channel/UCfZK2qHng49plfsClYlDUZQ,INSTRUCCIÓN EN BASE A LAS COMPETENCIAS AERONÁUTICAS,Sociedad Argentina De Aviacion,educational,argentino/rioplatense_probable,1,seed_from_youtube_search
,,unknown,other,unknown,unknown,seed_from_youtube_search
https://www.youtube.com/channel/UCVdl9VhGUWWTuHK3503LyVw,"ANGUSTIAS, VERGÜENZAS y BASURA - Especial de Stand up - Lucas Lauriente",Lucas Lauriente,other,unknown,unknown,seed_from_youtube_search
https://www.youtube.com/channel/UCp0QZt6Un5E8C8sCgCaaG4Q,monologo Julieta Zaballa,mariela bedini,monologue,unknown,1,seed_from_youtube_search
https://www.youtube.com/channel/UCl7BczPQ0VZWveQX32N2UxQ,El histórico monólogo N° 2000 de Tato Bores - Planeta Tato Bores,Planeta Tato Bores,other,argentino/rioplatense_probable,unknown,seed_from_youtube_search
https://www.youtube.com/channel/UCvd-UIc-Rxtubx3uoiYbBGA,El Método Rebord #21 - Mario Pergolini,El Método Rebord,other,argentino/rioplatense_probable,unknown,seed_from_youtube_search
https://www.youtube.com/channel/UCC1kfsMJko54AqxtcFECt-A,Mario Pergolini y un imperdible mano a mano con Andy Kusnetzoff | #Perros2022 Perros de la Calle,Urbana Play 104.3 FM,interview,argentino/rioplatense_probable,1-2,seed_from_youtube_search
https://www.youtube.com/channel/UCMoXshslRbfA7MLTu0dasUA,Marcos Galperin | La vida del emprendedor | Aprender de Grandes #072,Aprender de Grandes,podcast,argentino/rioplatense_probable,1-2,seed_from_youtube_search
https://www.youtube.com/channel/UCb51q4b0kTrr817NWSMaHyw,Triaca y Moroni debatieron en la EEyN-UNSAM sobre el futuro del trabajo en Argentina,Escuela de Economía y Negocios - UNSAM,other,argentino/rioplatense_probable,unknown,seed_from_youtube_search
https://www.youtube.com/channel/UCt1DuTt6cEvUckJD_y3ZZbw,Carlos Pagni en la UNSAM,UNSAM National University of San Martín Argentina,other,argentino/rioplatense_probable,unknown,seed_from_youtube_search
https://www.youtube.com/channel/UC6pJGaMdx5Ter_8zYbLoRgA,LA TRAMPA MORTAL DE BARREDA | CONFESIONES DE BAR con MAURO SZETA #3 | BLENDER,BLENDER,streamer,unknown,1,seed_from_youtube_search
