dataset_group,video_id,clip_id,clip_name,clip_video_path,clip_video_gcs_path,roi_npz_path,roi_npz_gcs_path,roi_mp4_path,roi_mp4_gcs_path,detect_rate,frames,shape,dtype,status,notes
argentina/new_discovery,ITovsJg-q5c,new_discovery::ITovsJg-q5c::clip_0000,clip_0000,C:\Users\bianc\NLP Natural Language Processing\labios-argentos\data_release\work\new_discovery_ingest\ITovsJg-q5c\clips_with_audio\clip_0000.mp4,gs://labios-argentos-vsr-clean-v1/argentina/new_discovery/clips_with_audio/ITovsJg-q5c/clip_0000.mp4,,,,,0.740,0,,,blocked_roi_no_face,mediapipe_detect_rate_below_threshold
argentina/new_discovery,ITovsJg-q5c,new_discovery::ITovsJg-q5c::clip_0001,clip_0001,C:\Users\bianc\NLP Natural Language Processing\labios-argentos\data_release\work\new_discovery_ingest\ITovsJg-q5c\clips_with_audio\clip_0001.mp4,gs://labios-argentos-vsr-clean-v1/argentina/new_discovery/clips_with_audio/ITovsJg-q5c/clip_0001.mp4,,,,,0.613,0,,,blocked_roi_no_face,mediapipe_detect_rate_below_threshold
argentina/new_discovery,ITovsJg-q5c,new_discovery::ITovsJg-q5c::clip_0002,clip_0002,C:\Users\bianc\NLP Natural Language Processing\labios-argentos\data_release\work\new_discovery_ingest\ITovsJg-q5c\clips_with_audio\clip_0002.mp4,gs://labios-argentos-vsr-clean-v1/argentina/new_discovery/clips_with_audio/ITovsJg-q5c/clip_0002.mp4,,,,,0.707,0,,,blocked_roi_no_face,mediapipe_detect_rate_below_threshold
argentina/new_discovery,ITovsJg-q5c,new_discovery::ITovsJg-q5c::clip_0003,clip_0003,C:\Users\bianc\NLP Natural Language Processing\labios-argentos\data_release\work\new_discovery_ingest\ITovsJg-q5c\clips_with_audio\clip_0003.mp4,gs://labios-argentos-vsr-clean-v1/argentina/new_discovery/clips_with_audio/ITovsJg-q5c/clip_0003.mp4,,,,,0.513,0,,,blocked_roi_no_face,mediapipe_detect_rate_below_threshold
argentina/new_discovery,ITovsJg-q5c,new_discovery::ITovsJg-q5c::clip_0004,clip_0004,C:\Users\bianc\NLP Natural Language Processing\labios-argentos\data_release\work\new_discovery_ingest\ITovsJg-q5c\clips_with_audio\clip_0004.mp4,gs://labios-argentos-vsr-clean-v1/argentina/new_discovery/clips_with_audio/ITovsJg-q5c/clip_0004.mp4,,,,,0.073,0,,,blocked_roi_no_face,mediapipe_detect_rate_below_threshold
argentina/new_discovery,ITovsJg-q5c,new_discovery::ITovsJg-q5c::clip_0005,clip_0005,C:\Users\bianc\NLP Natural Language Processing\labios-argentos\data_release\work\new_discovery_ingest\ITovsJg-q5c\clips_with_audio\clip_0005.mp4,gs://labios-argentos-vsr-clean-v1/argentina/new_discovery/clips_with_audio/ITovsJg-q5c/clip_0005.mp4,,,,,0.747,0,,,blocked_roi_no_face,mediapipe_detect_rate_below_threshold
argentina/new_discovery,ITovsJg-q5c,new_discovery::ITovsJg-q5c::clip_0006,clip_0006,C:\Users\bianc\NLP Natural Language Processing\labios-argentos\data_release\work\new_discovery_ingest\ITovsJg-q5c\clips_with_audio\clip_0006.mp4,gs://labios-argentos-vsr-clean-v1/argentina/new_discovery/clips_with_audio/ITovsJg-q5c/clip_0006.mp4,C:\Users\bianc\NLP Natural Language Processing\labios-argentos\data_release\work\new_discovery_rois\ITovsJg-q5c\rois_npz\clip_0006.npz,gs://labios-argentos-vsr-clean-v1/argentina/new_discovery/rois_npz/ITovsJg-q5c/clip_0006.npz,C:\Users\bianc\NLP Natural Language Processing\labios-argentos\data_release\work\new_discovery_rois\ITovsJg-q5c\clips_mp4\clip_0006.mp4,gs://labios-argentos-vsr-clean-v1/argentina/new_discovery/clips_mp4/ITovsJg-q5c/clip_0006.mp4,0.827,150,150x96x96,uint8,completed_roi,
argentina/new_discovery,ITovsJg-q5c,new_discovery::ITovsJg-q5c::clip_0007,clip_0007,C:\Users\bianc\NLP Natural Language Processing\labios-argentos\data_release\work\new_discovery_ingest\ITovsJg-q5c\clips_with_audio\clip_0007.mp4,gs://labios-argentos-vsr-clean-v1/argentina/new_discovery/clips_with_audio/ITovsJg-q5c/clip_0007.mp4,,,,,0.653,0,,,blocked_roi_no_face,mediapipe_detect_rate_below_threshold
argentina/new_discovery,ITovsJg-q5c,new_discovery::ITovsJg-q5c::clip_0008,clip_0008,C:\Users\bianc\NLP Natural Language Processing\labios-argentos\data_release\work\new_discovery_ingest\ITovsJg-q5c\clips_with_audio\clip_0008.mp4,gs://labios-argentos-vsr-clean-v1/argentina/new_discovery/clips_with_audio/ITovsJg-q5c/clip_0008.mp4,,,,,0.527,0,,,blocked_roi_no_face,mediapipe_detect_rate_below_threshold
argentina/new_discovery,ITovsJg-q5c,new_discovery::ITovsJg-q5c::clip_0009,clip_0009,C:\Users\bianc\NLP Natural Language Processing\labios-argentos\data_release\work\new_discovery_ingest\ITovsJg-q5c\clips_with_audio\clip_0009.mp4,gs://labios-argentos-vsr-clean-v1/argentina/new_discovery/clips_with_audio/ITovsJg-q5c/clip_0009.mp4,,,,,0.773,0,,,blocked_roi_no_face,mediapipe_detect_rate_below_threshold
argentina/new_discovery,ITovsJg-q5c,new_discovery::ITovsJg-q5c::clip_0010,clip_0010,C:\Users\bianc\NLP Natural Language Processing\labios-argentos\data_release\work\new_discovery_ingest\ITovsJg-q5c\clips_with_audio\clip_0010.mp4,gs://labios-argentos-vsr-clean-v1/argentina/new_discovery/clips_with_audio/ITovsJg-q5c/clip_0010.mp4,C:\Users\bianc\NLP Natural Language Processing\labios-argentos\data_release\work\new_discovery_rois\ITovsJg-q5c\rois_npz\clip_0010.npz,gs://labios-argentos-vsr-clean-v1/argentina/new_discovery/rois_npz/ITovsJg-q5c/clip_0010.npz,C:\Users\bianc\NLP Natural Language Processing\labios-argentos\data_release\work\new_discovery_rois\ITovsJg-q5c\clips_mp4\clip_0010.mp4,gs://labios-argentos-vsr-clean-v1/argentina/new_discovery/clips_mp4/ITovsJg-q5c/clip_0010.mp4,0.840,150,150x96x96,uint8,completed_roi,
argentina/new_discovery,ITovsJg-q5c,new_discovery::ITovsJg-q5c::clip_0011,clip_0011,C:\Users\bianc\NLP Natural Language Processing\labios-argentos\data_release\work\new_discovery_ingest\ITovsJg-q5c\clips_with_audio\clip_0011.mp4,gs://labios-argentos-vsr-clean-v1/argentina/new_discovery/clips_with_audio/ITovsJg-q5c/clip_0011.mp4,,,,,0.320,0,,,blocked_roi_no_face,mediapipe_detect_rate_below_threshold
argentina/new_discovery,ITovsJg-q5c,new_discovery::ITovsJg-q5c::clip_0012,clip_0012,C:\Users\bianc\NLP Natural Language Processing\labios-argentos\data_release\work\new_discovery_ingest\ITovsJg-q5c\clips_with_audio\clip_0012.mp4,gs://labios-argentos-vsr-clean-v1/argentina/new_discovery/clips_with_audio/ITovsJg-q5c/clip_0012.mp4,C:\Users\bianc\NLP Natural Language Processing\labios-argentos\data_release\work\new_discovery_rois\ITovsJg-q5c\rois_npz\clip_0012.npz,gs://labios-argentos-vsr-clean-v1/argentina/new_discovery/rois_npz/ITovsJg-q5c/clip_0012.npz,C:\Users\bianc\NLP Natural Language Processing\labios-argentos\data_release\work\new_discovery_rois\ITovsJg-q5c\clips_mp4\clip_0012.mp4,gs://labios-argentos-vsr-clean-v1/argentina/new_discovery/clips_mp4/ITovsJg-q5c/clip_0012.mp4,1.000,150,150x96x96,uint8,completed_roi,
argentina/new_discovery,ITovsJg-q5c,new_discovery::ITovsJg-q5c::clip_0013,clip_0013,C:\Users\bianc\NLP Natural Language Processing\labios-argentos\data_release\work\new_discovery_ingest\ITovsJg-q5c\clips_with_audio\clip_0013.mp4,gs://labios-argentos-vsr-clean-v1/argentina/new_discovery/clips_with_audio/ITovsJg-q5c/clip_0013.mp4,C:\Users\bianc\NLP Natural Language Processing\labios-argentos\data_release\work\new_discovery_rois\ITovsJg-q5c\rois_npz\clip_0013.npz,gs://labios-argentos-vsr-clean-v1/argentina/new_discovery/rois_npz/ITovsJg-q5c/clip_0013.npz,C:\Users\bianc\NLP Natural Language Processing\labios-argentos\data_release\work\new_discovery_rois\ITovsJg-q5c\clips_mp4\clip_0013.mp4,gs://labios-argentos-vsr-clean-v1/argentina/new_discovery/clips_mp4/ITovsJg-q5c/clip_0013.mp4,0.980,150,150x96x96,uint8,completed_roi,
argentina/new_discovery,ITovsJg-q5c,new_discovery::ITovsJg-q5c::clip_0014,clip_0014,C:\Users\bianc\NLP Natural Language Processing\labios-argentos\data_release\work\new_discovery_ingest\ITovsJg-q5c\clips_with_audio\clip_0014.mp4,gs://labios-argentos-vsr-clean-v1/argentina/new_discovery/clips_with_audio/ITovsJg-q5c/clip_0014.mp4,C:\Users\bianc\NLP Natural Language Processing\labios-argentos\data_release\work\new_discovery_rois\ITovsJg-q5c\rois_npz\clip_0014.npz,gs://labios-argentos-vsr-clean-v1/argentina/new_discovery/rois_npz/ITovsJg-q5c/clip_0014.npz,C:\Users\bianc\NLP Natural Language Processing\labios-argentos\data_release\work\new_discovery_rois\ITovsJg-q5c\clips_mp4\clip_0014.mp4,gs://labios-argentos-vsr-clean-v1/argentina/new_discovery/clips_mp4/ITovsJg-q5c/clip_0014.mp4,0.833,150,150x96x96,uint8,completed_roi,
argentina/new_discovery,ITovsJg-q5c,new_discovery::ITovsJg-q5c::clip_0015,clip_0015,C:\Users\bianc\NLP Natural Language Processing\labios-argentos\data_release\work\new_discovery_ingest\ITovsJg-q5c\clips_with_audio\clip_0015.mp4,gs://labios-argentos-vsr-clean-v1/argentina/new_discovery/clips_with_audio/ITovsJg-q5c/clip_0015.mp4,,,,,0.747,0,,,blocked_roi_no_face,mediapipe_detect_rate_below_threshold
argentina/new_discovery,ITovsJg-q5c,new_discovery::ITovsJg-q5c::clip_0016,clip_0016,C:\Users\bianc\NLP Natural Language Processing\labios-argentos\data_release\work\new_discovery_ingest\ITovsJg-q5c\clips_with_audio\clip_0016.mp4,gs://labios-argentos-vsr-clean-v1/argentina/new_discovery/clips_with_audio/ITovsJg-q5c/clip_0016.mp4,,,,,0.647,0,,,blocked_roi_no_face,mediapipe_detect_rate_below_threshold
argentina/new_discovery,ITovsJg-q5c,new_discovery::ITovsJg-q5c::clip_0017,clip_0017,C:\Users\bianc\NLP Natural Language Processing\labios-argentos\data_release\work\new_discovery_ingest\ITovsJg-q5c\clips_with_audio\clip_0017.mp4,gs://labios-argentos-vsr-clean-v1/argentina/new_discovery/clips_with_audio/ITovsJg-q5c/clip_0017.mp4,C:\Users\bianc\NLP Natural Language Processing\labios-argentos\data_release\work\new_discovery_rois\ITovsJg-q5c\rois_npz\clip_0017.npz,gs://labios-argentos-vsr-clean-v1/argentina/new_discovery/rois_npz/ITovsJg-q5c/clip_0017.npz,C:\Users\bianc\NLP Natural Language Processing\labios-argentos\data_release\work\new_discovery_rois\ITovsJg-q5c\clips_mp4\clip_0017.mp4,gs://labios-argentos-vsr-clean-v1/argentina/new_discovery/clips_mp4/ITovsJg-q5c/clip_0017.mp4,0.887,150,150x96x96,uint8,completed_roi,
argentina/new_discovery,ITovsJg-q5c,new_discovery::ITovsJg-q5c::clip_0018,clip_0018,C:\Users\bianc\NLP Natural Language Processing\labios-argentos\data_release\work\new_discovery_ingest\ITovsJg-q5c\clips_with_audio\clip_0018.mp4,gs://labios-argentos-vsr-clean-v1/argentina/new_discovery/clips_with_audio/ITovsJg-q5c/clip_0018.mp4,,,,,0.660,0,,,blocked_roi_no_face,mediapipe_detect_rate_below_threshold
argentina/new_discovery,ITovsJg-q5c,new_discovery::ITovsJg-q5c::clip_0019,clip_0019,C:\Users\bianc\NLP Natural Language Processing\labios-argentos\data_release\work\new_discovery_ingest\ITovsJg-q5c\clips_with_audio\clip_0019.mp4,gs://labios-argentos-vsr-clean-v1/argentina/new_discovery/clips_with_audio/ITovsJg-q5c/clip_0019.mp4,,,,,0.607,0,,,blocked_roi_no_face,mediapipe_detect_rate_below_threshold
argentina/new_discovery,ITovsJg-q5c,new_discovery::ITovsJg-q5c::clip_0020,clip_0020,C:\Users\bianc\NLP Natural Language Processing\labios-argentos\data_release\work\new_discovery_ingest\ITovsJg-q5c\clips_with_audio\clip_0020.mp4,gs://labios-argentos-vsr-clean-v1/argentina/new_discovery/clips_with_audio/ITovsJg-q5c/clip_0020.mp4,,,,,0.567,0,,,blocked_roi_no_face,mediapipe_detect_rate_below_threshold
argentina/new_discovery,ITovsJg-q5c,new_discovery::ITovsJg-q5c::clip_0021,clip_0021,C:\Users\bianc\NLP Natural Language Processing\labios-argentos\data_release\work\new_discovery_ingest\ITovsJg-q5c\clips_with_audio\clip_0021.mp4,gs://labios-argentos-vsr-clean-v1/argentina/new_discovery/clips_with_audio/ITovsJg-q5c/clip_0021.mp4,C:\Users\bianc\NLP Natural Language Processing\labios-argentos\data_release\work\new_discovery_rois\ITovsJg-q5c\rois_npz\clip_0021.npz,gs://labios-argentos-vsr-clean-v1/argentina/new_discovery/rois_npz/ITovsJg-q5c/clip_0021.npz,C:\Users\bianc\NLP Natural Language Processing\labios-argentos\data_release\work\new_discovery_rois\ITovsJg-q5c\clips_mp4\clip_0021.mp4,gs://labios-argentos-vsr-clean-v1/argentina/new_discovery/clips_mp4/ITovsJg-q5c/clip_0021.mp4,0.827,150,150x96x96,uint8,completed_roi,
argentina/new_discovery,ITovsJg-q5c,new_discovery::ITovsJg-q5c::clip_0022,clip_0022,C:\Users\bianc\NLP Natural Language Processing\labios-argentos\data_release\work\new_discovery_ingest\ITovsJg-q5c\clips_with_audio\clip_0022.mp4,gs://labios-argentos-vsr-clean-v1/argentina/new_discovery/clips_with_audio/ITovsJg-q5c/clip_0022.mp4,,,,,0.687,0,,,blocked_roi_no_face,mediapipe_detect_rate_below_threshold
argentina/new_discovery,ITovsJg-q5c,new_discovery::ITovsJg-q5c::clip_0023,clip_0023,C:\Users\bianc\NLP Natural Language Processing\labios-argentos\data_release\work\new_discovery_ingest\ITovsJg-q5c\clips_with_audio\clip_0023.mp4,gs://labios-argentos-vsr-clean-v1/argentina/new_discovery/clips_with_audio/ITovsJg-q5c/clip_0023.mp4,,,,,0.787,0,,,blocked_roi_no_face,mediapipe_detect_rate_below_threshold
argentina/new_discovery,ITovsJg-q5c,new_discovery::ITovsJg-q5c::clip_0024,clip_0024,C:\Users\bianc\NLP Natural Language Processing\labios-argentos\data_release\work\new_discovery_ingest\ITovsJg-q5c\clips_with_audio\clip_0024.mp4,gs://labios-argentos-vsr-clean-v1/argentina/new_discovery/clips_with_audio/ITovsJg-q5c/clip_0024.mp4,,,,,0.567,0,,,blocked_roi_no_face,mediapipe_detect_rate_below_threshold
argentina/new_discovery,ITovsJg-q5c,new_discovery::ITovsJg-q5c::clip_0025,clip_0025,C:\Users\bianc\NLP Natural Language Processing\labios-argentos\data_release\work\new_discovery_ingest\ITovsJg-q5c\clips_with_audio\clip_0025.mp4,gs://labios-argentos-vsr-clean-v1/argentina/new_discovery/clips_with_audio/ITovsJg-q5c/clip_0025.mp4,C:\Users\bianc\NLP Natural Language Processing\labios-argentos\data_release\work\new_discovery_rois\ITovsJg-q5c\rois_npz\clip_0025.npz,gs://labios-argentos-vsr-clean-v1/argentina/new_discovery/rois_npz/ITovsJg-q5c/clip_0025.npz,C:\Users\bianc\NLP Natural Language Processing\labios-argentos\data_release\work\new_discovery_rois\ITovsJg-q5c\clips_mp4\clip_0025.mp4,gs://labios-argentos-vsr-clean-v1/argentina/new_discovery/clips_mp4/ITovsJg-q5c/clip_0025.mp4,0.913,150,150x96x96,uint8,completed_roi,
argentina/new_discovery,ITovsJg-q5c,new_discovery::ITovsJg-q5c::clip_0026,clip_0026,C:\Users\bianc\NLP Natural Language Processing\labios-argentos\data_release\work\new_discovery_ingest\ITovsJg-q5c\clips_with_audio\clip_0026.mp4,gs://labios-argentos-vsr-clean-v1/argentina/new_discovery/clips_with_audio/ITovsJg-q5c/clip_0026.mp4,,,,,0.773,0,,,blocked_roi_no_face,mediapipe_detect_rate_below_threshold
argentina/new_discovery,ITovsJg-q5c,new_discovery::ITovsJg-q5c::clip_0027,clip_0027,C:\Users\bianc\NLP Natural Language Processing\labios-argentos\data_release\work\new_discovery_ingest\ITovsJg-q5c\clips_with_audio\clip_0027.mp4,gs://labios-argentos-vsr-clean-v1/argentina/new_discovery/clips_with_audio/ITovsJg-q5c/clip_0027.mp4,,,,,0.467,0,,,blocked_roi_no_face,mediapipe_detect_rate_below_threshold
argentina/new_discovery,ITovsJg-q5c,new_discovery::ITovsJg-q5c::clip_0028,clip_0028,C:\Users\bianc\NLP Natural Language Processing\labios-argentos\data_release\work\new_discovery_ingest\ITovsJg-q5c\clips_with_audio\clip_0028.mp4,gs://labios-argentos-vsr-clean-v1/argentina/new_discovery/clips_with_audio/ITovsJg-q5c/clip_0028.mp4,,,,,0.320,0,,,blocked_roi_no_face,mediapipe_detect_rate_below_threshold
argentina/new_discovery,ITovsJg-q5c,new_discovery::ITovsJg-q5c::clip_0029,clip_0029,C:\Users\bianc\NLP Natural Language Processing\labios-argentos\data_release\work\new_discovery_ingest\ITovsJg-q5c\clips_with_audio\clip_0029.mp4,gs://labios-argentos-vsr-clean-v1/argentina/new_discovery/clips_with_audio/ITovsJg-q5c/clip_0029.mp4,C:\Users\bianc\NLP Natural Language Processing\labios-argentos\data_release\work\new_discovery_rois\ITovsJg-q5c\rois_npz\clip_0029.npz,gs://labios-argentos-vsr-clean-v1/argentina/new_discovery/rois_npz/ITovsJg-q5c/clip_0029.npz,C:\Users\bianc\NLP Natural Language Processing\labios-argentos\data_release\work\new_discovery_rois\ITovsJg-q5c\clips_mp4\clip_0029.mp4,gs://labios-argentos-vsr-clean-v1/argentina/new_discovery/clips_mp4/ITovsJg-q5c/clip_0029.mp4,0.993,150,150x96x96,uint8,completed_roi,
argentina/new_discovery,ITovsJg-q5c,new_discovery::ITovsJg-q5c::clip_0030,clip_0030,C:\Users\bianc\NLP Natural Language Processing\labios-argentos\data_release\work\new_discovery_ingest\ITovsJg-q5c\clips_with_audio\clip_0030.mp4,gs://labios-argentos-vsr-clean-v1/argentina/new_discovery/clips_with_audio/ITovsJg-q5c/clip_0030.mp4,C:\Users\bianc\NLP Natural Language Processing\labios-argentos\data_release\work\new_discovery_rois\ITovsJg-q5c\rois_npz\clip_0030.npz,gs://labios-argentos-vsr-clean-v1/argentina/new_discovery/rois_npz/ITovsJg-q5c/clip_0030.npz,C:\Users\bianc\NLP Natural Language Processing\labios-argentos\data_release\work\new_discovery_rois\ITovsJg-q5c\clips_mp4\clip_0030.mp4,gs://labios-argentos-vsr-clean-v1/argentina/new_discovery/clips_mp4/ITovsJg-q5c/clip_0030.mp4,0.893,150,150x96x96,uint8,completed_roi,
argentina/new_discovery,ITovsJg-q5c,new_discovery::ITovsJg-q5c::clip_0031,clip_0031,C:\Users\bianc\NLP Natural Language Processing\labios-argentos\data_release\work\new_discovery_ingest\ITovsJg-q5c\clips_with_audio\clip_0031.mp4,gs://labios-argentos-vsr-clean-v1/argentina/new_discovery/clips_with_audio/ITovsJg-q5c/clip_0031.mp4,C:\Users\bianc\NLP Natural Language Processing\labios-argentos\data_release\work\new_discovery_rois\ITovsJg-q5c\rois_npz\clip_0031.npz,gs://labios-argentos-vsr-clean-v1/argentina/new_discovery/rois_npz/ITovsJg-q5c/clip_0031.npz,C:\Users\bianc\NLP Natural Language Processing\labios-argentos\data_release\work\new_discovery_rois\ITovsJg-q5c\clips_mp4\clip_0031.mp4,gs://labios-argentos-vsr-clean-v1/argentina/new_discovery/clips_mp4/ITovsJg-q5c/clip_0031.mp4,0.993,150,150x96x96,uint8,completed_roi,
argentina/new_discovery,ITovsJg-q5c,new_discovery::ITovsJg-q5c::clip_0032,clip_0032,C:\Users\bianc\NLP Natural Language Processing\labios-argentos\data_release\work\new_discovery_ingest\ITovsJg-q5c\clips_with_audio\clip_0032.mp4,gs://labios-argentos-vsr-clean-v1/argentina/new_discovery/clips_with_audio/ITovsJg-q5c/clip_0032.mp4,C:\Users\bianc\NLP Natural Language Processing\labios-argentos\data_release\work\new_discovery_rois\ITovsJg-q5c\rois_npz\clip_0032.npz,gs://labios-argentos-vsr-clean-v1/argentina/new_discovery/rois_npz/ITovsJg-q5c/clip_0032.npz,C:\Users\bianc\NLP Natural Language Processing\labios-argentos\data_release\work\new_discovery_rois\ITovsJg-q5c\clips_mp4\clip_0032.mp4,gs://labios-argentos-vsr-clean-v1/argentina/new_discovery/clips_mp4/ITovsJg-q5c/clip_0032.mp4,1.000,150,150x96x96,uint8,completed_roi,
argentina/new_discovery,ITovsJg-q5c,new_discovery::ITovsJg-q5c::clip_0033,clip_0033,C:\Users\bianc\NLP Natural Language Processing\labios-argentos\data_release\work\new_discovery_ingest\ITovsJg-q5c\clips_with_audio\clip_0033.mp4,gs://labios-argentos-vsr-clean-v1/argentina/new_discovery/clips_with_audio/ITovsJg-q5c/clip_0033.mp4,C:\Users\bianc\NLP Natural Language Processing\labios-argentos\data_release\work\new_discovery_rois\ITovsJg-q5c\rois_npz\clip_0033.npz,gs://labios-argentos-vsr-clean-v1/argentina/new_discovery/rois_npz/ITovsJg-q5c/clip_0033.npz,C:\Users\bianc\NLP Natural Language Processing\labios-argentos\data_release\work\new_discovery_rois\ITovsJg-q5c\clips_mp4\clip_0033.mp4,gs://labios-argentos-vsr-clean-v1/argentina/new_discovery/clips_mp4/ITovsJg-q5c/clip_0033.mp4,0.993,150,150x96x96,uint8,completed_roi,
argentina/new_discovery,ITovsJg-q5c,new_discovery::ITovsJg-q5c::clip_0034,clip_0034,C:\Users\bianc\NLP Natural Language Processing\labios-argentos\data_release\work\new_discovery_ingest\ITovsJg-q5c\clips_with_audio\clip_0034.mp4,gs://labios-argentos-vsr-clean-v1/argentina/new_discovery/clips_with_audio/ITovsJg-q5c/clip_0034.mp4,C:\Users\bianc\NLP Natural Language Processing\labios-argentos\data_release\work\new_discovery_rois\ITovsJg-q5c\rois_npz\clip_0034.npz,gs://labios-argentos-vsr-clean-v1/argentina/new_discovery/rois_npz/ITovsJg-q5c/clip_0034.npz,C:\Users\bianc\NLP Natural Language Processing\labios-argentos\data_release\work\new_discovery_rois\ITovsJg-q5c\clips_mp4\clip_0034.mp4,gs://labios-argentos-vsr-clean-v1/argentina/new_discovery/clips_mp4/ITovsJg-q5c/clip_0034.mp4,0.927,150,150x96x96,uint8,completed_roi,
argentina/new_discovery,ITovsJg-q5c,new_discovery::ITovsJg-q5c::clip_0035,clip_0035,C:\Users\bianc\NLP Natural Language Processing\labios-argentos\data_release\work\new_discovery_ingest\ITovsJg-q5c\clips_with_audio\clip_0035.mp4,gs://labios-argentos-vsr-clean-v1/argentina/new_discovery/clips_with_audio/ITovsJg-q5c/clip_0035.mp4,C:\Users\bianc\NLP Natural Language Processing\labios-argentos\data_release\work\new_discovery_rois\ITovsJg-q5c\rois_npz\clip_0035.npz,gs://labios-argentos-vsr-clean-v1/argentina/new_discovery/rois_npz/ITovsJg-q5c/clip_0035.npz,C:\Users\bianc\NLP Natural Language Processing\labios-argentos\data_release\work\new_discovery_rois\ITovsJg-q5c\clips_mp4\clip_0035.mp4,gs://labios-argentos-vsr-clean-v1/argentina/new_discovery/clips_mp4/ITovsJg-q5c/clip_0035.mp4,1.000,150,150x96x96,uint8,completed_roi,
argentina/new_discovery,ITovsJg-q5c,new_discovery::ITovsJg-q5c::clip_0036,clip_0036,C:\Users\bianc\NLP Natural Language Processing\labios-argentos\data_release\work\new_discovery_ingest\ITovsJg-q5c\clips_with_audio\clip_0036.mp4,gs://labios-argentos-vsr-clean-v1/argentina/new_discovery/clips_with_audio/ITovsJg-q5c/clip_0036.mp4,C:\Users\bianc\NLP Natural Language Processing\labios-argentos\data_release\work\new_discovery_rois\ITovsJg-q5c\rois_npz\clip_0036.npz,gs://labios-argentos-vsr-clean-v1/argentina/new_discovery/rois_npz/ITovsJg-q5c/clip_0036.npz,C:\Users\bianc\NLP Natural Language Processing\labios-argentos\data_release\work\new_discovery_rois\ITovsJg-q5c\clips_mp4\clip_0036.mp4,gs://labios-argentos-vsr-clean-v1/argentina/new_discovery/clips_mp4/ITovsJg-q5c/clip_0036.mp4,1.000,150,150x96x96,uint8,completed_roi,
argentina/new_discovery,ITovsJg-q5c,new_discovery::ITovsJg-q5c::clip_0037,clip_0037,C:\Users\bianc\NLP Natural Language Processing\labios-argentos\data_release\work\new_discovery_ingest\ITovsJg-q5c\clips_with_audio\clip_0037.mp4,gs://labios-argentos-vsr-clean-v1/argentina/new_discovery/clips_with_audio/ITovsJg-q5c/clip_0037.mp4,C:\Users\bianc\NLP Natural Language Processing\labios-argentos\data_release\work\new_discovery_rois\ITovsJg-q5c\rois_npz\clip_0037.npz,gs://labios-argentos-vsr-clean-v1/argentina/new_discovery/rois_npz/ITovsJg-q5c/clip_0037.npz,C:\Users\bianc\NLP Natural Language Processing\labios-argentos\data_release\work\new_discovery_rois\ITovsJg-q5c\clips_mp4\clip_0037.mp4,gs://labios-argentos-vsr-clean-v1/argentina/new_discovery/clips_mp4/ITovsJg-q5c/clip_0037.mp4,1.000,150,150x96x96,uint8,completed_roi,
argentina/new_discovery,ITovsJg-q5c,new_discovery::ITovsJg-q5c::clip_0038,clip_0038,C:\Users\bianc\NLP Natural Language Processing\labios-argentos\data_release\work\new_discovery_ingest\ITovsJg-q5c\clips_with_audio\clip_0038.mp4,gs://labios-argentos-vsr-clean-v1/argentina/new_discovery/clips_with_audio/ITovsJg-q5c/clip_0038.mp4,C:\Users\bianc\NLP Natural Language Processing\labios-argentos\data_release\work\new_discovery_rois\ITovsJg-q5c\rois_npz\clip_0038.npz,gs://labios-argentos-vsr-clean-v1/argentina/new_discovery/rois_npz/ITovsJg-q5c/clip_0038.npz,C:\Users\bianc\NLP Natural Language Processing\labios-argentos\data_release\work\new_discovery_rois\ITovsJg-q5c\clips_mp4\clip_0038.mp4,gs://labios-argentos-vsr-clean-v1/argentina/new_discovery/clips_mp4/ITovsJg-q5c/clip_0038.mp4,1.000,150,150x96x96,uint8,completed_roi,
argentina/new_discovery,ITovsJg-q5c,new_discovery::ITovsJg-q5c::clip_0039,clip_0039,C:\Users\bianc\NLP Natural Language Processing\labios-argentos\data_release\work\new_discovery_ingest\ITovsJg-q5c\clips_with_audio\clip_0039.mp4,gs://labios-argentos-vsr-clean-v1/argentina/new_discovery/clips_with_audio/ITovsJg-q5c/clip_0039.mp4,C:\Users\bianc\NLP Natural Language Processing\labios-argentos\data_release\work\new_discovery_rois\ITovsJg-q5c\rois_npz\clip_0039.npz,gs://labios-argentos-vsr-clean-v1/argentina/new_discovery/rois_npz/ITovsJg-q5c/clip_0039.npz,C:\Users\bianc\NLP Natural Language Processing\labios-argentos\data_release\work\new_discovery_rois\ITovsJg-q5c\clips_mp4\clip_0039.mp4,gs://labios-argentos-vsr-clean-v1/argentina/new_discovery/clips_mp4/ITovsJg-q5c/clip_0039.mp4,1.000,150,150x96x96,uint8,completed_roi,
argentina/new_discovery,ITovsJg-q5c,new_discovery::ITovsJg-q5c::clip_0040,clip_0040,C:\Users\bianc\NLP Natural Language Processing\labios-argentos\data_release\work\new_discovery_ingest\ITovsJg-q5c\clips_with_audio\clip_0040.mp4,gs://labios-argentos-vsr-clean-v1/argentina/new_discovery/clips_with_audio/ITovsJg-q5c/clip_0040.mp4,C:\Users\bianc\NLP Natural Language Processing\labios-argentos\data_release\work\new_discovery_rois\ITovsJg-q5c\rois_npz\clip_0040.npz,gs://labios-argentos-vsr-clean-v1/argentina/new_discovery/rois_npz/ITovsJg-q5c/clip_0040.npz,C:\Users\bianc\NLP Natural Language Processing\labios-argentos\data_release\work\new_discovery_rois\ITovsJg-q5c\clips_mp4\clip_0040.mp4,gs://labios-argentos-vsr-clean-v1/argentina/new_discovery/clips_mp4/ITovsJg-q5c/clip_0040.mp4,1.000,150,150x96x96,uint8,completed_roi,
argentina/new_discovery,ITovsJg-q5c,new_discovery::ITovsJg-q5c::clip_0041,clip_0041,C:\Users\bianc\NLP Natural Language Processing\labios-argentos\data_release\work\new_discovery_ingest\ITovsJg-q5c\clips_with_audio\clip_0041.mp4,gs://labios-argentos-vsr-clean-v1/argentina/new_discovery/clips_with_audio/ITovsJg-q5c/clip_0041.mp4,C:\Users\bianc\NLP Natural Language Processing\labios-argentos\data_release\work\new_discovery_rois\ITovsJg-q5c\rois_npz\clip_0041.npz,gs://labios-argentos-vsr-clean-v1/argentina/new_discovery/rois_npz/ITovsJg-q5c/clip_0041.npz,C:\Users\bianc\NLP Natural Language Processing\labios-argentos\data_release\work\new_discovery_rois\ITovsJg-q5c\clips_mp4\clip_0041.mp4,gs://labios-argentos-vsr-clean-v1/argentina/new_discovery/clips_mp4/ITovsJg-q5c/clip_0041.mp4,0.953,150,150x96x96,uint8,completed_roi,
argentina/new_discovery,ITovsJg-q5c,new_discovery::ITovsJg-q5c::clip_0042,clip_0042,C:\Users\bianc\NLP Natural Language Processing\labios-argentos\data_release\work\new_discovery_ingest\ITovsJg-q5c\clips_with_audio\clip_0042.mp4,gs://labios-argentos-vsr-clean-v1/argentina/new_discovery/clips_with_audio/ITovsJg-q5c/clip_0042.mp4,C:\Users\bianc\NLP Natural Language Processing\labios-argentos\data_release\work\new_discovery_rois\ITovsJg-q5c\rois_npz\clip_0042.npz,gs://labios-argentos-vsr-clean-v1/argentina/new_discovery/rois_npz/ITovsJg-q5c/clip_0042.npz,C:\Users\bianc\NLP Natural Language Processing\labios-argentos\data_release\work\new_discovery_rois\ITovsJg-q5c\clips_mp4\clip_0042.mp4,gs://labios-argentos-vsr-clean-v1/argentina/new_discovery/clips_mp4/ITovsJg-q5c/clip_0042.mp4,0.947,150,150x96x96,uint8,completed_roi,
argentina/new_discovery,ITovsJg-q5c,new_discovery::ITovsJg-q5c::clip_0043,clip_0043,C:\Users\bianc\NLP Natural Language Processing\labios-argentos\data_release\work\new_discovery_ingest\ITovsJg-q5c\clips_with_audio\clip_0043.mp4,gs://labios-argentos-vsr-clean-v1/argentina/new_discovery/clips_with_audio/ITovsJg-q5c/clip_0043.mp4,C:\Users\bianc\NLP Natural Language Processing\labios-argentos\data_release\work\new_discovery_rois\ITovsJg-q5c\rois_npz\clip_0043.npz,gs://labios-argentos-vsr-clean-v1/argentina/new_discovery/rois_npz/ITovsJg-q5c/clip_0043.npz,C:\Users\bianc\NLP Natural Language Processing\labios-argentos\data_release\work\new_discovery_rois\ITovsJg-q5c\clips_mp4\clip_0043.mp4,gs://labios-argentos-vsr-clean-v1/argentina/new_discovery/clips_mp4/ITovsJg-q5c/clip_0043.mp4,1.000,150,150x96x96,uint8,completed_roi,
argentina/new_discovery,ITovsJg-q5c,new_discovery::ITovsJg-q5c::clip_0044,clip_0044,C:\Users\bianc\NLP Natural Language Processing\labios-argentos\data_release\work\new_discovery_ingest\ITovsJg-q5c\clips_with_audio\clip_0044.mp4,gs://labios-argentos-vsr-clean-v1/argentina/new_discovery/clips_with_audio/ITovsJg-q5c/clip_0044.mp4,C:\Users\bianc\NLP Natural Language Processing\labios-argentos\data_release\work\new_discovery_rois\ITovsJg-q5c\rois_npz\clip_0044.npz,gs://labios-argentos-vsr-clean-v1/argentina/new_discovery/rois_npz/ITovsJg-q5c/clip_0044.npz,C:\Users\bianc\NLP Natural Language Processing\labios-argentos\data_release\work\new_discovery_rois\ITovsJg-q5c\clips_mp4\clip_0044.mp4,gs://labios-argentos-vsr-clean-v1/argentina/new_discovery/clips_mp4/ITovsJg-q5c/clip_0044.mp4,1.000,150,150x96x96,uint8,completed_roi,
argentina/new_discovery,ITovsJg-q5c,new_discovery::ITovsJg-q5c::clip_0045,clip_0045,C:\Users\bianc\NLP Natural Language Processing\labios-argentos\data_release\work\new_discovery_ingest\ITovsJg-q5c\clips_with_audio\clip_0045.mp4,gs://labios-argentos-vsr-clean-v1/argentina/new_discovery/clips_with_audio/ITovsJg-q5c/clip_0045.mp4,C:\Users\bianc\NLP Natural Language Processing\labios-argentos\data_release\work\new_discovery_rois\ITovsJg-q5c\rois_npz\clip_0045.npz,gs://labios-argentos-vsr-clean-v1/argentina/new_discovery/rois_npz/ITovsJg-q5c/clip_0045.npz,C:\Users\bianc\NLP Natural Language Processing\labios-argentos\data_release\work\new_discovery_rois\ITovsJg-q5c\clips_mp4\clip_0045.mp4,gs://labios-argentos-vsr-clean-v1/argentina/new_discovery/clips_mp4/ITovsJg-q5c/clip_0045.mp4,1.000,150,150x96x96,uint8,completed_roi,
argentina/new_discovery,ITovsJg-q5c,new_discovery::ITovsJg-q5c::clip_0046,clip_0046,C:\Users\bianc\NLP Natural Language Processing\labios-argentos\data_release\work\new_discovery_ingest\ITovsJg-q5c\clips_with_audio\clip_0046.mp4,gs://labios-argentos-vsr-clean-v1/argentina/new_discovery/clips_with_audio/ITovsJg-q5c/clip_0046.mp4,C:\Users\bianc\NLP Natural Language Processing\labios-argentos\data_release\work\new_discovery_rois\ITovsJg-q5c\rois_npz\clip_0046.npz,gs://labios-argentos-vsr-clean-v1/argentina/new_discovery/rois_npz/ITovsJg-q5c/clip_0046.npz,C:\Users\bianc\NLP Natural Language Processing\labios-argentos\data_release\work\new_discovery_rois\ITovsJg-q5c\clips_mp4\clip_0046.mp4,gs://labios-argentos-vsr-clean-v1/argentina/new_discovery/clips_mp4/ITovsJg-q5c/clip_0046.mp4,1.000,150,150x96x96,uint8,completed_roi,
argentina/new_discovery,ITovsJg-q5c,new_discovery::ITovsJg-q5c::clip_0047,clip_0047,C:\Users\bianc\NLP Natural Language Processing\labios-argentos\data_release\work\new_discovery_ingest\ITovsJg-q5c\clips_with_audio\clip_0047.mp4,gs://labios-argentos-vsr-clean-v1/argentina/new_discovery/clips_with_audio/ITovsJg-q5c/clip_0047.mp4,C:\Users\bianc\NLP Natural Language Processing\labios-argentos\data_release\work\new_discovery_rois\ITovsJg-q5c\rois_npz\clip_0047.npz,gs://labios-argentos-vsr-clean-v1/argentina/new_discovery/rois_npz/ITovsJg-q5c/clip_0047.npz,C:\Users\bianc\NLP Natural Language Processing\labios-argentos\data_release\work\new_discovery_rois\ITovsJg-q5c\clips_mp4\clip_0047.mp4,gs://labios-argentos-vsr-clean-v1/argentina/new_discovery/clips_mp4/ITovsJg-q5c/clip_0047.mp4,1.000,150,150x96x96,uint8,completed_roi,
argentina/new_discovery,ITovsJg-q5c,new_discovery::ITovsJg-q5c::clip_0048,clip_0048,C:\Users\bianc\NLP Natural Language Processing\labios-argentos\data_release\work\new_discovery_ingest\ITovsJg-q5c\clips_with_audio\clip_0048.mp4,gs://labios-argentos-vsr-clean-v1/argentina/new_discovery/clips_with_audio/ITovsJg-q5c/clip_0048.mp4,C:\Users\bianc\NLP Natural Language Processing\labios-argentos\data_release\work\new_discovery_rois\ITovsJg-q5c\rois_npz\clip_0048.npz,gs://labios-argentos-vsr-clean-v1/argentina/new_discovery/rois_npz/ITovsJg-q5c/clip_0048.npz,C:\Users\bianc\NLP Natural Language Processing\labios-argentos\data_release\work\new_discovery_rois\ITovsJg-q5c\clips_mp4\clip_0048.mp4,gs://labios-argentos-vsr-clean-v1/argentina/new_discovery/clips_mp4/ITovsJg-q5c/clip_0048.mp4,1.000,150,150x96x96,uint8,completed_roi,
argentina/new_discovery,ITovsJg-q5c,new_discovery::ITovsJg-q5c::clip_0049,clip_0049,C:\Users\bianc\NLP Natural Language Processing\labios-argentos\data_release\work\new_discovery_ingest\ITovsJg-q5c\clips_with_audio\clip_0049.mp4,gs://labios-argentos-vsr-clean-v1/argentina/new_discovery/clips_with_audio/ITovsJg-q5c/clip_0049.mp4,C:\Users\bianc\NLP Natural Language Processing\labios-argentos\data_release\work\new_discovery_rois\ITovsJg-q5c\rois_npz\clip_0049.npz,gs://labios-argentos-vsr-clean-v1/argentina/new_discovery/rois_npz/ITovsJg-q5c/clip_0049.npz,C:\Users\bianc\NLP Natural Language Processing\labios-argentos\data_release\work\new_discovery_rois\ITovsJg-q5c\clips_mp4\clip_0049.mp4,gs://labios-argentos-vsr-clean-v1/argentina/new_discovery/clips_mp4/ITovsJg-q5c/clip_0049.mp4,1.000,150,150x96x96,uint8,completed_roi,
argentina/new_discovery,ITovsJg-q5c,new_discovery::ITovsJg-q5c::clip_0050,clip_0050,C:\Users\bianc\NLP Natural Language Processing\labios-argentos\data_release\work\new_discovery_ingest\ITovsJg-q5c\clips_with_audio\clip_0050.mp4,gs://labios-argentos-vsr-clean-v1/argentina/new_discovery/clips_with_audio/ITovsJg-q5c/clip_0050.mp4,C:\Users\bianc\NLP Natural Language Processing\labios-argentos\data_release\work\new_discovery_rois\ITovsJg-q5c\rois_npz\clip_0050.npz,gs://labios-argentos-vsr-clean-v1/argentina/new_discovery/rois_npz/ITovsJg-q5c/clip_0050.npz,C:\Users\bianc\NLP Natural Language Processing\labios-argentos\data_release\work\new_discovery_rois\ITovsJg-q5c\clips_mp4\clip_0050.mp4,gs://labios-argentos-vsr-clean-v1/argentina/new_discovery/clips_mp4/ITovsJg-q5c/clip_0050.mp4,1.000,150,150x96x96,uint8,completed_roi,
argentina/new_discovery,ITovsJg-q5c,new_discovery::ITovsJg-q5c::clip_0051,clip_0051,C:\Users\bianc\NLP Natural Language Processing\labios-argentos\data_release\work\new_discovery_ingest\ITovsJg-q5c\clips_with_audio\clip_0051.mp4,gs://labios-argentos-vsr-clean-v1/argentina/new_discovery/clips_with_audio/ITovsJg-q5c/clip_0051.mp4,C:\Users\bianc\NLP Natural Language Processing\labios-argentos\data_release\work\new_discovery_rois\ITovsJg-q5c\rois_npz\clip_0051.npz,gs://labios-argentos-vsr-clean-v1/argentina/new_discovery/rois_npz/ITovsJg-q5c/clip_0051.npz,C:\Users\bianc\NLP Natural Language Processing\labios-argentos\data_release\work\new_discovery_rois\ITovsJg-q5c\clips_mp4\clip_0051.mp4,gs://labios-argentos-vsr-clean-v1/argentina/new_discovery/clips_mp4/ITovsJg-q5c/clip_0051.mp4,1.000,150,150x96x96,uint8,completed_roi,
argentina/new_discovery,ITovsJg-q5c,new_discovery::ITovsJg-q5c::clip_0052,clip_0052,C:\Users\bianc\NLP Natural Language Processing\labios-argentos\data_release\work\new_discovery_ingest\ITovsJg-q5c\clips_with_audio\clip_0052.mp4,gs://labios-argentos-vsr-clean-v1/argentina/new_discovery/clips_with_audio/ITovsJg-q5c/clip_0052.mp4,C:\Users\bianc\NLP Natural Language Processing\labios-argentos\data_release\work\new_discovery_rois\ITovsJg-q5c\rois_npz\clip_0052.npz,gs://labios-argentos-vsr-clean-v1/argentina/new_discovery/rois_npz/ITovsJg-q5c/clip_0052.npz,C:\Users\bianc\NLP Natural Language Processing\labios-argentos\data_release\work\new_discovery_rois\ITovsJg-q5c\clips_mp4\clip_0052.mp4,gs://labios-argentos-vsr-clean-v1/argentina/new_discovery/clips_mp4/ITovsJg-q5c/clip_0052.mp4,1.000,150,150x96x96,uint8,completed_roi,
argentina/new_discovery,ITovsJg-q5c,new_discovery::ITovsJg-q5c::clip_0053,clip_0053,C:\Users\bianc\NLP Natural Language Processing\labios-argentos\data_release\work\new_discovery_ingest\ITovsJg-q5c\clips_with_audio\clip_0053.mp4,gs://labios-argentos-vsr-clean-v1/argentina/new_discovery/clips_with_audio/ITovsJg-q5c/clip_0053.mp4,C:\Users\bianc\NLP Natural Language Processing\labios-argentos\data_release\work\new_discovery_rois\ITovsJg-q5c\rois_npz\clip_0053.npz,gs://labios-argentos-vsr-clean-v1/argentina/new_discovery/rois_npz/ITovsJg-q5c/clip_0053.npz,C:\Users\bianc\NLP Natural Language Processing\labios-argentos\data_release\work\new_discovery_rois\ITovsJg-q5c\clips_mp4\clip_0053.mp4,gs://labios-argentos-vsr-clean-v1/argentina/new_discovery/clips_mp4/ITovsJg-q5c/clip_0053.mp4,1.000,150,150x96x96,uint8,completed_roi,
argentina/new_discovery,ITovsJg-q5c,new_discovery::ITovsJg-q5c::clip_0054,clip_0054,C:\Users\bianc\NLP Natural Language Processing\labios-argentos\data_release\work\new_discovery_ingest\ITovsJg-q5c\clips_with_audio\clip_0054.mp4,gs://labios-argentos-vsr-clean-v1/argentina/new_discovery/clips_with_audio/ITovsJg-q5c/clip_0054.mp4,C:\Users\bianc\NLP Natural Language Processing\labios-argentos\data_release\work\new_discovery_rois\ITovsJg-q5c\rois_npz\clip_0054.npz,gs://labios-argentos-vsr-clean-v1/argentina/new_discovery/rois_npz/ITovsJg-q5c/clip_0054.npz,C:\Users\bianc\NLP Natural Language Processing\labios-argentos\data_release\work\new_discovery_rois\ITovsJg-q5c\clips_mp4\clip_0054.mp4,gs://labios-argentos-vsr-clean-v1/argentina/new_discovery/clips_mp4/ITovsJg-q5c/clip_0054.mp4,1.000,150,150x96x96,uint8,completed_roi,
argentina/new_discovery,ITovsJg-q5c,new_discovery::ITovsJg-q5c::clip_0055,clip_0055,C:\Users\bianc\NLP Natural Language Processing\labios-argentos\data_release\work\new_discovery_ingest\ITovsJg-q5c\clips_with_audio\clip_0055.mp4,gs://labios-argentos-vsr-clean-v1/argentina/new_discovery/clips_with_audio/ITovsJg-q5c/clip_0055.mp4,C:\Users\bianc\NLP Natural Language Processing\labios-argentos\data_release\work\new_discovery_rois\ITovsJg-q5c\rois_npz\clip_0055.npz,gs://labios-argentos-vsr-clean-v1/argentina/new_discovery/rois_npz/ITovsJg-q5c/clip_0055.npz,C:\Users\bianc\NLP Natural Language Processing\labios-argentos\data_release\work\new_discovery_rois\ITovsJg-q5c\clips_mp4\clip_0055.mp4,gs://labios-argentos-vsr-clean-v1/argentina/new_discovery/clips_mp4/ITovsJg-q5c/clip_0055.mp4,1.000,150,150x96x96,uint8,completed_roi,
argentina/new_discovery,ITovsJg-q5c,new_discovery::ITovsJg-q5c::clip_0056,clip_0056,C:\Users\bianc\NLP Natural Language Processing\labios-argentos\data_release\work\new_discovery_ingest\ITovsJg-q5c\clips_with_audio\clip_0056.mp4,gs://labios-argentos-vsr-clean-v1/argentina/new_discovery/clips_with_audio/ITovsJg-q5c/clip_0056.mp4,C:\Users\bianc\NLP Natural Language Processing\labios-argentos\data_release\work\new_discovery_rois\ITovsJg-q5c\rois_npz\clip_0056.npz,gs://labios-argentos-vsr-clean-v1/argentina/new_discovery/rois_npz/ITovsJg-q5c/clip_0056.npz,C:\Users\bianc\NLP Natural Language Processing\labios-argentos\data_release\work\new_discovery_rois\ITovsJg-q5c\clips_mp4\clip_0056.mp4,gs://labios-argentos-vsr-clean-v1/argentina/new_discovery/clips_mp4/ITovsJg-q5c/clip_0056.mp4,1.000,150,150x96x96,uint8,completed_roi,
argentina/new_discovery,ITovsJg-q5c,new_discovery::ITovsJg-q5c::clip_0057,clip_0057,C:\Users\bianc\NLP Natural Language Processing\labios-argentos\data_release\work\new_discovery_ingest\ITovsJg-q5c\clips_with_audio\clip_0057.mp4,gs://labios-argentos-vsr-clean-v1/argentina/new_discovery/clips_with_audio/ITovsJg-q5c/clip_0057.mp4,C:\Users\bianc\NLP Natural Language Processing\labios-argentos\data_release\work\new_discovery_rois\ITovsJg-q5c\rois_npz\clip_0057.npz,gs://labios-argentos-vsr-clean-v1/argentina/new_discovery/rois_npz/ITovsJg-q5c/clip_0057.npz,C:\Users\bianc\NLP Natural Language Processing\labios-argentos\data_release\work\new_discovery_rois\ITovsJg-q5c\clips_mp4\clip_0057.mp4,gs://labios-argentos-vsr-clean-v1/argentina/new_discovery/clips_mp4/ITovsJg-q5c/clip_0057.mp4,0.987,150,150x96x96,uint8,completed_roi,
argentina/new_discovery,ITovsJg-q5c,new_discovery::ITovsJg-q5c::clip_0058,clip_0058,C:\Users\bianc\NLP Natural Language Processing\labios-argentos\data_release\work\new_discovery_ingest\ITovsJg-q5c\clips_with_audio\clip_0058.mp4,gs://labios-argentos-vsr-clean-v1/argentina/new_discovery/clips_with_audio/ITovsJg-q5c/clip_0058.mp4,C:\Users\bianc\NLP Natural Language Processing\labios-argentos\data_release\work\new_discovery_rois\ITovsJg-q5c\rois_npz\clip_0058.npz,gs://labios-argentos-vsr-clean-v1/argentina/new_discovery/rois_npz/ITovsJg-q5c/clip_0058.npz,C:\Users\bianc\NLP Natural Language Processing\labios-argentos\data_release\work\new_discovery_rois\ITovsJg-q5c\clips_mp4\clip_0058.mp4,gs://labios-argentos-vsr-clean-v1/argentina/new_discovery/clips_mp4/ITovsJg-q5c/clip_0058.mp4,0.913,150,150x96x96,uint8,completed_roi,
argentina/new_discovery,ITovsJg-q5c,new_discovery::ITovsJg-q5c::clip_0059,clip_0059,C:\Users\bianc\NLP Natural Language Processing\labios-argentos\data_release\work\new_discovery_ingest\ITovsJg-q5c\clips_with_audio\clip_0059.mp4,gs://labios-argentos-vsr-clean-v1/argentina/new_discovery/clips_with_audio/ITovsJg-q5c/clip_0059.mp4,C:\Users\bianc\NLP Natural Language Processing\labios-argentos\data_release\work\new_discovery_rois\ITovsJg-q5c\rois_npz\clip_0059.npz,gs://labios-argentos-vsr-clean-v1/argentina/new_discovery/rois_npz/ITovsJg-q5c/clip_0059.npz,C:\Users\bianc\NLP Natural Language Processing\labios-argentos\data_release\work\new_discovery_rois\ITovsJg-q5c\clips_mp4\clip_0059.mp4,gs://labios-argentos-vsr-clean-v1/argentina/new_discovery/clips_mp4/ITovsJg-q5c/clip_0059.mp4,1.000,150,150x96x96,uint8,completed_roi,
argentina/new_discovery,ITovsJg-q5c,new_discovery::ITovsJg-q5c::clip_0060,clip_0060,C:\Users\bianc\NLP Natural Language Processing\labios-argentos\data_release\work\new_discovery_ingest\ITovsJg-q5c\clips_with_audio\clip_0060.mp4,gs://labios-argentos-vsr-clean-v1/argentina/new_discovery/clips_with_audio/ITovsJg-q5c/clip_0060.mp4,C:\Users\bianc\NLP Natural Language Processing\labios-argentos\data_release\work\new_discovery_rois\ITovsJg-q5c\rois_npz\clip_0060.npz,gs://labios-argentos-vsr-clean-v1/argentina/new_discovery/rois_npz/ITovsJg-q5c/clip_0060.npz,C:\Users\bianc\NLP Natural Language Processing\labios-argentos\data_release\work\new_discovery_rois\ITovsJg-q5c\clips_mp4\clip_0060.mp4,gs://labios-argentos-vsr-clean-v1/argentina/new_discovery/clips_mp4/ITovsJg-q5c/clip_0060.mp4,0.947,150,150x96x96,uint8,completed_roi,
argentina/new_discovery,ITovsJg-q5c,new_discovery::ITovsJg-q5c::clip_0061,clip_0061,C:\Users\bianc\NLP Natural Language Processing\labios-argentos\data_release\work\new_discovery_ingest\ITovsJg-q5c\clips_with_audio\clip_0061.mp4,gs://labios-argentos-vsr-clean-v1/argentina/new_discovery/clips_with_audio/ITovsJg-q5c/clip_0061.mp4,C:\Users\bianc\NLP Natural Language Processing\labios-argentos\data_release\work\new_discovery_rois\ITovsJg-q5c\rois_npz\clip_0061.npz,gs://labios-argentos-vsr-clean-v1/argentina/new_discovery/rois_npz/ITovsJg-q5c/clip_0061.npz,C:\Users\bianc\NLP Natural Language Processing\labios-argentos\data_release\work\new_discovery_rois\ITovsJg-q5c\clips_mp4\clip_0061.mp4,gs://labios-argentos-vsr-clean-v1/argentina/new_discovery/clips_mp4/ITovsJg-q5c/clip_0061.mp4,1.000,150,150x96x96,uint8,completed_roi,
argentina/new_discovery,ITovsJg-q5c,new_discovery::ITovsJg-q5c::clip_0062,clip_0062,C:\Users\bianc\NLP Natural Language Processing\labios-argentos\data_release\work\new_discovery_ingest\ITovsJg-q5c\clips_with_audio\clip_0062.mp4,gs://labios-argentos-vsr-clean-v1/argentina/new_discovery/clips_with_audio/ITovsJg-q5c/clip_0062.mp4,C:\Users\bianc\NLP Natural Language Processing\labios-argentos\data_release\work\new_discovery_rois\ITovsJg-q5c\rois_npz\clip_0062.npz,gs://labios-argentos-vsr-clean-v1/argentina/new_discovery/rois_npz/ITovsJg-q5c/clip_0062.npz,C:\Users\bianc\NLP Natural Language Processing\labios-argentos\data_release\work\new_discovery_rois\ITovsJg-q5c\clips_mp4\clip_0062.mp4,gs://labios-argentos-vsr-clean-v1/argentina/new_discovery/clips_mp4/ITovsJg-q5c/clip_0062.mp4,1.000,150,150x96x96,uint8,completed_roi,
argentina/new_discovery,ITovsJg-q5c,new_discovery::ITovsJg-q5c::clip_0063,clip_0063,C:\Users\bianc\NLP Natural Language Processing\labios-argentos\data_release\work\new_discovery_ingest\ITovsJg-q5c\clips_with_audio\clip_0063.mp4,gs://labios-argentos-vsr-clean-v1/argentina/new_discovery/clips_with_audio/ITovsJg-q5c/clip_0063.mp4,C:\Users\bianc\NLP Natural Language Processing\labios-argentos\data_release\work\new_discovery_rois\ITovsJg-q5c\rois_npz\clip_0063.npz,gs://labios-argentos-vsr-clean-v1/argentina/new_discovery/rois_npz/ITovsJg-q5c/clip_0063.npz,C:\Users\bianc\NLP Natural Language Processing\labios-argentos\data_release\work\new_discovery_rois\ITovsJg-q5c\clips_mp4\clip_0063.mp4,gs://labios-argentos-vsr-clean-v1/argentina/new_discovery/clips_mp4/ITovsJg-q5c/clip_0063.mp4,1.000,150,150x96x96,uint8,completed_roi,
argentina/new_discovery,ITovsJg-q5c,new_discovery::ITovsJg-q5c::clip_0064,clip_0064,C:\Users\bianc\NLP Natural Language Processing\labios-argentos\data_release\work\new_discovery_ingest\ITovsJg-q5c\clips_with_audio\clip_0064.mp4,gs://labios-argentos-vsr-clean-v1/argentina/new_discovery/clips_with_audio/ITovsJg-q5c/clip_0064.mp4,C:\Users\bianc\NLP Natural Language Processing\labios-argentos\data_release\work\new_discovery_rois\ITovsJg-q5c\rois_npz\clip_0064.npz,gs://labios-argentos-vsr-clean-v1/argentina/new_discovery/rois_npz/ITovsJg-q5c/clip_0064.npz,C:\Users\bianc\NLP Natural Language Processing\labios-argentos\data_release\work\new_discovery_rois\ITovsJg-q5c\clips_mp4\clip_0064.mp4,gs://labios-argentos-vsr-clean-v1/argentina/new_discovery/clips_mp4/ITovsJg-q5c/clip_0064.mp4,1.000,150,150x96x96,uint8,completed_roi,
argentina/new_discovery,ITovsJg-q5c,new_discovery::ITovsJg-q5c::clip_0065,clip_0065,C:\Users\bianc\NLP Natural Language Processing\labios-argentos\data_release\work\new_discovery_ingest\ITovsJg-q5c\clips_with_audio\clip_0065.mp4,gs://labios-argentos-vsr-clean-v1/argentina/new_discovery/clips_with_audio/ITovsJg-q5c/clip_0065.mp4,C:\Users\bianc\NLP Natural Language Processing\labios-argentos\data_release\work\new_discovery_rois\ITovsJg-q5c\rois_npz\clip_0065.npz,gs://labios-argentos-vsr-clean-v1/argentina/new_discovery/rois_npz/ITovsJg-q5c/clip_0065.npz,C:\Users\bianc\NLP Natural Language Processing\labios-argentos\data_release\work\new_discovery_rois\ITovsJg-q5c\clips_mp4\clip_0065.mp4,gs://labios-argentos-vsr-clean-v1/argentina/new_discovery/clips_mp4/ITovsJg-q5c/clip_0065.mp4,0.980,150,150x96x96,uint8,completed_roi,
argentina/new_discovery,ITovsJg-q5c,new_discovery::ITovsJg-q5c::clip_0066,clip_0066,C:\Users\bianc\NLP Natural Language Processing\labios-argentos\data_release\work\new_discovery_ingest\ITovsJg-q5c\clips_with_audio\clip_0066.mp4,gs://labios-argentos-vsr-clean-v1/argentina/new_discovery/clips_with_audio/ITovsJg-q5c/clip_0066.mp4,C:\Users\bianc\NLP Natural Language Processing\labios-argentos\data_release\work\new_discovery_rois\ITovsJg-q5c\rois_npz\clip_0066.npz,gs://labios-argentos-vsr-clean-v1/argentina/new_discovery/rois_npz/ITovsJg-q5c/clip_0066.npz,C:\Users\bianc\NLP Natural Language Processing\labios-argentos\data_release\work\new_discovery_rois\ITovsJg-q5c\clips_mp4\clip_0066.mp4,gs://labios-argentos-vsr-clean-v1/argentina/new_discovery/clips_mp4/ITovsJg-q5c/clip_0066.mp4,0.993,150,150x96x96,uint8,completed_roi,
argentina/new_discovery,ITovsJg-q5c,new_discovery::ITovsJg-q5c::clip_0067,clip_0067,C:\Users\bianc\NLP Natural Language Processing\labios-argentos\data_release\work\new_discovery_ingest\ITovsJg-q5c\clips_with_audio\clip_0067.mp4,gs://labios-argentos-vsr-clean-v1/argentina/new_discovery/clips_with_audio/ITovsJg-q5c/clip_0067.mp4,C:\Users\bianc\NLP Natural Language Processing\labios-argentos\data_release\work\new_discovery_rois\ITovsJg-q5c\rois_npz\clip_0067.npz,gs://labios-argentos-vsr-clean-v1/argentina/new_discovery/rois_npz/ITovsJg-q5c/clip_0067.npz,C:\Users\bianc\NLP Natural Language Processing\labios-argentos\data_release\work\new_discovery_rois\ITovsJg-q5c\clips_mp4\clip_0067.mp4,gs://labios-argentos-vsr-clean-v1/argentina/new_discovery/clips_mp4/ITovsJg-q5c/clip_0067.mp4,0.967,150,150x96x96,uint8,completed_roi,
argentina/new_discovery,ITovsJg-q5c,new_discovery::ITovsJg-q5c::clip_0068,clip_0068,C:\Users\bianc\NLP Natural Language Processing\labios-argentos\data_release\work\new_discovery_ingest\ITovsJg-q5c\clips_with_audio\clip_0068.mp4,gs://labios-argentos-vsr-clean-v1/argentina/new_discovery/clips_with_audio/ITovsJg-q5c/clip_0068.mp4,C:\Users\bianc\NLP Natural Language Processing\labios-argentos\data_release\work\new_discovery_rois\ITovsJg-q5c\rois_npz\clip_0068.npz,gs://labios-argentos-vsr-clean-v1/argentina/new_discovery/rois_npz/ITovsJg-q5c/clip_0068.npz,C:\Users\bianc\NLP Natural Language Processing\labios-argentos\data_release\work\new_discovery_rois\ITovsJg-q5c\clips_mp4\clip_0068.mp4,gs://labios-argentos-vsr-clean-v1/argentina/new_discovery/clips_mp4/ITovsJg-q5c/clip_0068.mp4,0.993,150,150x96x96,uint8,completed_roi,
argentina/new_discovery,ITovsJg-q5c,new_discovery::ITovsJg-q5c::clip_0069,clip_0069,C:\Users\bianc\NLP Natural Language Processing\labios-argentos\data_release\work\new_discovery_ingest\ITovsJg-q5c\clips_with_audio\clip_0069.mp4,gs://labios-argentos-vsr-clean-v1/argentina/new_discovery/clips_with_audio/ITovsJg-q5c/clip_0069.mp4,C:\Users\bianc\NLP Natural Language Processing\labios-argentos\data_release\work\new_discovery_rois\ITovsJg-q5c\rois_npz\clip_0069.npz,gs://labios-argentos-vsr-clean-v1/argentina/new_discovery/rois_npz/ITovsJg-q5c/clip_0069.npz,C:\Users\bianc\NLP Natural Language Processing\labios-argentos\data_release\work\new_discovery_rois\ITovsJg-q5c\clips_mp4\clip_0069.mp4,gs://labios-argentos-vsr-clean-v1/argentina/new_discovery/clips_mp4/ITovsJg-q5c/clip_0069.mp4,1.000,150,150x96x96,uint8,completed_roi,
argentina/new_discovery,ITovsJg-q5c,new_discovery::ITovsJg-q5c::clip_0070,clip_0070,C:\Users\bianc\NLP Natural Language Processing\labios-argentos\data_release\work\new_discovery_ingest\ITovsJg-q5c\clips_with_audio\clip_0070.mp4,gs://labios-argentos-vsr-clean-v1/argentina/new_discovery/clips_with_audio/ITovsJg-q5c/clip_0070.mp4,C:\Users\bianc\NLP Natural Language Processing\labios-argentos\data_release\work\new_discovery_rois\ITovsJg-q5c\rois_npz\clip_0070.npz,gs://labios-argentos-vsr-clean-v1/argentina/new_discovery/rois_npz/ITovsJg-q5c/clip_0070.npz,C:\Users\bianc\NLP Natural Language Processing\labios-argentos\data_release\work\new_discovery_rois\ITovsJg-q5c\clips_mp4\clip_0070.mp4,gs://labios-argentos-vsr-clean-v1/argentina/new_discovery/clips_mp4/ITovsJg-q5c/clip_0070.mp4,1.000,150,150x96x96,uint8,completed_roi,
argentina/new_discovery,ITovsJg-q5c,new_discovery::ITovsJg-q5c::clip_0071,clip_0071,C:\Users\bianc\NLP Natural Language Processing\labios-argentos\data_release\work\new_discovery_ingest\ITovsJg-q5c\clips_with_audio\clip_0071.mp4,gs://labios-argentos-vsr-clean-v1/argentina/new_discovery/clips_with_audio/ITovsJg-q5c/clip_0071.mp4,C:\Users\bianc\NLP Natural Language Processing\labios-argentos\data_release\work\new_discovery_rois\ITovsJg-q5c\rois_npz\clip_0071.npz,gs://labios-argentos-vsr-clean-v1/argentina/new_discovery/rois_npz/ITovsJg-q5c/clip_0071.npz,C:\Users\bianc\NLP Natural Language Processing\labios-argentos\data_release\work\new_discovery_rois\ITovsJg-q5c\clips_mp4\clip_0071.mp4,gs://labios-argentos-vsr-clean-v1/argentina/new_discovery/clips_mp4/ITovsJg-q5c/clip_0071.mp4,1.000,150,150x96x96,uint8,completed_roi,
argentina/new_discovery,ITovsJg-q5c,new_discovery::ITovsJg-q5c::clip_0072,clip_0072,C:\Users\bianc\NLP Natural Language Processing\labios-argentos\data_release\work\new_discovery_ingest\ITovsJg-q5c\clips_with_audio\clip_0072.mp4,gs://labios-argentos-vsr-clean-v1/argentina/new_discovery/clips_with_audio/ITovsJg-q5c/clip_0072.mp4,C:\Users\bianc\NLP Natural Language Processing\labios-argentos\data_release\work\new_discovery_rois\ITovsJg-q5c\rois_npz\clip_0072.npz,gs://labios-argentos-vsr-clean-v1/argentina/new_discovery/rois_npz/ITovsJg-q5c/clip_0072.npz,C:\Users\bianc\NLP Natural Language Processing\labios-argentos\data_release\work\new_discovery_rois\ITovsJg-q5c\clips_mp4\clip_0072.mp4,gs://labios-argentos-vsr-clean-v1/argentina/new_discovery/clips_mp4/ITovsJg-q5c/clip_0072.mp4,1.000,150,150x96x96,uint8,completed_roi,
argentina/new_discovery,ITovsJg-q5c,new_discovery::ITovsJg-q5c::clip_0073,clip_0073,C:\Users\bianc\NLP Natural Language Processing\labios-argentos\data_release\work\new_discovery_ingest\ITovsJg-q5c\clips_with_audio\clip_0073.mp4,gs://labios-argentos-vsr-clean-v1/argentina/new_discovery/clips_with_audio/ITovsJg-q5c/clip_0073.mp4,C:\Users\bianc\NLP Natural Language Processing\labios-argentos\data_release\work\new_discovery_rois\ITovsJg-q5c\rois_npz\clip_0073.npz,gs://labios-argentos-vsr-clean-v1/argentina/new_discovery/rois_npz/ITovsJg-q5c/clip_0073.npz,C:\Users\bianc\NLP Natural Language Processing\labios-argentos\data_release\work\new_discovery_rois\ITovsJg-q5c\clips_mp4\clip_0073.mp4,gs://labios-argentos-vsr-clean-v1/argentina/new_discovery/clips_mp4/ITovsJg-q5c/clip_0073.mp4,1.000,150,150x96x96,uint8,completed_roi,
argentina/new_discovery,ITovsJg-q5c,new_discovery::ITovsJg-q5c::clip_0074,clip_0074,C:\Users\bianc\NLP Natural Language Processing\labios-argentos\data_release\work\new_discovery_ingest\ITovsJg-q5c\clips_with_audio\clip_0074.mp4,gs://labios-argentos-vsr-clean-v1/argentina/new_discovery/clips_with_audio/ITovsJg-q5c/clip_0074.mp4,C:\Users\bianc\NLP Natural Language Processing\labios-argentos\data_release\work\new_discovery_rois\ITovsJg-q5c\rois_npz\clip_0074.npz,gs://labios-argentos-vsr-clean-v1/argentina/new_discovery/rois_npz/ITovsJg-q5c/clip_0074.npz,C:\Users\bianc\NLP Natural Language Processing\labios-argentos\data_release\work\new_discovery_rois\ITovsJg-q5c\clips_mp4\clip_0074.mp4,gs://labios-argentos-vsr-clean-v1/argentina/new_discovery/clips_mp4/ITovsJg-q5c/clip_0074.mp4,1.000,150,150x96x96,uint8,completed_roi,
argentina/new_discovery,ITovsJg-q5c,new_discovery::ITovsJg-q5c::clip_0075,clip_0075,C:\Users\bianc\NLP Natural Language Processing\labios-argentos\data_release\work\new_discovery_ingest\ITovsJg-q5c\clips_with_audio\clip_0075.mp4,gs://labios-argentos-vsr-clean-v1/argentina/new_discovery/clips_with_audio/ITovsJg-q5c/clip_0075.mp4,C:\Users\bianc\NLP Natural Language Processing\labios-argentos\data_release\work\new_discovery_rois\ITovsJg-q5c\rois_npz\clip_0075.npz,gs://labios-argentos-vsr-clean-v1/argentina/new_discovery/rois_npz/ITovsJg-q5c/clip_0075.npz,C:\Users\bianc\NLP Natural Language Processing\labios-argentos\data_release\work\new_discovery_rois\ITovsJg-q5c\clips_mp4\clip_0075.mp4,gs://labios-argentos-vsr-clean-v1/argentina/new_discovery/clips_mp4/ITovsJg-q5c/clip_0075.mp4,1.000,150,150x96x96,uint8,completed_roi,
argentina/new_discovery,ITovsJg-q5c,new_discovery::ITovsJg-q5c::clip_0076,clip_0076,C:\Users\bianc\NLP Natural Language Processing\labios-argentos\data_release\work\new_discovery_ingest\ITovsJg-q5c\clips_with_audio\clip_0076.mp4,gs://labios-argentos-vsr-clean-v1/argentina/new_discovery/clips_with_audio/ITovsJg-q5c/clip_0076.mp4,C:\Users\bianc\NLP Natural Language Processing\labios-argentos\data_release\work\new_discovery_rois\ITovsJg-q5c\rois_npz\clip_0076.npz,gs://labios-argentos-vsr-clean-v1/argentina/new_discovery/rois_npz/ITovsJg-q5c/clip_0076.npz,C:\Users\bianc\NLP Natural Language Processing\labios-argentos\data_release\work\new_discovery_rois\ITovsJg-q5c\clips_mp4\clip_0076.mp4,gs://labios-argentos-vsr-clean-v1/argentina/new_discovery/clips_mp4/ITovsJg-q5c/clip_0076.mp4,1.000,150,150x96x96,uint8,completed_roi,
argentina/new_discovery,ITovsJg-q5c,new_discovery::ITovsJg-q5c::clip_0077,clip_0077,C:\Users\bianc\NLP Natural Language Processing\labios-argentos\data_release\work\new_discovery_ingest\ITovsJg-q5c\clips_with_audio\clip_0077.mp4,gs://labios-argentos-vsr-clean-v1/argentina/new_discovery/clips_with_audio/ITovsJg-q5c/clip_0077.mp4,C:\Users\bianc\NLP Natural Language Processing\labios-argentos\data_release\work\new_discovery_rois\ITovsJg-q5c\rois_npz\clip_0077.npz,gs://labios-argentos-vsr-clean-v1/argentina/new_discovery/rois_npz/ITovsJg-q5c/clip_0077.npz,C:\Users\bianc\NLP Natural Language Processing\labios-argentos\data_release\work\new_discovery_rois\ITovsJg-q5c\clips_mp4\clip_0077.mp4,gs://labios-argentos-vsr-clean-v1/argentina/new_discovery/clips_mp4/ITovsJg-q5c/clip_0077.mp4,1.000,150,150x96x96,uint8,completed_roi,
argentina/new_discovery,ITovsJg-q5c,new_discovery::ITovsJg-q5c::clip_0078,clip_0078,C:\Users\bianc\NLP Natural Language Processing\labios-argentos\data_release\work\new_discovery_ingest\ITovsJg-q5c\clips_with_audio\clip_0078.mp4,gs://labios-argentos-vsr-clean-v1/argentina/new_discovery/clips_with_audio/ITovsJg-q5c/clip_0078.mp4,C:\Users\bianc\NLP Natural Language Processing\labios-argentos\data_release\work\new_discovery_rois\ITovsJg-q5c\rois_npz\clip_0078.npz,gs://labios-argentos-vsr-clean-v1/argentina/new_discovery/rois_npz/ITovsJg-q5c/clip_0078.npz,C:\Users\bianc\NLP Natural Language Processing\labios-argentos\data_release\work\new_discovery_rois\ITovsJg-q5c\clips_mp4\clip_0078.mp4,gs://labios-argentos-vsr-clean-v1/argentina/new_discovery/clips_mp4/ITovsJg-q5c/clip_0078.mp4,1.000,150,150x96x96,uint8,completed_roi,
argentina/new_discovery,ITovsJg-q5c,new_discovery::ITovsJg-q5c::clip_0079,clip_0079,C:\Users\bianc\NLP Natural Language Processing\labios-argentos\data_release\work\new_discovery_ingest\ITovsJg-q5c\clips_with_audio\clip_0079.mp4,gs://labios-argentos-vsr-clean-v1/argentina/new_discovery/clips_with_audio/ITovsJg-q5c/clip_0079.mp4,C:\Users\bianc\NLP Natural Language Processing\labios-argentos\data_release\work\new_discovery_rois\ITovsJg-q5c\rois_npz\clip_0079.npz,gs://labios-argentos-vsr-clean-v1/argentina/new_discovery/rois_npz/ITovsJg-q5c/clip_0079.npz,C:\Users\bianc\NLP Natural Language Processing\labios-argentos\data_release\work\new_discovery_rois\ITovsJg-q5c\clips_mp4\clip_0079.mp4,gs://labios-argentos-vsr-clean-v1/argentina/new_discovery/clips_mp4/ITovsJg-q5c/clip_0079.mp4,1.000,150,150x96x96,uint8,completed_roi,
argentina/new_discovery,ITovsJg-q5c,new_discovery::ITovsJg-q5c::clip_0080,clip_0080,C:\Users\bianc\NLP Natural Language Processing\labios-argentos\data_release\work\new_discovery_ingest\ITovsJg-q5c\clips_with_audio\clip_0080.mp4,gs://labios-argentos-vsr-clean-v1/argentina/new_discovery/clips_with_audio/ITovsJg-q5c/clip_0080.mp4,C:\Users\bianc\NLP Natural Language Processing\labios-argentos\data_release\work\new_discovery_rois\ITovsJg-q5c\rois_npz\clip_0080.npz,gs://labios-argentos-vsr-clean-v1/argentina/new_discovery/rois_npz/ITovsJg-q5c/clip_0080.npz,C:\Users\bianc\NLP Natural Language Processing\labios-argentos\data_release\work\new_discovery_rois\ITovsJg-q5c\clips_mp4\clip_0080.mp4,gs://labios-argentos-vsr-clean-v1/argentina/new_discovery/clips_mp4/ITovsJg-q5c/clip_0080.mp4,1.000,150,150x96x96,uint8,completed_roi,
argentina/new_discovery,ITovsJg-q5c,new_discovery::ITovsJg-q5c::clip_0081,clip_0081,C:\Users\bianc\NLP Natural Language Processing\labios-argentos\data_release\work\new_discovery_ingest\ITovsJg-q5c\clips_with_audio\clip_0081.mp4,gs://labios-argentos-vsr-clean-v1/argentina/new_discovery/clips_with_audio/ITovsJg-q5c/clip_0081.mp4,C:\Users\bianc\NLP Natural Language Processing\labios-argentos\data_release\work\new_discovery_rois\ITovsJg-q5c\rois_npz\clip_0081.npz,gs://labios-argentos-vsr-clean-v1/argentina/new_discovery/rois_npz/ITovsJg-q5c/clip_0081.npz,C:\Users\bianc\NLP Natural Language Processing\labios-argentos\data_release\work\new_discovery_rois\ITovsJg-q5c\clips_mp4\clip_0081.mp4,gs://labios-argentos-vsr-clean-v1/argentina/new_discovery/clips_mp4/ITovsJg-q5c/clip_0081.mp4,1.000,150,150x96x96,uint8,completed_roi,
argentina/new_discovery,ITovsJg-q5c,new_discovery::ITovsJg-q5c::clip_0082,clip_0082,C:\Users\bianc\NLP Natural Language Processing\labios-argentos\data_release\work\new_discovery_ingest\ITovsJg-q5c\clips_with_audio\clip_0082.mp4,gs://labios-argentos-vsr-clean-v1/argentina/new_discovery/clips_with_audio/ITovsJg-q5c/clip_0082.mp4,C:\Users\bianc\NLP Natural Language Processing\labios-argentos\data_release\work\new_discovery_rois\ITovsJg-q5c\rois_npz\clip_0082.npz,gs://labios-argentos-vsr-clean-v1/argentina/new_discovery/rois_npz/ITovsJg-q5c/clip_0082.npz,C:\Users\bianc\NLP Natural Language Processing\labios-argentos\data_release\work\new_discovery_rois\ITovsJg-q5c\clips_mp4\clip_0082.mp4,gs://labios-argentos-vsr-clean-v1/argentina/new_discovery/clips_mp4/ITovsJg-q5c/clip_0082.mp4,1.000,150,150x96x96,uint8,completed_roi,
argentina/new_discovery,ITovsJg-q5c,new_discovery::ITovsJg-q5c::clip_0083,clip_0083,C:\Users\bianc\NLP Natural Language Processing\labios-argentos\data_release\work\new_discovery_ingest\ITovsJg-q5c\clips_with_audio\clip_0083.mp4,gs://labios-argentos-vsr-clean-v1/argentina/new_discovery/clips_with_audio/ITovsJg-q5c/clip_0083.mp4,C:\Users\bianc\NLP Natural Language Processing\labios-argentos\data_release\work\new_discovery_rois\ITovsJg-q5c\rois_npz\clip_0083.npz,gs://labios-argentos-vsr-clean-v1/argentina/new_discovery/rois_npz/ITovsJg-q5c/clip_0083.npz,C:\Users\bianc\NLP Natural Language Processing\labios-argentos\data_release\work\new_discovery_rois\ITovsJg-q5c\clips_mp4\clip_0083.mp4,gs://labios-argentos-vsr-clean-v1/argentina/new_discovery/clips_mp4/ITovsJg-q5c/clip_0083.mp4,0.980,150,150x96x96,uint8,completed_roi,
argentina/new_discovery,ITovsJg-q5c,new_discovery::ITovsJg-q5c::clip_0084,clip_0084,C:\Users\bianc\NLP Natural Language Processing\labios-argentos\data_release\work\new_discovery_ingest\ITovsJg-q5c\clips_with_audio\clip_0084.mp4,gs://labios-argentos-vsr-clean-v1/argentina/new_discovery/clips_with_audio/ITovsJg-q5c/clip_0084.mp4,C:\Users\bianc\NLP Natural Language Processing\labios-argentos\data_release\work\new_discovery_rois\ITovsJg-q5c\rois_npz\clip_0084.npz,gs://labios-argentos-vsr-clean-v1/argentina/new_discovery/rois_npz/ITovsJg-q5c/clip_0084.npz,C:\Users\bianc\NLP Natural Language Processing\labios-argentos\data_release\work\new_discovery_rois\ITovsJg-q5c\clips_mp4\clip_0084.mp4,gs://labios-argentos-vsr-clean-v1/argentina/new_discovery/clips_mp4/ITovsJg-q5c/clip_0084.mp4,1.000,150,150x96x96,uint8,completed_roi,
argentina/new_discovery,ITovsJg-q5c,new_discovery::ITovsJg-q5c::clip_0085,clip_0085,C:\Users\bianc\NLP Natural Language Processing\labios-argentos\data_release\work\new_discovery_ingest\ITovsJg-q5c\clips_with_audio\clip_0085.mp4,gs://labios-argentos-vsr-clean-v1/argentina/new_discovery/clips_with_audio/ITovsJg-q5c/clip_0085.mp4,C:\Users\bianc\NLP Natural Language Processing\labios-argentos\data_release\work\new_discovery_rois\ITovsJg-q5c\rois_npz\clip_0085.npz,gs://labios-argentos-vsr-clean-v1/argentina/new_discovery/rois_npz/ITovsJg-q5c/clip_0085.npz,C:\Users\bianc\NLP Natural Language Processing\labios-argentos\data_release\work\new_discovery_rois\ITovsJg-q5c\clips_mp4\clip_0085.mp4,gs://labios-argentos-vsr-clean-v1/argentina/new_discovery/clips_mp4/ITovsJg-q5c/clip_0085.mp4,1.000,150,150x96x96,uint8,completed_roi,
argentina/new_discovery,ITovsJg-q5c,new_discovery::ITovsJg-q5c::clip_0086,clip_0086,C:\Users\bianc\NLP Natural Language Processing\labios-argentos\data_release\work\new_discovery_ingest\ITovsJg-q5c\clips_with_audio\clip_0086.mp4,gs://labios-argentos-vsr-clean-v1/argentina/new_discovery/clips_with_audio/ITovsJg-q5c/clip_0086.mp4,C:\Users\bianc\NLP Natural Language Processing\labios-argentos\data_release\work\new_discovery_rois\ITovsJg-q5c\rois_npz\clip_0086.npz,gs://labios-argentos-vsr-clean-v1/argentina/new_discovery/rois_npz/ITovsJg-q5c/clip_0086.npz,C:\Users\bianc\NLP Natural Language Processing\labios-argentos\data_release\work\new_discovery_rois\ITovsJg-q5c\clips_mp4\clip_0086.mp4,gs://labios-argentos-vsr-clean-v1/argentina/new_discovery/clips_mp4/ITovsJg-q5c/clip_0086.mp4,1.000,150,150x96x96,uint8,completed_roi,
argentina/new_discovery,ITovsJg-q5c,new_discovery::ITovsJg-q5c::clip_0087,clip_0087,C:\Users\bianc\NLP Natural Language Processing\labios-argentos\data_release\work\new_discovery_ingest\ITovsJg-q5c\clips_with_audio\clip_0087.mp4,gs://labios-argentos-vsr-clean-v1/argentina/new_discovery/clips_with_audio/ITovsJg-q5c/clip_0087.mp4,C:\Users\bianc\NLP Natural Language Processing\labios-argentos\data_release\work\new_discovery_rois\ITovsJg-q5c\rois_npz\clip_0087.npz,gs://labios-argentos-vsr-clean-v1/argentina/new_discovery/rois_npz/ITovsJg-q5c/clip_0087.npz,C:\Users\bianc\NLP Natural Language Processing\labios-argentos\data_release\work\new_discovery_rois\ITovsJg-q5c\clips_mp4\clip_0087.mp4,gs://labios-argentos-vsr-clean-v1/argentina/new_discovery/clips_mp4/ITovsJg-q5c/clip_0087.mp4,1.000,150,150x96x96,uint8,completed_roi,
argentina/new_discovery,ITovsJg-q5c,new_discovery::ITovsJg-q5c::clip_0088,clip_0088,C:\Users\bianc\NLP Natural Language Processing\labios-argentos\data_release\work\new_discovery_ingest\ITovsJg-q5c\clips_with_audio\clip_0088.mp4,gs://labios-argentos-vsr-clean-v1/argentina/new_discovery/clips_with_audio/ITovsJg-q5c/clip_0088.mp4,C:\Users\bianc\NLP Natural Language Processing\labios-argentos\data_release\work\new_discovery_rois\ITovsJg-q5c\rois_npz\clip_0088.npz,gs://labios-argentos-vsr-clean-v1/argentina/new_discovery/rois_npz/ITovsJg-q5c/clip_0088.npz,C:\Users\bianc\NLP Natural Language Processing\labios-argentos\data_release\work\new_discovery_rois\ITovsJg-q5c\clips_mp4\clip_0088.mp4,gs://labios-argentos-vsr-clean-v1/argentina/new_discovery/clips_mp4/ITovsJg-q5c/clip_0088.mp4,1.000,150,150x96x96,uint8,completed_roi,
argentina/new_discovery,ITovsJg-q5c,new_discovery::ITovsJg-q5c::clip_0089,clip_0089,C:\Users\bianc\NLP Natural Language Processing\labios-argentos\data_release\work\new_discovery_ingest\ITovsJg-q5c\clips_with_audio\clip_0089.mp4,gs://labios-argentos-vsr-clean-v1/argentina/new_discovery/clips_with_audio/ITovsJg-q5c/clip_0089.mp4,C:\Users\bianc\NLP Natural Language Processing\labios-argentos\data_release\work\new_discovery_rois\ITovsJg-q5c\rois_npz\clip_0089.npz,gs://labios-argentos-vsr-clean-v1/argentina/new_discovery/rois_npz/ITovsJg-q5c/clip_0089.npz,C:\Users\bianc\NLP Natural Language Processing\labios-argentos\data_release\work\new_discovery_rois\ITovsJg-q5c\clips_mp4\clip_0089.mp4,gs://labios-argentos-vsr-clean-v1/argentina/new_discovery/clips_mp4/ITovsJg-q5c/clip_0089.mp4,1.000,150,150x96x96,uint8,completed_roi,
argentina/new_discovery,ITovsJg-q5c,new_discovery::ITovsJg-q5c::clip_0090,clip_0090,C:\Users\bianc\NLP Natural Language Processing\labios-argentos\data_release\work\new_discovery_ingest\ITovsJg-q5c\clips_with_audio\clip_0090.mp4,gs://labios-argentos-vsr-clean-v1/argentina/new_discovery/clips_with_audio/ITovsJg-q5c/clip_0090.mp4,C:\Users\bianc\NLP Natural Language Processing\labios-argentos\data_release\work\new_discovery_rois\ITovsJg-q5c\rois_npz\clip_0090.npz,gs://labios-argentos-vsr-clean-v1/argentina/new_discovery/rois_npz/ITovsJg-q5c/clip_0090.npz,C:\Users\bianc\NLP Natural Language Processing\labios-argentos\data_release\work\new_discovery_rois\ITovsJg-q5c\clips_mp4\clip_0090.mp4,gs://labios-argentos-vsr-clean-v1/argentina/new_discovery/clips_mp4/ITovsJg-q5c/clip_0090.mp4,1.000,150,150x96x96,uint8,completed_roi,
argentina/new_discovery,ITovsJg-q5c,new_discovery::ITovsJg-q5c::clip_0091,clip_0091,C:\Users\bianc\NLP Natural Language Processing\labios-argentos\data_release\work\new_discovery_ingest\ITovsJg-q5c\clips_with_audio\clip_0091.mp4,gs://labios-argentos-vsr-clean-v1/argentina/new_discovery/clips_with_audio/ITovsJg-q5c/clip_0091.mp4,C:\Users\bianc\NLP Natural Language Processing\labios-argentos\data_release\work\new_discovery_rois\ITovsJg-q5c\rois_npz\clip_0091.npz,gs://labios-argentos-vsr-clean-v1/argentina/new_discovery/rois_npz/ITovsJg-q5c/clip_0091.npz,C:\Users\bianc\NLP Natural Language Processing\labios-argentos\data_release\work\new_discovery_rois\ITovsJg-q5c\clips_mp4\clip_0091.mp4,gs://labios-argentos-vsr-clean-v1/argentina/new_discovery/clips_mp4/ITovsJg-q5c/clip_0091.mp4,1.000,150,150x96x96,uint8,completed_roi,
argentina/new_discovery,ITovsJg-q5c,new_discovery::ITovsJg-q5c::clip_0092,clip_0092,C:\Users\bianc\NLP Natural Language Processing\labios-argentos\data_release\work\new_discovery_ingest\ITovsJg-q5c\clips_with_audio\clip_0092.mp4,gs://labios-argentos-vsr-clean-v1/argentina/new_discovery/clips_with_audio/ITovsJg-q5c/clip_0092.mp4,C:\Users\bianc\NLP Natural Language Processing\labios-argentos\data_release\work\new_discovery_rois\ITovsJg-q5c\rois_npz\clip_0092.npz,gs://labios-argentos-vsr-clean-v1/argentina/new_discovery/rois_npz/ITovsJg-q5c/clip_0092.npz,C:\Users\bianc\NLP Natural Language Processing\labios-argentos\data_release\work\new_discovery_rois\ITovsJg-q5c\clips_mp4\clip_0092.mp4,gs://labios-argentos-vsr-clean-v1/argentina/new_discovery/clips_mp4/ITovsJg-q5c/clip_0092.mp4,1.000,150,150x96x96,uint8,completed_roi,
argentina/new_discovery,ITovsJg-q5c,new_discovery::ITovsJg-q5c::clip_0093,clip_0093,C:\Users\bianc\NLP Natural Language Processing\labios-argentos\data_release\work\new_discovery_ingest\ITovsJg-q5c\clips_with_audio\clip_0093.mp4,gs://labios-argentos-vsr-clean-v1/argentina/new_discovery/clips_with_audio/ITovsJg-q5c/clip_0093.mp4,C:\Users\bianc\NLP Natural Language Processing\labios-argentos\data_release\work\new_discovery_rois\ITovsJg-q5c\rois_npz\clip_0093.npz,gs://labios-argentos-vsr-clean-v1/argentina/new_discovery/rois_npz/ITovsJg-q5c/clip_0093.npz,C:\Users\bianc\NLP Natural Language Processing\labios-argentos\data_release\work\new_discovery_rois\ITovsJg-q5c\clips_mp4\clip_0093.mp4,gs://labios-argentos-vsr-clean-v1/argentina/new_discovery/clips_mp4/ITovsJg-q5c/clip_0093.mp4,1.000,150,150x96x96,uint8,completed_roi,
argentina/new_discovery,ITovsJg-q5c,new_discovery::ITovsJg-q5c::clip_0094,clip_0094,C:\Users\bianc\NLP Natural Language Processing\labios-argentos\data_release\work\new_discovery_ingest\ITovsJg-q5c\clips_with_audio\clip_0094.mp4,gs://labios-argentos-vsr-clean-v1/argentina/new_discovery/clips_with_audio/ITovsJg-q5c/clip_0094.mp4,C:\Users\bianc\NLP Natural Language Processing\labios-argentos\data_release\work\new_discovery_rois\ITovsJg-q5c\rois_npz\clip_0094.npz,gs://labios-argentos-vsr-clean-v1/argentina/new_discovery/rois_npz/ITovsJg-q5c/clip_0094.npz,C:\Users\bianc\NLP Natural Language Processing\labios-argentos\data_release\work\new_discovery_rois\ITovsJg-q5c\clips_mp4\clip_0094.mp4,gs://labios-argentos-vsr-clean-v1/argentina/new_discovery/clips_mp4/ITovsJg-q5c/clip_0094.mp4,1.000,150,150x96x96,uint8,completed_roi,
argentina/new_discovery,ITovsJg-q5c,new_discovery::ITovsJg-q5c::clip_0095,clip_0095,C:\Users\bianc\NLP Natural Language Processing\labios-argentos\data_release\work\new_discovery_ingest\ITovsJg-q5c\clips_with_audio\clip_0095.mp4,gs://labios-argentos-vsr-clean-v1/argentina/new_discovery/clips_with_audio/ITovsJg-q5c/clip_0095.mp4,C:\Users\bianc\NLP Natural Language Processing\labios-argentos\data_release\work\new_discovery_rois\ITovsJg-q5c\rois_npz\clip_0095.npz,gs://labios-argentos-vsr-clean-v1/argentina/new_discovery/rois_npz/ITovsJg-q5c/clip_0095.npz,C:\Users\bianc\NLP Natural Language Processing\labios-argentos\data_release\work\new_discovery_rois\ITovsJg-q5c\clips_mp4\clip_0095.mp4,gs://labios-argentos-vsr-clean-v1/argentina/new_discovery/clips_mp4/ITovsJg-q5c/clip_0095.mp4,1.000,150,150x96x96,uint8,completed_roi,
argentina/new_discovery,ITovsJg-q5c,new_discovery::ITovsJg-q5c::clip_0096,clip_0096,C:\Users\bianc\NLP Natural Language Processing\labios-argentos\data_release\work\new_discovery_ingest\ITovsJg-q5c\clips_with_audio\clip_0096.mp4,gs://labios-argentos-vsr-clean-v1/argentina/new_discovery/clips_with_audio/ITovsJg-q5c/clip_0096.mp4,C:\Users\bianc\NLP Natural Language Processing\labios-argentos\data_release\work\new_discovery_rois\ITovsJg-q5c\rois_npz\clip_0096.npz,gs://labios-argentos-vsr-clean-v1/argentina/new_discovery/rois_npz/ITovsJg-q5c/clip_0096.npz,C:\Users\bianc\NLP Natural Language Processing\labios-argentos\data_release\work\new_discovery_rois\ITovsJg-q5c\clips_mp4\clip_0096.mp4,gs://labios-argentos-vsr-clean-v1/argentina/new_discovery/clips_mp4/ITovsJg-q5c/clip_0096.mp4,1.000,150,150x96x96,uint8,completed_roi,
argentina/new_discovery,ITovsJg-q5c,new_discovery::ITovsJg-q5c::clip_0097,clip_0097,C:\Users\bianc\NLP Natural Language Processing\labios-argentos\data_release\work\new_discovery_ingest\ITovsJg-q5c\clips_with_audio\clip_0097.mp4,gs://labios-argentos-vsr-clean-v1/argentina/new_discovery/clips_with_audio/ITovsJg-q5c/clip_0097.mp4,C:\Users\bianc\NLP Natural Language Processing\labios-argentos\data_release\work\new_discovery_rois\ITovsJg-q5c\rois_npz\clip_0097.npz,gs://labios-argentos-vsr-clean-v1/argentina/new_discovery/rois_npz/ITovsJg-q5c/clip_0097.npz,C:\Users\bianc\NLP Natural Language Processing\labios-argentos\data_release\work\new_discovery_rois\ITovsJg-q5c\clips_mp4\clip_0097.mp4,gs://labios-argentos-vsr-clean-v1/argentina/new_discovery/clips_mp4/ITovsJg-q5c/clip_0097.mp4,0.993,150,150x96x96,uint8,completed_roi,
argentina/new_discovery,ITovsJg-q5c,new_discovery::ITovsJg-q5c::clip_0098,clip_0098,C:\Users\bianc\NLP Natural Language Processing\labios-argentos\data_release\work\new_discovery_ingest\ITovsJg-q5c\clips_with_audio\clip_0098.mp4,gs://labios-argentos-vsr-clean-v1/argentina/new_discovery/clips_with_audio/ITovsJg-q5c/clip_0098.mp4,C:\Users\bianc\NLP Natural Language Processing\labios-argentos\data_release\work\new_discovery_rois\ITovsJg-q5c\rois_npz\clip_0098.npz,gs://labios-argentos-vsr-clean-v1/argentina/new_discovery/rois_npz/ITovsJg-q5c/clip_0098.npz,C:\Users\bianc\NLP Natural Language Processing\labios-argentos\data_release\work\new_discovery_rois\ITovsJg-q5c\clips_mp4\clip_0098.mp4,gs://labios-argentos-vsr-clean-v1/argentina/new_discovery/clips_mp4/ITovsJg-q5c/clip_0098.mp4,1.000,150,150x96x96,uint8,completed_roi,
argentina/new_discovery,ITovsJg-q5c,new_discovery::ITovsJg-q5c::clip_0099,clip_0099,C:\Users\bianc\NLP Natural Language Processing\labios-argentos\data_release\work\new_discovery_ingest\ITovsJg-q5c\clips_with_audio\clip_0099.mp4,gs://labios-argentos-vsr-clean-v1/argentina/new_discovery/clips_with_audio/ITovsJg-q5c/clip_0099.mp4,C:\Users\bianc\NLP Natural Language Processing\labios-argentos\data_release\work\new_discovery_rois\ITovsJg-q5c\rois_npz\clip_0099.npz,gs://labios-argentos-vsr-clean-v1/argentina/new_discovery/rois_npz/ITovsJg-q5c/clip_0099.npz,C:\Users\bianc\NLP Natural Language Processing\labios-argentos\data_release\work\new_discovery_rois\ITovsJg-q5c\clips_mp4\clip_0099.mp4,gs://labios-argentos-vsr-clean-v1/argentina/new_discovery/clips_mp4/ITovsJg-q5c/clip_0099.mp4,1.000,150,150x96x96,uint8,completed_roi,
