dataset_group,video_id,source_id,clip_id,clip_name,source_video_gcs_path,source_audio_gcs_path,start_time,end_time,duration,clip_video_path,clip_video_gcs_path,has_audio,status,notes
argentina/new_discovery,ITovsJg-q5c,ITovsJg-q5c,new_discovery::ITovsJg-q5c::clip_0000,clip_0000,gs://labios-argentos-vsr-clean-v1/argentina/new_discovery/source_videos/ITovsJg-q5c/ITovsJg-q5c.f398.mp4,gs://labios-argentos-vsr-clean-v1/argentina/new_discovery/source_audio/ITovsJg-q5c/ITovsJg-q5c.f251.webm,0.0,6.0,6.0,C:\Users\bianc\NLP Natural Language Processing\labios-argentos\data_release\work\new_discovery_ingest\ITovsJg-q5c\clips_with_audio\clip_0000.mp4,gs://labios-argentos-vsr-clean-v1/argentina/new_discovery/clips_with_audio/ITovsJg-q5c/clip_0000.mp4,true,completed_clip_with_audio,fixed_window_from_downloaded_source
argentina/new_discovery,ITovsJg-q5c,ITovsJg-q5c,new_discovery::ITovsJg-q5c::clip_0001,clip_0001,gs://labios-argentos-vsr-clean-v1/argentina/new_discovery/source_videos/ITovsJg-q5c/ITovsJg-q5c.f398.mp4,gs://labios-argentos-vsr-clean-v1/argentina/new_discovery/source_audio/ITovsJg-q5c/ITovsJg-q5c.f251.webm,6.0,12.0,6.0,C:\Users\bianc\NLP Natural Language Processing\labios-argentos\data_release\work\new_discovery_ingest\ITovsJg-q5c\clips_with_audio\clip_0001.mp4,gs://labios-argentos-vsr-clean-v1/argentina/new_discovery/clips_with_audio/ITovsJg-q5c/clip_0001.mp4,true,completed_clip_with_audio,fixed_window_from_downloaded_source
argentina/new_discovery,ITovsJg-q5c,ITovsJg-q5c,new_discovery::ITovsJg-q5c::clip_0002,clip_0002,gs://labios-argentos-vsr-clean-v1/argentina/new_discovery/source_videos/ITovsJg-q5c/ITovsJg-q5c.f398.mp4,gs://labios-argentos-vsr-clean-v1/argentina/new_discovery/source_audio/ITovsJg-q5c/ITovsJg-q5c.f251.webm,12.0,18.0,6.0,C:\Users\bianc\NLP Natural Language Processing\labios-argentos\data_release\work\new_discovery_ingest\ITovsJg-q5c\clips_with_audio\clip_0002.mp4,gs://labios-argentos-vsr-clean-v1/argentina/new_discovery/clips_with_audio/ITovsJg-q5c/clip_0002.mp4,true,completed_clip_with_audio,fixed_window_from_downloaded_source
argentina/new_discovery,ITovsJg-q5c,ITovsJg-q5c,new_discovery::ITovsJg-q5c::clip_0003,clip_0003,gs://labios-argentos-vsr-clean-v1/argentina/new_discovery/source_videos/ITovsJg-q5c/ITovsJg-q5c.f398.mp4,gs://labios-argentos-vsr-clean-v1/argentina/new_discovery/source_audio/ITovsJg-q5c/ITovsJg-q5c.f251.webm,18.0,24.0,6.0,C:\Users\bianc\NLP Natural Language Processing\labios-argentos\data_release\work\new_discovery_ingest\ITovsJg-q5c\clips_with_audio\clip_0003.mp4,gs://labios-argentos-vsr-clean-v1/argentina/new_discovery/clips_with_audio/ITovsJg-q5c/clip_0003.mp4,true,completed_clip_with_audio,fixed_window_from_downloaded_source
argentina/new_discovery,ITovsJg-q5c,ITovsJg-q5c,new_discovery::ITovsJg-q5c::clip_0004,clip_0004,gs://labios-argentos-vsr-clean-v1/argentina/new_discovery/source_videos/ITovsJg-q5c/ITovsJg-q5c.f398.mp4,gs://labios-argentos-vsr-clean-v1/argentina/new_discovery/source_audio/ITovsJg-q5c/ITovsJg-q5c.f251.webm,24.0,30.0,6.0,C:\Users\bianc\NLP Natural Language Processing\labios-argentos\data_release\work\new_discovery_ingest\ITovsJg-q5c\clips_with_audio\clip_0004.mp4,gs://labios-argentos-vsr-clean-v1/argentina/new_discovery/clips_with_audio/ITovsJg-q5c/clip_0004.mp4,true,completed_clip_with_audio,fixed_window_from_downloaded_source
argentina/new_discovery,ITovsJg-q5c,ITovsJg-q5c,new_discovery::ITovsJg-q5c::clip_0005,clip_0005,gs://labios-argentos-vsr-clean-v1/argentina/new_discovery/source_videos/ITovsJg-q5c/ITovsJg-q5c.f398.mp4,gs://labios-argentos-vsr-clean-v1/argentina/new_discovery/source_audio/ITovsJg-q5c/ITovsJg-q5c.f251.webm,30.0,36.0,6.0,C:\Users\bianc\NLP Natural Language Processing\labios-argentos\data_release\work\new_discovery_ingest\ITovsJg-q5c\clips_with_audio\clip_0005.mp4,gs://labios-argentos-vsr-clean-v1/argentina/new_discovery/clips_with_audio/ITovsJg-q5c/clip_0005.mp4,true,completed_clip_with_audio,fixed_window_from_downloaded_source
argentina/new_discovery,ITovsJg-q5c,ITovsJg-q5c,new_discovery::ITovsJg-q5c::clip_0006,clip_0006,gs://labios-argentos-vsr-clean-v1/argentina/new_discovery/source_videos/ITovsJg-q5c/ITovsJg-q5c.f398.mp4,gs://labios-argentos-vsr-clean-v1/argentina/new_discovery/source_audio/ITovsJg-q5c/ITovsJg-q5c.f251.webm,36.0,42.0,6.0,C:\Users\bianc\NLP Natural Language Processing\labios-argentos\data_release\work\new_discovery_ingest\ITovsJg-q5c\clips_with_audio\clip_0006.mp4,gs://labios-argentos-vsr-clean-v1/argentina/new_discovery/clips_with_audio/ITovsJg-q5c/clip_0006.mp4,true,completed_clip_with_audio,fixed_window_from_downloaded_source
argentina/new_discovery,ITovsJg-q5c,ITovsJg-q5c,new_discovery::ITovsJg-q5c::clip_0007,clip_0007,gs://labios-argentos-vsr-clean-v1/argentina/new_discovery/source_videos/ITovsJg-q5c/ITovsJg-q5c.f398.mp4,gs://labios-argentos-vsr-clean-v1/argentina/new_discovery/source_audio/ITovsJg-q5c/ITovsJg-q5c.f251.webm,42.0,48.0,6.0,C:\Users\bianc\NLP Natural Language Processing\labios-argentos\data_release\work\new_discovery_ingest\ITovsJg-q5c\clips_with_audio\clip_0007.mp4,gs://labios-argentos-vsr-clean-v1/argentina/new_discovery/clips_with_audio/ITovsJg-q5c/clip_0007.mp4,true,completed_clip_with_audio,fixed_window_from_downloaded_source
argentina/new_discovery,ITovsJg-q5c,ITovsJg-q5c,new_discovery::ITovsJg-q5c::clip_0008,clip_0008,gs://labios-argentos-vsr-clean-v1/argentina/new_discovery/source_videos/ITovsJg-q5c/ITovsJg-q5c.f398.mp4,gs://labios-argentos-vsr-clean-v1/argentina/new_discovery/source_audio/ITovsJg-q5c/ITovsJg-q5c.f251.webm,48.0,54.0,6.0,C:\Users\bianc\NLP Natural Language Processing\labios-argentos\data_release\work\new_discovery_ingest\ITovsJg-q5c\clips_with_audio\clip_0008.mp4,gs://labios-argentos-vsr-clean-v1/argentina/new_discovery/clips_with_audio/ITovsJg-q5c/clip_0008.mp4,true,completed_clip_with_audio,fixed_window_from_downloaded_source
argentina/new_discovery,ITovsJg-q5c,ITovsJg-q5c,new_discovery::ITovsJg-q5c::clip_0009,clip_0009,gs://labios-argentos-vsr-clean-v1/argentina/new_discovery/source_videos/ITovsJg-q5c/ITovsJg-q5c.f398.mp4,gs://labios-argentos-vsr-clean-v1/argentina/new_discovery/source_audio/ITovsJg-q5c/ITovsJg-q5c.f251.webm,54.0,60.0,6.0,C:\Users\bianc\NLP Natural Language Processing\labios-argentos\data_release\work\new_discovery_ingest\ITovsJg-q5c\clips_with_audio\clip_0009.mp4,gs://labios-argentos-vsr-clean-v1/argentina/new_discovery/clips_with_audio/ITovsJg-q5c/clip_0009.mp4,true,completed_clip_with_audio,fixed_window_from_downloaded_source
argentina/new_discovery,ITovsJg-q5c,ITovsJg-q5c,new_discovery::ITovsJg-q5c::clip_0010,clip_0010,gs://labios-argentos-vsr-clean-v1/argentina/new_discovery/source_videos/ITovsJg-q5c/ITovsJg-q5c.f398.mp4,gs://labios-argentos-vsr-clean-v1/argentina/new_discovery/source_audio/ITovsJg-q5c/ITovsJg-q5c.f251.webm,60.0,66.0,6.0,C:\Users\bianc\NLP Natural Language Processing\labios-argentos\data_release\work\new_discovery_ingest\ITovsJg-q5c\clips_with_audio\clip_0010.mp4,gs://labios-argentos-vsr-clean-v1/argentina/new_discovery/clips_with_audio/ITovsJg-q5c/clip_0010.mp4,true,completed_clip_with_audio,fixed_window_from_downloaded_source
argentina/new_discovery,ITovsJg-q5c,ITovsJg-q5c,new_discovery::ITovsJg-q5c::clip_0011,clip_0011,gs://labios-argentos-vsr-clean-v1/argentina/new_discovery/source_videos/ITovsJg-q5c/ITovsJg-q5c.f398.mp4,gs://labios-argentos-vsr-clean-v1/argentina/new_discovery/source_audio/ITovsJg-q5c/ITovsJg-q5c.f251.webm,66.0,72.0,6.0,C:\Users\bianc\NLP Natural Language Processing\labios-argentos\data_release\work\new_discovery_ingest\ITovsJg-q5c\clips_with_audio\clip_0011.mp4,gs://labios-argentos-vsr-clean-v1/argentina/new_discovery/clips_with_audio/ITovsJg-q5c/clip_0011.mp4,true,completed_clip_with_audio,fixed_window_from_downloaded_source
argentina/new_discovery,ITovsJg-q5c,ITovsJg-q5c,new_discovery::ITovsJg-q5c::clip_0012,clip_0012,gs://labios-argentos-vsr-clean-v1/argentina/new_discovery/source_videos/ITovsJg-q5c/ITovsJg-q5c.f398.mp4,gs://labios-argentos-vsr-clean-v1/argentina/new_discovery/source_audio/ITovsJg-q5c/ITovsJg-q5c.f251.webm,72.0,78.0,6.0,C:\Users\bianc\NLP Natural Language Processing\labios-argentos\data_release\work\new_discovery_ingest\ITovsJg-q5c\clips_with_audio\clip_0012.mp4,gs://labios-argentos-vsr-clean-v1/argentina/new_discovery/clips_with_audio/ITovsJg-q5c/clip_0012.mp4,true,completed_clip_with_audio,fixed_window_from_downloaded_source
argentina/new_discovery,ITovsJg-q5c,ITovsJg-q5c,new_discovery::ITovsJg-q5c::clip_0013,clip_0013,gs://labios-argentos-vsr-clean-v1/argentina/new_discovery/source_videos/ITovsJg-q5c/ITovsJg-q5c.f398.mp4,gs://labios-argentos-vsr-clean-v1/argentina/new_discovery/source_audio/ITovsJg-q5c/ITovsJg-q5c.f251.webm,78.0,84.0,6.0,C:\Users\bianc\NLP Natural Language Processing\labios-argentos\data_release\work\new_discovery_ingest\ITovsJg-q5c\clips_with_audio\clip_0013.mp4,gs://labios-argentos-vsr-clean-v1/argentina/new_discovery/clips_with_audio/ITovsJg-q5c/clip_0013.mp4,true,completed_clip_with_audio,fixed_window_from_downloaded_source
argentina/new_discovery,ITovsJg-q5c,ITovsJg-q5c,new_discovery::ITovsJg-q5c::clip_0014,clip_0014,gs://labios-argentos-vsr-clean-v1/argentina/new_discovery/source_videos/ITovsJg-q5c/ITovsJg-q5c.f398.mp4,gs://labios-argentos-vsr-clean-v1/argentina/new_discovery/source_audio/ITovsJg-q5c/ITovsJg-q5c.f251.webm,84.0,90.0,6.0,C:\Users\bianc\NLP Natural Language Processing\labios-argentos\data_release\work\new_discovery_ingest\ITovsJg-q5c\clips_with_audio\clip_0014.mp4,gs://labios-argentos-vsr-clean-v1/argentina/new_discovery/clips_with_audio/ITovsJg-q5c/clip_0014.mp4,true,completed_clip_with_audio,fixed_window_from_downloaded_source
argentina/new_discovery,ITovsJg-q5c,ITovsJg-q5c,new_discovery::ITovsJg-q5c::clip_0015,clip_0015,gs://labios-argentos-vsr-clean-v1/argentina/new_discovery/source_videos/ITovsJg-q5c/ITovsJg-q5c.f398.mp4,gs://labios-argentos-vsr-clean-v1/argentina/new_discovery/source_audio/ITovsJg-q5c/ITovsJg-q5c.f251.webm,90.0,96.0,6.0,C:\Users\bianc\NLP Natural Language Processing\labios-argentos\data_release\work\new_discovery_ingest\ITovsJg-q5c\clips_with_audio\clip_0015.mp4,gs://labios-argentos-vsr-clean-v1/argentina/new_discovery/clips_with_audio/ITovsJg-q5c/clip_0015.mp4,true,completed_clip_with_audio,fixed_window_from_downloaded_source
argentina/new_discovery,ITovsJg-q5c,ITovsJg-q5c,new_discovery::ITovsJg-q5c::clip_0016,clip_0016,gs://labios-argentos-vsr-clean-v1/argentina/new_discovery/source_videos/ITovsJg-q5c/ITovsJg-q5c.f398.mp4,gs://labios-argentos-vsr-clean-v1/argentina/new_discovery/source_audio/ITovsJg-q5c/ITovsJg-q5c.f251.webm,96.0,102.0,6.0,C:\Users\bianc\NLP Natural Language Processing\labios-argentos\data_release\work\new_discovery_ingest\ITovsJg-q5c\clips_with_audio\clip_0016.mp4,gs://labios-argentos-vsr-clean-v1/argentina/new_discovery/clips_with_audio/ITovsJg-q5c/clip_0016.mp4,true,completed_clip_with_audio,fixed_window_from_downloaded_source
argentina/new_discovery,ITovsJg-q5c,ITovsJg-q5c,new_discovery::ITovsJg-q5c::clip_0017,clip_0017,gs://labios-argentos-vsr-clean-v1/argentina/new_discovery/source_videos/ITovsJg-q5c/ITovsJg-q5c.f398.mp4,gs://labios-argentos-vsr-clean-v1/argentina/new_discovery/source_audio/ITovsJg-q5c/ITovsJg-q5c.f251.webm,102.0,108.0,6.0,C:\Users\bianc\NLP Natural Language Processing\labios-argentos\data_release\work\new_discovery_ingest\ITovsJg-q5c\clips_with_audio\clip_0017.mp4,gs://labios-argentos-vsr-clean-v1/argentina/new_discovery/clips_with_audio/ITovsJg-q5c/clip_0017.mp4,true,completed_clip_with_audio,fixed_window_from_downloaded_source
argentina/new_discovery,ITovsJg-q5c,ITovsJg-q5c,new_discovery::ITovsJg-q5c::clip_0018,clip_0018,gs://labios-argentos-vsr-clean-v1/argentina/new_discovery/source_videos/ITovsJg-q5c/ITovsJg-q5c.f398.mp4,gs://labios-argentos-vsr-clean-v1/argentina/new_discovery/source_audio/ITovsJg-q5c/ITovsJg-q5c.f251.webm,108.0,114.0,6.0,C:\Users\bianc\NLP Natural Language Processing\labios-argentos\data_release\work\new_discovery_ingest\ITovsJg-q5c\clips_with_audio\clip_0018.mp4,gs://labios-argentos-vsr-clean-v1/argentina/new_discovery/clips_with_audio/ITovsJg-q5c/clip_0018.mp4,true,completed_clip_with_audio,fixed_window_from_downloaded_source
argentina/new_discovery,ITovsJg-q5c,ITovsJg-q5c,new_discovery::ITovsJg-q5c::clip_0019,clip_0019,gs://labios-argentos-vsr-clean-v1/argentina/new_discovery/source_videos/ITovsJg-q5c/ITovsJg-q5c.f398.mp4,gs://labios-argentos-vsr-clean-v1/argentina/new_discovery/source_audio/ITovsJg-q5c/ITovsJg-q5c.f251.webm,114.0,120.0,6.0,C:\Users\bianc\NLP Natural Language Processing\labios-argentos\data_release\work\new_discovery_ingest\ITovsJg-q5c\clips_with_audio\clip_0019.mp4,gs://labios-argentos-vsr-clean-v1/argentina/new_discovery/clips_with_audio/ITovsJg-q5c/clip_0019.mp4,true,completed_clip_with_audio,fixed_window_from_downloaded_source
argentina/new_discovery,ITovsJg-q5c,ITovsJg-q5c,new_discovery::ITovsJg-q5c::clip_0020,clip_0020,gs://labios-argentos-vsr-clean-v1/argentina/new_discovery/source_videos/ITovsJg-q5c/ITovsJg-q5c.f398.mp4,gs://labios-argentos-vsr-clean-v1/argentina/new_discovery/source_audio/ITovsJg-q5c/ITovsJg-q5c.f251.webm,120.0,126.0,6.0,C:\Users\bianc\NLP Natural Language Processing\labios-argentos\data_release\work\new_discovery_ingest\ITovsJg-q5c\clips_with_audio\clip_0020.mp4,gs://labios-argentos-vsr-clean-v1/argentina/new_discovery/clips_with_audio/ITovsJg-q5c/clip_0020.mp4,true,completed_clip_with_audio,fixed_window_from_downloaded_source
argentina/new_discovery,ITovsJg-q5c,ITovsJg-q5c,new_discovery::ITovsJg-q5c::clip_0021,clip_0021,gs://labios-argentos-vsr-clean-v1/argentina/new_discovery/source_videos/ITovsJg-q5c/ITovsJg-q5c.f398.mp4,gs://labios-argentos-vsr-clean-v1/argentina/new_discovery/source_audio/ITovsJg-q5c/ITovsJg-q5c.f251.webm,126.0,132.0,6.0,C:\Users\bianc\NLP Natural Language Processing\labios-argentos\data_release\work\new_discovery_ingest\ITovsJg-q5c\clips_with_audio\clip_0021.mp4,gs://labios-argentos-vsr-clean-v1/argentina/new_discovery/clips_with_audio/ITovsJg-q5c/clip_0021.mp4,true,completed_clip_with_audio,fixed_window_from_downloaded_source
argentina/new_discovery,ITovsJg-q5c,ITovsJg-q5c,new_discovery::ITovsJg-q5c::clip_0022,clip_0022,gs://labios-argentos-vsr-clean-v1/argentina/new_discovery/source_videos/ITovsJg-q5c/ITovsJg-q5c.f398.mp4,gs://labios-argentos-vsr-clean-v1/argentina/new_discovery/source_audio/ITovsJg-q5c/ITovsJg-q5c.f251.webm,132.0,138.0,6.0,C:\Users\bianc\NLP Natural Language Processing\labios-argentos\data_release\work\new_discovery_ingest\ITovsJg-q5c\clips_with_audio\clip_0022.mp4,gs://labios-argentos-vsr-clean-v1/argentina/new_discovery/clips_with_audio/ITovsJg-q5c/clip_0022.mp4,true,completed_clip_with_audio,fixed_window_from_downloaded_source
argentina/new_discovery,ITovsJg-q5c,ITovsJg-q5c,new_discovery::ITovsJg-q5c::clip_0023,clip_0023,gs://labios-argentos-vsr-clean-v1/argentina/new_discovery/source_videos/ITovsJg-q5c/ITovsJg-q5c.f398.mp4,gs://labios-argentos-vsr-clean-v1/argentina/new_discovery/source_audio/ITovsJg-q5c/ITovsJg-q5c.f251.webm,138.0,144.0,6.0,C:\Users\bianc\NLP Natural Language Processing\labios-argentos\data_release\work\new_discovery_ingest\ITovsJg-q5c\clips_with_audio\clip_0023.mp4,gs://labios-argentos-vsr-clean-v1/argentina/new_discovery/clips_with_audio/ITovsJg-q5c/clip_0023.mp4,true,completed_clip_with_audio,fixed_window_from_downloaded_source
argentina/new_discovery,ITovsJg-q5c,ITovsJg-q5c,new_discovery::ITovsJg-q5c::clip_0024,clip_0024,gs://labios-argentos-vsr-clean-v1/argentina/new_discovery/source_videos/ITovsJg-q5c/ITovsJg-q5c.f398.mp4,gs://labios-argentos-vsr-clean-v1/argentina/new_discovery/source_audio/ITovsJg-q5c/ITovsJg-q5c.f251.webm,144.0,150.0,6.0,C:\Users\bianc\NLP Natural Language Processing\labios-argentos\data_release\work\new_discovery_ingest\ITovsJg-q5c\clips_with_audio\clip_0024.mp4,gs://labios-argentos-vsr-clean-v1/argentina/new_discovery/clips_with_audio/ITovsJg-q5c/clip_0024.mp4,true,completed_clip_with_audio,fixed_window_from_downloaded_source
argentina/new_discovery,ITovsJg-q5c,ITovsJg-q5c,new_discovery::ITovsJg-q5c::clip_0025,clip_0025,gs://labios-argentos-vsr-clean-v1/argentina/new_discovery/source_videos/ITovsJg-q5c/ITovsJg-q5c.f398.mp4,gs://labios-argentos-vsr-clean-v1/argentina/new_discovery/source_audio/ITovsJg-q5c/ITovsJg-q5c.f251.webm,150.0,156.0,6.0,C:\Users\bianc\NLP Natural Language Processing\labios-argentos\data_release\work\new_discovery_ingest\ITovsJg-q5c\clips_with_audio\clip_0025.mp4,gs://labios-argentos-vsr-clean-v1/argentina/new_discovery/clips_with_audio/ITovsJg-q5c/clip_0025.mp4,true,completed_clip_with_audio,fixed_window_from_downloaded_source
argentina/new_discovery,ITovsJg-q5c,ITovsJg-q5c,new_discovery::ITovsJg-q5c::clip_0026,clip_0026,gs://labios-argentos-vsr-clean-v1/argentina/new_discovery/source_videos/ITovsJg-q5c/ITovsJg-q5c.f398.mp4,gs://labios-argentos-vsr-clean-v1/argentina/new_discovery/source_audio/ITovsJg-q5c/ITovsJg-q5c.f251.webm,156.0,162.0,6.0,C:\Users\bianc\NLP Natural Language Processing\labios-argentos\data_release\work\new_discovery_ingest\ITovsJg-q5c\clips_with_audio\clip_0026.mp4,gs://labios-argentos-vsr-clean-v1/argentina/new_discovery/clips_with_audio/ITovsJg-q5c/clip_0026.mp4,true,completed_clip_with_audio,fixed_window_from_downloaded_source
argentina/new_discovery,ITovsJg-q5c,ITovsJg-q5c,new_discovery::ITovsJg-q5c::clip_0027,clip_0027,gs://labios-argentos-vsr-clean-v1/argentina/new_discovery/source_videos/ITovsJg-q5c/ITovsJg-q5c.f398.mp4,gs://labios-argentos-vsr-clean-v1/argentina/new_discovery/source_audio/ITovsJg-q5c/ITovsJg-q5c.f251.webm,162.0,168.0,6.0,C:\Users\bianc\NLP Natural Language Processing\labios-argentos\data_release\work\new_discovery_ingest\ITovsJg-q5c\clips_with_audio\clip_0027.mp4,gs://labios-argentos-vsr-clean-v1/argentina/new_discovery/clips_with_audio/ITovsJg-q5c/clip_0027.mp4,true,completed_clip_with_audio,fixed_window_from_downloaded_source
argentina/new_discovery,ITovsJg-q5c,ITovsJg-q5c,new_discovery::ITovsJg-q5c::clip_0028,clip_0028,gs://labios-argentos-vsr-clean-v1/argentina/new_discovery/source_videos/ITovsJg-q5c/ITovsJg-q5c.f398.mp4,gs://labios-argentos-vsr-clean-v1/argentina/new_discovery/source_audio/ITovsJg-q5c/ITovsJg-q5c.f251.webm,168.0,174.0,6.0,C:\Users\bianc\NLP Natural Language Processing\labios-argentos\data_release\work\new_discovery_ingest\ITovsJg-q5c\clips_with_audio\clip_0028.mp4,gs://labios-argentos-vsr-clean-v1/argentina/new_discovery/clips_with_audio/ITovsJg-q5c/clip_0028.mp4,true,completed_clip_with_audio,fixed_window_from_downloaded_source
argentina/new_discovery,ITovsJg-q5c,ITovsJg-q5c,new_discovery::ITovsJg-q5c::clip_0029,clip_0029,gs://labios-argentos-vsr-clean-v1/argentina/new_discovery/source_videos/ITovsJg-q5c/ITovsJg-q5c.f398.mp4,gs://labios-argentos-vsr-clean-v1/argentina/new_discovery/source_audio/ITovsJg-q5c/ITovsJg-q5c.f251.webm,174.0,180.0,6.0,C:\Users\bianc\NLP Natural Language Processing\labios-argentos\data_release\work\new_discovery_ingest\ITovsJg-q5c\clips_with_audio\clip_0029.mp4,gs://labios-argentos-vsr-clean-v1/argentina/new_discovery/clips_with_audio/ITovsJg-q5c/clip_0029.mp4,true,completed_clip_with_audio,fixed_window_from_downloaded_source
argentina/new_discovery,ITovsJg-q5c,ITovsJg-q5c,new_discovery::ITovsJg-q5c::clip_0030,clip_0030,gs://labios-argentos-vsr-clean-v1/argentina/new_discovery/source_videos/ITovsJg-q5c/ITovsJg-q5c.f398.mp4,gs://labios-argentos-vsr-clean-v1/argentina/new_discovery/source_audio/ITovsJg-q5c/ITovsJg-q5c.f251.webm,180.0,186.0,6.0,C:\Users\bianc\NLP Natural Language Processing\labios-argentos\data_release\work\new_discovery_ingest\ITovsJg-q5c\clips_with_audio\clip_0030.mp4,gs://labios-argentos-vsr-clean-v1/argentina/new_discovery/clips_with_audio/ITovsJg-q5c/clip_0030.mp4,true,completed_clip_with_audio,fixed_window_from_downloaded_source
argentina/new_discovery,ITovsJg-q5c,ITovsJg-q5c,new_discovery::ITovsJg-q5c::clip_0031,clip_0031,gs://labios-argentos-vsr-clean-v1/argentina/new_discovery/source_videos/ITovsJg-q5c/ITovsJg-q5c.f398.mp4,gs://labios-argentos-vsr-clean-v1/argentina/new_discovery/source_audio/ITovsJg-q5c/ITovsJg-q5c.f251.webm,186.0,192.0,6.0,C:\Users\bianc\NLP Natural Language Processing\labios-argentos\data_release\work\new_discovery_ingest\ITovsJg-q5c\clips_with_audio\clip_0031.mp4,gs://labios-argentos-vsr-clean-v1/argentina/new_discovery/clips_with_audio/ITovsJg-q5c/clip_0031.mp4,true,completed_clip_with_audio,fixed_window_from_downloaded_source
argentina/new_discovery,ITovsJg-q5c,ITovsJg-q5c,new_discovery::ITovsJg-q5c::clip_0032,clip_0032,gs://labios-argentos-vsr-clean-v1/argentina/new_discovery/source_videos/ITovsJg-q5c/ITovsJg-q5c.f398.mp4,gs://labios-argentos-vsr-clean-v1/argentina/new_discovery/source_audio/ITovsJg-q5c/ITovsJg-q5c.f251.webm,192.0,198.0,6.0,C:\Users\bianc\NLP Natural Language Processing\labios-argentos\data_release\work\new_discovery_ingest\ITovsJg-q5c\clips_with_audio\clip_0032.mp4,gs://labios-argentos-vsr-clean-v1/argentina/new_discovery/clips_with_audio/ITovsJg-q5c/clip_0032.mp4,true,completed_clip_with_audio,fixed_window_from_downloaded_source
argentina/new_discovery,ITovsJg-q5c,ITovsJg-q5c,new_discovery::ITovsJg-q5c::clip_0033,clip_0033,gs://labios-argentos-vsr-clean-v1/argentina/new_discovery/source_videos/ITovsJg-q5c/ITovsJg-q5c.f398.mp4,gs://labios-argentos-vsr-clean-v1/argentina/new_discovery/source_audio/ITovsJg-q5c/ITovsJg-q5c.f251.webm,198.0,204.0,6.0,C:\Users\bianc\NLP Natural Language Processing\labios-argentos\data_release\work\new_discovery_ingest\ITovsJg-q5c\clips_with_audio\clip_0033.mp4,gs://labios-argentos-vsr-clean-v1/argentina/new_discovery/clips_with_audio/ITovsJg-q5c/clip_0033.mp4,true,completed_clip_with_audio,fixed_window_from_downloaded_source
argentina/new_discovery,ITovsJg-q5c,ITovsJg-q5c,new_discovery::ITovsJg-q5c::clip_0034,clip_0034,gs://labios-argentos-vsr-clean-v1/argentina/new_discovery/source_videos/ITovsJg-q5c/ITovsJg-q5c.f398.mp4,gs://labios-argentos-vsr-clean-v1/argentina/new_discovery/source_audio/ITovsJg-q5c/ITovsJg-q5c.f251.webm,204.0,210.0,6.0,C:\Users\bianc\NLP Natural Language Processing\labios-argentos\data_release\work\new_discovery_ingest\ITovsJg-q5c\clips_with_audio\clip_0034.mp4,gs://labios-argentos-vsr-clean-v1/argentina/new_discovery/clips_with_audio/ITovsJg-q5c/clip_0034.mp4,true,completed_clip_with_audio,fixed_window_from_downloaded_source
argentina/new_discovery,ITovsJg-q5c,ITovsJg-q5c,new_discovery::ITovsJg-q5c::clip_0035,clip_0035,gs://labios-argentos-vsr-clean-v1/argentina/new_discovery/source_videos/ITovsJg-q5c/ITovsJg-q5c.f398.mp4,gs://labios-argentos-vsr-clean-v1/argentina/new_discovery/source_audio/ITovsJg-q5c/ITovsJg-q5c.f251.webm,210.0,216.0,6.0,C:\Users\bianc\NLP Natural Language Processing\labios-argentos\data_release\work\new_discovery_ingest\ITovsJg-q5c\clips_with_audio\clip_0035.mp4,gs://labios-argentos-vsr-clean-v1/argentina/new_discovery/clips_with_audio/ITovsJg-q5c/clip_0035.mp4,true,completed_clip_with_audio,fixed_window_from_downloaded_source
argentina/new_discovery,ITovsJg-q5c,ITovsJg-q5c,new_discovery::ITovsJg-q5c::clip_0036,clip_0036,gs://labios-argentos-vsr-clean-v1/argentina/new_discovery/source_videos/ITovsJg-q5c/ITovsJg-q5c.f398.mp4,gs://labios-argentos-vsr-clean-v1/argentina/new_discovery/source_audio/ITovsJg-q5c/ITovsJg-q5c.f251.webm,216.0,222.0,6.0,C:\Users\bianc\NLP Natural Language Processing\labios-argentos\data_release\work\new_discovery_ingest\ITovsJg-q5c\clips_with_audio\clip_0036.mp4,gs://labios-argentos-vsr-clean-v1/argentina/new_discovery/clips_with_audio/ITovsJg-q5c/clip_0036.mp4,true,completed_clip_with_audio,fixed_window_from_downloaded_source
argentina/new_discovery,ITovsJg-q5c,ITovsJg-q5c,new_discovery::ITovsJg-q5c::clip_0037,clip_0037,gs://labios-argentos-vsr-clean-v1/argentina/new_discovery/source_videos/ITovsJg-q5c/ITovsJg-q5c.f398.mp4,gs://labios-argentos-vsr-clean-v1/argentina/new_discovery/source_audio/ITovsJg-q5c/ITovsJg-q5c.f251.webm,222.0,228.0,6.0,C:\Users\bianc\NLP Natural Language Processing\labios-argentos\data_release\work\new_discovery_ingest\ITovsJg-q5c\clips_with_audio\clip_0037.mp4,gs://labios-argentos-vsr-clean-v1/argentina/new_discovery/clips_with_audio/ITovsJg-q5c/clip_0037.mp4,true,completed_clip_with_audio,fixed_window_from_downloaded_source
argentina/new_discovery,ITovsJg-q5c,ITovsJg-q5c,new_discovery::ITovsJg-q5c::clip_0038,clip_0038,gs://labios-argentos-vsr-clean-v1/argentina/new_discovery/source_videos/ITovsJg-q5c/ITovsJg-q5c.f398.mp4,gs://labios-argentos-vsr-clean-v1/argentina/new_discovery/source_audio/ITovsJg-q5c/ITovsJg-q5c.f251.webm,228.0,234.0,6.0,C:\Users\bianc\NLP Natural Language Processing\labios-argentos\data_release\work\new_discovery_ingest\ITovsJg-q5c\clips_with_audio\clip_0038.mp4,gs://labios-argentos-vsr-clean-v1/argentina/new_discovery/clips_with_audio/ITovsJg-q5c/clip_0038.mp4,true,completed_clip_with_audio,fixed_window_from_downloaded_source
argentina/new_discovery,ITovsJg-q5c,ITovsJg-q5c,new_discovery::ITovsJg-q5c::clip_0039,clip_0039,gs://labios-argentos-vsr-clean-v1/argentina/new_discovery/source_videos/ITovsJg-q5c/ITovsJg-q5c.f398.mp4,gs://labios-argentos-vsr-clean-v1/argentina/new_discovery/source_audio/ITovsJg-q5c/ITovsJg-q5c.f251.webm,234.0,240.0,6.0,C:\Users\bianc\NLP Natural Language Processing\labios-argentos\data_release\work\new_discovery_ingest\ITovsJg-q5c\clips_with_audio\clip_0039.mp4,gs://labios-argentos-vsr-clean-v1/argentina/new_discovery/clips_with_audio/ITovsJg-q5c/clip_0039.mp4,true,completed_clip_with_audio,fixed_window_from_downloaded_source
argentina/new_discovery,ITovsJg-q5c,ITovsJg-q5c,new_discovery::ITovsJg-q5c::clip_0040,clip_0040,gs://labios-argentos-vsr-clean-v1/argentina/new_discovery/source_videos/ITovsJg-q5c/ITovsJg-q5c.f398.mp4,gs://labios-argentos-vsr-clean-v1/argentina/new_discovery/source_audio/ITovsJg-q5c/ITovsJg-q5c.f251.webm,240.0,246.0,6.0,C:\Users\bianc\NLP Natural Language Processing\labios-argentos\data_release\work\new_discovery_ingest\ITovsJg-q5c\clips_with_audio\clip_0040.mp4,gs://labios-argentos-vsr-clean-v1/argentina/new_discovery/clips_with_audio/ITovsJg-q5c/clip_0040.mp4,true,completed_clip_with_audio,fixed_window_from_downloaded_source
argentina/new_discovery,ITovsJg-q5c,ITovsJg-q5c,new_discovery::ITovsJg-q5c::clip_0041,clip_0041,gs://labios-argentos-vsr-clean-v1/argentina/new_discovery/source_videos/ITovsJg-q5c/ITovsJg-q5c.f398.mp4,gs://labios-argentos-vsr-clean-v1/argentina/new_discovery/source_audio/ITovsJg-q5c/ITovsJg-q5c.f251.webm,246.0,252.0,6.0,C:\Users\bianc\NLP Natural Language Processing\labios-argentos\data_release\work\new_discovery_ingest\ITovsJg-q5c\clips_with_audio\clip_0041.mp4,gs://labios-argentos-vsr-clean-v1/argentina/new_discovery/clips_with_audio/ITovsJg-q5c/clip_0041.mp4,true,completed_clip_with_audio,fixed_window_from_downloaded_source
argentina/new_discovery,ITovsJg-q5c,ITovsJg-q5c,new_discovery::ITovsJg-q5c::clip_0042,clip_0042,gs://labios-argentos-vsr-clean-v1/argentina/new_discovery/source_videos/ITovsJg-q5c/ITovsJg-q5c.f398.mp4,gs://labios-argentos-vsr-clean-v1/argentina/new_discovery/source_audio/ITovsJg-q5c/ITovsJg-q5c.f251.webm,252.0,258.0,6.0,C:\Users\bianc\NLP Natural Language Processing\labios-argentos\data_release\work\new_discovery_ingest\ITovsJg-q5c\clips_with_audio\clip_0042.mp4,gs://labios-argentos-vsr-clean-v1/argentina/new_discovery/clips_with_audio/ITovsJg-q5c/clip_0042.mp4,true,completed_clip_with_audio,fixed_window_from_downloaded_source
argentina/new_discovery,ITovsJg-q5c,ITovsJg-q5c,new_discovery::ITovsJg-q5c::clip_0043,clip_0043,gs://labios-argentos-vsr-clean-v1/argentina/new_discovery/source_videos/ITovsJg-q5c/ITovsJg-q5c.f398.mp4,gs://labios-argentos-vsr-clean-v1/argentina/new_discovery/source_audio/ITovsJg-q5c/ITovsJg-q5c.f251.webm,258.0,264.0,6.0,C:\Users\bianc\NLP Natural Language Processing\labios-argentos\data_release\work\new_discovery_ingest\ITovsJg-q5c\clips_with_audio\clip_0043.mp4,gs://labios-argentos-vsr-clean-v1/argentina/new_discovery/clips_with_audio/ITovsJg-q5c/clip_0043.mp4,true,completed_clip_with_audio,fixed_window_from_downloaded_source
argentina/new_discovery,ITovsJg-q5c,ITovsJg-q5c,new_discovery::ITovsJg-q5c::clip_0044,clip_0044,gs://labios-argentos-vsr-clean-v1/argentina/new_discovery/source_videos/ITovsJg-q5c/ITovsJg-q5c.f398.mp4,gs://labios-argentos-vsr-clean-v1/argentina/new_discovery/source_audio/ITovsJg-q5c/ITovsJg-q5c.f251.webm,264.0,270.0,6.0,C:\Users\bianc\NLP Natural Language Processing\labios-argentos\data_release\work\new_discovery_ingest\ITovsJg-q5c\clips_with_audio\clip_0044.mp4,gs://labios-argentos-vsr-clean-v1/argentina/new_discovery/clips_with_audio/ITovsJg-q5c/clip_0044.mp4,true,completed_clip_with_audio,fixed_window_from_downloaded_source
argentina/new_discovery,ITovsJg-q5c,ITovsJg-q5c,new_discovery::ITovsJg-q5c::clip_0045,clip_0045,gs://labios-argentos-vsr-clean-v1/argentina/new_discovery/source_videos/ITovsJg-q5c/ITovsJg-q5c.f398.mp4,gs://labios-argentos-vsr-clean-v1/argentina/new_discovery/source_audio/ITovsJg-q5c/ITovsJg-q5c.f251.webm,270.0,276.0,6.0,C:\Users\bianc\NLP Natural Language Processing\labios-argentos\data_release\work\new_discovery_ingest\ITovsJg-q5c\clips_with_audio\clip_0045.mp4,gs://labios-argentos-vsr-clean-v1/argentina/new_discovery/clips_with_audio/ITovsJg-q5c/clip_0045.mp4,true,completed_clip_with_audio,fixed_window_from_downloaded_source
argentina/new_discovery,ITovsJg-q5c,ITovsJg-q5c,new_discovery::ITovsJg-q5c::clip_0046,clip_0046,gs://labios-argentos-vsr-clean-v1/argentina/new_discovery/source_videos/ITovsJg-q5c/ITovsJg-q5c.f398.mp4,gs://labios-argentos-vsr-clean-v1/argentina/new_discovery/source_audio/ITovsJg-q5c/ITovsJg-q5c.f251.webm,276.0,282.0,6.0,C:\Users\bianc\NLP Natural Language Processing\labios-argentos\data_release\work\new_discovery_ingest\ITovsJg-q5c\clips_with_audio\clip_0046.mp4,gs://labios-argentos-vsr-clean-v1/argentina/new_discovery/clips_with_audio/ITovsJg-q5c/clip_0046.mp4,true,completed_clip_with_audio,fixed_window_from_downloaded_source
argentina/new_discovery,ITovsJg-q5c,ITovsJg-q5c,new_discovery::ITovsJg-q5c::clip_0047,clip_0047,gs://labios-argentos-vsr-clean-v1/argentina/new_discovery/source_videos/ITovsJg-q5c/ITovsJg-q5c.f398.mp4,gs://labios-argentos-vsr-clean-v1/argentina/new_discovery/source_audio/ITovsJg-q5c/ITovsJg-q5c.f251.webm,282.0,288.0,6.0,C:\Users\bianc\NLP Natural Language Processing\labios-argentos\data_release\work\new_discovery_ingest\ITovsJg-q5c\clips_with_audio\clip_0047.mp4,gs://labios-argentos-vsr-clean-v1/argentina/new_discovery/clips_with_audio/ITovsJg-q5c/clip_0047.mp4,true,completed_clip_with_audio,fixed_window_from_downloaded_source
argentina/new_discovery,ITovsJg-q5c,ITovsJg-q5c,new_discovery::ITovsJg-q5c::clip_0048,clip_0048,gs://labios-argentos-vsr-clean-v1/argentina/new_discovery/source_videos/ITovsJg-q5c/ITovsJg-q5c.f398.mp4,gs://labios-argentos-vsr-clean-v1/argentina/new_discovery/source_audio/ITovsJg-q5c/ITovsJg-q5c.f251.webm,288.0,294.0,6.0,C:\Users\bianc\NLP Natural Language Processing\labios-argentos\data_release\work\new_discovery_ingest\ITovsJg-q5c\clips_with_audio\clip_0048.mp4,gs://labios-argentos-vsr-clean-v1/argentina/new_discovery/clips_with_audio/ITovsJg-q5c/clip_0048.mp4,true,completed_clip_with_audio,fixed_window_from_downloaded_source
argentina/new_discovery,ITovsJg-q5c,ITovsJg-q5c,new_discovery::ITovsJg-q5c::clip_0049,clip_0049,gs://labios-argentos-vsr-clean-v1/argentina/new_discovery/source_videos/ITovsJg-q5c/ITovsJg-q5c.f398.mp4,gs://labios-argentos-vsr-clean-v1/argentina/new_discovery/source_audio/ITovsJg-q5c/ITovsJg-q5c.f251.webm,294.0,300.0,6.0,C:\Users\bianc\NLP Natural Language Processing\labios-argentos\data_release\work\new_discovery_ingest\ITovsJg-q5c\clips_with_audio\clip_0049.mp4,gs://labios-argentos-vsr-clean-v1/argentina/new_discovery/clips_with_audio/ITovsJg-q5c/clip_0049.mp4,true,completed_clip_with_audio,fixed_window_from_downloaded_source
argentina/new_discovery,ITovsJg-q5c,ITovsJg-q5c,new_discovery::ITovsJg-q5c::clip_0050,clip_0050,gs://labios-argentos-vsr-clean-v1/argentina/new_discovery/source_videos/ITovsJg-q5c/ITovsJg-q5c.f398.mp4,gs://labios-argentos-vsr-clean-v1/argentina/new_discovery/source_audio/ITovsJg-q5c/ITovsJg-q5c.f251.webm,300.0,306.0,6.0,C:\Users\bianc\NLP Natural Language Processing\labios-argentos\data_release\work\new_discovery_ingest\ITovsJg-q5c\clips_with_audio\clip_0050.mp4,gs://labios-argentos-vsr-clean-v1/argentina/new_discovery/clips_with_audio/ITovsJg-q5c/clip_0050.mp4,true,completed_clip_with_audio,fixed_window_from_downloaded_source
argentina/new_discovery,ITovsJg-q5c,ITovsJg-q5c,new_discovery::ITovsJg-q5c::clip_0051,clip_0051,gs://labios-argentos-vsr-clean-v1/argentina/new_discovery/source_videos/ITovsJg-q5c/ITovsJg-q5c.f398.mp4,gs://labios-argentos-vsr-clean-v1/argentina/new_discovery/source_audio/ITovsJg-q5c/ITovsJg-q5c.f251.webm,306.0,312.0,6.0,C:\Users\bianc\NLP Natural Language Processing\labios-argentos\data_release\work\new_discovery_ingest\ITovsJg-q5c\clips_with_audio\clip_0051.mp4,gs://labios-argentos-vsr-clean-v1/argentina/new_discovery/clips_with_audio/ITovsJg-q5c/clip_0051.mp4,true,completed_clip_with_audio,fixed_window_from_downloaded_source
argentina/new_discovery,ITovsJg-q5c,ITovsJg-q5c,new_discovery::ITovsJg-q5c::clip_0052,clip_0052,gs://labios-argentos-vsr-clean-v1/argentina/new_discovery/source_videos/ITovsJg-q5c/ITovsJg-q5c.f398.mp4,gs://labios-argentos-vsr-clean-v1/argentina/new_discovery/source_audio/ITovsJg-q5c/ITovsJg-q5c.f251.webm,312.0,318.0,6.0,C:\Users\bianc\NLP Natural Language Processing\labios-argentos\data_release\work\new_discovery_ingest\ITovsJg-q5c\clips_with_audio\clip_0052.mp4,gs://labios-argentos-vsr-clean-v1/argentina/new_discovery/clips_with_audio/ITovsJg-q5c/clip_0052.mp4,true,completed_clip_with_audio,fixed_window_from_downloaded_source
argentina/new_discovery,ITovsJg-q5c,ITovsJg-q5c,new_discovery::ITovsJg-q5c::clip_0053,clip_0053,gs://labios-argentos-vsr-clean-v1/argentina/new_discovery/source_videos/ITovsJg-q5c/ITovsJg-q5c.f398.mp4,gs://labios-argentos-vsr-clean-v1/argentina/new_discovery/source_audio/ITovsJg-q5c/ITovsJg-q5c.f251.webm,318.0,324.0,6.0,C:\Users\bianc\NLP Natural Language Processing\labios-argentos\data_release\work\new_discovery_ingest\ITovsJg-q5c\clips_with_audio\clip_0053.mp4,gs://labios-argentos-vsr-clean-v1/argentina/new_discovery/clips_with_audio/ITovsJg-q5c/clip_0053.mp4,true,completed_clip_with_audio,fixed_window_from_downloaded_source
argentina/new_discovery,ITovsJg-q5c,ITovsJg-q5c,new_discovery::ITovsJg-q5c::clip_0054,clip_0054,gs://labios-argentos-vsr-clean-v1/argentina/new_discovery/source_videos/ITovsJg-q5c/ITovsJg-q5c.f398.mp4,gs://labios-argentos-vsr-clean-v1/argentina/new_discovery/source_audio/ITovsJg-q5c/ITovsJg-q5c.f251.webm,324.0,330.0,6.0,C:\Users\bianc\NLP Natural Language Processing\labios-argentos\data_release\work\new_discovery_ingest\ITovsJg-q5c\clips_with_audio\clip_0054.mp4,gs://labios-argentos-vsr-clean-v1/argentina/new_discovery/clips_with_audio/ITovsJg-q5c/clip_0054.mp4,true,completed_clip_with_audio,fixed_window_from_downloaded_source
argentina/new_discovery,ITovsJg-q5c,ITovsJg-q5c,new_discovery::ITovsJg-q5c::clip_0055,clip_0055,gs://labios-argentos-vsr-clean-v1/argentina/new_discovery/source_videos/ITovsJg-q5c/ITovsJg-q5c.f398.mp4,gs://labios-argentos-vsr-clean-v1/argentina/new_discovery/source_audio/ITovsJg-q5c/ITovsJg-q5c.f251.webm,330.0,336.0,6.0,C:\Users\bianc\NLP Natural Language Processing\labios-argentos\data_release\work\new_discovery_ingest\ITovsJg-q5c\clips_with_audio\clip_0055.mp4,gs://labios-argentos-vsr-clean-v1/argentina/new_discovery/clips_with_audio/ITovsJg-q5c/clip_0055.mp4,true,completed_clip_with_audio,fixed_window_from_downloaded_source
argentina/new_discovery,ITovsJg-q5c,ITovsJg-q5c,new_discovery::ITovsJg-q5c::clip_0056,clip_0056,gs://labios-argentos-vsr-clean-v1/argentina/new_discovery/source_videos/ITovsJg-q5c/ITovsJg-q5c.f398.mp4,gs://labios-argentos-vsr-clean-v1/argentina/new_discovery/source_audio/ITovsJg-q5c/ITovsJg-q5c.f251.webm,336.0,342.0,6.0,C:\Users\bianc\NLP Natural Language Processing\labios-argentos\data_release\work\new_discovery_ingest\ITovsJg-q5c\clips_with_audio\clip_0056.mp4,gs://labios-argentos-vsr-clean-v1/argentina/new_discovery/clips_with_audio/ITovsJg-q5c/clip_0056.mp4,true,completed_clip_with_audio,fixed_window_from_downloaded_source
argentina/new_discovery,ITovsJg-q5c,ITovsJg-q5c,new_discovery::ITovsJg-q5c::clip_0057,clip_0057,gs://labios-argentos-vsr-clean-v1/argentina/new_discovery/source_videos/ITovsJg-q5c/ITovsJg-q5c.f398.mp4,gs://labios-argentos-vsr-clean-v1/argentina/new_discovery/source_audio/ITovsJg-q5c/ITovsJg-q5c.f251.webm,342.0,348.0,6.0,C:\Users\bianc\NLP Natural Language Processing\labios-argentos\data_release\work\new_discovery_ingest\ITovsJg-q5c\clips_with_audio\clip_0057.mp4,gs://labios-argentos-vsr-clean-v1/argentina/new_discovery/clips_with_audio/ITovsJg-q5c/clip_0057.mp4,true,completed_clip_with_audio,fixed_window_from_downloaded_source
argentina/new_discovery,ITovsJg-q5c,ITovsJg-q5c,new_discovery::ITovsJg-q5c::clip_0058,clip_0058,gs://labios-argentos-vsr-clean-v1/argentina/new_discovery/source_videos/ITovsJg-q5c/ITovsJg-q5c.f398.mp4,gs://labios-argentos-vsr-clean-v1/argentina/new_discovery/source_audio/ITovsJg-q5c/ITovsJg-q5c.f251.webm,348.0,354.0,6.0,C:\Users\bianc\NLP Natural Language Processing\labios-argentos\data_release\work\new_discovery_ingest\ITovsJg-q5c\clips_with_audio\clip_0058.mp4,gs://labios-argentos-vsr-clean-v1/argentina/new_discovery/clips_with_audio/ITovsJg-q5c/clip_0058.mp4,true,completed_clip_with_audio,fixed_window_from_downloaded_source
argentina/new_discovery,ITovsJg-q5c,ITovsJg-q5c,new_discovery::ITovsJg-q5c::clip_0059,clip_0059,gs://labios-argentos-vsr-clean-v1/argentina/new_discovery/source_videos/ITovsJg-q5c/ITovsJg-q5c.f398.mp4,gs://labios-argentos-vsr-clean-v1/argentina/new_discovery/source_audio/ITovsJg-q5c/ITovsJg-q5c.f251.webm,354.0,360.0,6.0,C:\Users\bianc\NLP Natural Language Processing\labios-argentos\data_release\work\new_discovery_ingest\ITovsJg-q5c\clips_with_audio\clip_0059.mp4,gs://labios-argentos-vsr-clean-v1/argentina/new_discovery/clips_with_audio/ITovsJg-q5c/clip_0059.mp4,true,completed_clip_with_audio,fixed_window_from_downloaded_source
argentina/new_discovery,ITovsJg-q5c,ITovsJg-q5c,new_discovery::ITovsJg-q5c::clip_0060,clip_0060,gs://labios-argentos-vsr-clean-v1/argentina/new_discovery/source_videos/ITovsJg-q5c/ITovsJg-q5c.f398.mp4,gs://labios-argentos-vsr-clean-v1/argentina/new_discovery/source_audio/ITovsJg-q5c/ITovsJg-q5c.f251.webm,360.0,366.0,6.0,C:\Users\bianc\NLP Natural Language Processing\labios-argentos\data_release\work\new_discovery_ingest\ITovsJg-q5c\clips_with_audio\clip_0060.mp4,gs://labios-argentos-vsr-clean-v1/argentina/new_discovery/clips_with_audio/ITovsJg-q5c/clip_0060.mp4,true,completed_clip_with_audio,fixed_window_from_downloaded_source
argentina/new_discovery,ITovsJg-q5c,ITovsJg-q5c,new_discovery::ITovsJg-q5c::clip_0061,clip_0061,gs://labios-argentos-vsr-clean-v1/argentina/new_discovery/source_videos/ITovsJg-q5c/ITovsJg-q5c.f398.mp4,gs://labios-argentos-vsr-clean-v1/argentina/new_discovery/source_audio/ITovsJg-q5c/ITovsJg-q5c.f251.webm,366.0,372.0,6.0,C:\Users\bianc\NLP Natural Language Processing\labios-argentos\data_release\work\new_discovery_ingest\ITovsJg-q5c\clips_with_audio\clip_0061.mp4,gs://labios-argentos-vsr-clean-v1/argentina/new_discovery/clips_with_audio/ITovsJg-q5c/clip_0061.mp4,true,completed_clip_with_audio,fixed_window_from_downloaded_source
argentina/new_discovery,ITovsJg-q5c,ITovsJg-q5c,new_discovery::ITovsJg-q5c::clip_0062,clip_0062,gs://labios-argentos-vsr-clean-v1/argentina/new_discovery/source_videos/ITovsJg-q5c/ITovsJg-q5c.f398.mp4,gs://labios-argentos-vsr-clean-v1/argentina/new_discovery/source_audio/ITovsJg-q5c/ITovsJg-q5c.f251.webm,372.0,378.0,6.0,C:\Users\bianc\NLP Natural Language Processing\labios-argentos\data_release\work\new_discovery_ingest\ITovsJg-q5c\clips_with_audio\clip_0062.mp4,gs://labios-argentos-vsr-clean-v1/argentina/new_discovery/clips_with_audio/ITovsJg-q5c/clip_0062.mp4,true,completed_clip_with_audio,fixed_window_from_downloaded_source
argentina/new_discovery,ITovsJg-q5c,ITovsJg-q5c,new_discovery::ITovsJg-q5c::clip_0063,clip_0063,gs://labios-argentos-vsr-clean-v1/argentina/new_discovery/source_videos/ITovsJg-q5c/ITovsJg-q5c.f398.mp4,gs://labios-argentos-vsr-clean-v1/argentina/new_discovery/source_audio/ITovsJg-q5c/ITovsJg-q5c.f251.webm,378.0,384.0,6.0,C:\Users\bianc\NLP Natural Language Processing\labios-argentos\data_release\work\new_discovery_ingest\ITovsJg-q5c\clips_with_audio\clip_0063.mp4,gs://labios-argentos-vsr-clean-v1/argentina/new_discovery/clips_with_audio/ITovsJg-q5c/clip_0063.mp4,true,completed_clip_with_audio,fixed_window_from_downloaded_source
argentina/new_discovery,ITovsJg-q5c,ITovsJg-q5c,new_discovery::ITovsJg-q5c::clip_0064,clip_0064,gs://labios-argentos-vsr-clean-v1/argentina/new_discovery/source_videos/ITovsJg-q5c/ITovsJg-q5c.f398.mp4,gs://labios-argentos-vsr-clean-v1/argentina/new_discovery/source_audio/ITovsJg-q5c/ITovsJg-q5c.f251.webm,384.0,390.0,6.0,C:\Users\bianc\NLP Natural Language Processing\labios-argentos\data_release\work\new_discovery_ingest\ITovsJg-q5c\clips_with_audio\clip_0064.mp4,gs://labios-argentos-vsr-clean-v1/argentina/new_discovery/clips_with_audio/ITovsJg-q5c/clip_0064.mp4,true,completed_clip_with_audio,fixed_window_from_downloaded_source
argentina/new_discovery,ITovsJg-q5c,ITovsJg-q5c,new_discovery::ITovsJg-q5c::clip_0065,clip_0065,gs://labios-argentos-vsr-clean-v1/argentina/new_discovery/source_videos/ITovsJg-q5c/ITovsJg-q5c.f398.mp4,gs://labios-argentos-vsr-clean-v1/argentina/new_discovery/source_audio/ITovsJg-q5c/ITovsJg-q5c.f251.webm,390.0,396.0,6.0,C:\Users\bianc\NLP Natural Language Processing\labios-argentos\data_release\work\new_discovery_ingest\ITovsJg-q5c\clips_with_audio\clip_0065.mp4,gs://labios-argentos-vsr-clean-v1/argentina/new_discovery/clips_with_audio/ITovsJg-q5c/clip_0065.mp4,true,completed_clip_with_audio,fixed_window_from_downloaded_source
argentina/new_discovery,ITovsJg-q5c,ITovsJg-q5c,new_discovery::ITovsJg-q5c::clip_0066,clip_0066,gs://labios-argentos-vsr-clean-v1/argentina/new_discovery/source_videos/ITovsJg-q5c/ITovsJg-q5c.f398.mp4,gs://labios-argentos-vsr-clean-v1/argentina/new_discovery/source_audio/ITovsJg-q5c/ITovsJg-q5c.f251.webm,396.0,402.0,6.0,C:\Users\bianc\NLP Natural Language Processing\labios-argentos\data_release\work\new_discovery_ingest\ITovsJg-q5c\clips_with_audio\clip_0066.mp4,gs://labios-argentos-vsr-clean-v1/argentina/new_discovery/clips_with_audio/ITovsJg-q5c/clip_0066.mp4,true,completed_clip_with_audio,fixed_window_from_downloaded_source
argentina/new_discovery,ITovsJg-q5c,ITovsJg-q5c,new_discovery::ITovsJg-q5c::clip_0067,clip_0067,gs://labios-argentos-vsr-clean-v1/argentina/new_discovery/source_videos/ITovsJg-q5c/ITovsJg-q5c.f398.mp4,gs://labios-argentos-vsr-clean-v1/argentina/new_discovery/source_audio/ITovsJg-q5c/ITovsJg-q5c.f251.webm,402.0,408.0,6.0,C:\Users\bianc\NLP Natural Language Processing\labios-argentos\data_release\work\new_discovery_ingest\ITovsJg-q5c\clips_with_audio\clip_0067.mp4,gs://labios-argentos-vsr-clean-v1/argentina/new_discovery/clips_with_audio/ITovsJg-q5c/clip_0067.mp4,true,completed_clip_with_audio,fixed_window_from_downloaded_source
argentina/new_discovery,ITovsJg-q5c,ITovsJg-q5c,new_discovery::ITovsJg-q5c::clip_0068,clip_0068,gs://labios-argentos-vsr-clean-v1/argentina/new_discovery/source_videos/ITovsJg-q5c/ITovsJg-q5c.f398.mp4,gs://labios-argentos-vsr-clean-v1/argentina/new_discovery/source_audio/ITovsJg-q5c/ITovsJg-q5c.f251.webm,408.0,414.0,6.0,C:\Users\bianc\NLP Natural Language Processing\labios-argentos\data_release\work\new_discovery_ingest\ITovsJg-q5c\clips_with_audio\clip_0068.mp4,gs://labios-argentos-vsr-clean-v1/argentina/new_discovery/clips_with_audio/ITovsJg-q5c/clip_0068.mp4,true,completed_clip_with_audio,fixed_window_from_downloaded_source
argentina/new_discovery,ITovsJg-q5c,ITovsJg-q5c,new_discovery::ITovsJg-q5c::clip_0069,clip_0069,gs://labios-argentos-vsr-clean-v1/argentina/new_discovery/source_videos/ITovsJg-q5c/ITovsJg-q5c.f398.mp4,gs://labios-argentos-vsr-clean-v1/argentina/new_discovery/source_audio/ITovsJg-q5c/ITovsJg-q5c.f251.webm,414.0,420.0,6.0,C:\Users\bianc\NLP Natural Language Processing\labios-argentos\data_release\work\new_discovery_ingest\ITovsJg-q5c\clips_with_audio\clip_0069.mp4,gs://labios-argentos-vsr-clean-v1/argentina/new_discovery/clips_with_audio/ITovsJg-q5c/clip_0069.mp4,true,completed_clip_with_audio,fixed_window_from_downloaded_source
argentina/new_discovery,ITovsJg-q5c,ITovsJg-q5c,new_discovery::ITovsJg-q5c::clip_0070,clip_0070,gs://labios-argentos-vsr-clean-v1/argentina/new_discovery/source_videos/ITovsJg-q5c/ITovsJg-q5c.f398.mp4,gs://labios-argentos-vsr-clean-v1/argentina/new_discovery/source_audio/ITovsJg-q5c/ITovsJg-q5c.f251.webm,420.0,426.0,6.0,C:\Users\bianc\NLP Natural Language Processing\labios-argentos\data_release\work\new_discovery_ingest\ITovsJg-q5c\clips_with_audio\clip_0070.mp4,gs://labios-argentos-vsr-clean-v1/argentina/new_discovery/clips_with_audio/ITovsJg-q5c/clip_0070.mp4,true,completed_clip_with_audio,fixed_window_from_downloaded_source
argentina/new_discovery,ITovsJg-q5c,ITovsJg-q5c,new_discovery::ITovsJg-q5c::clip_0071,clip_0071,gs://labios-argentos-vsr-clean-v1/argentina/new_discovery/source_videos/ITovsJg-q5c/ITovsJg-q5c.f398.mp4,gs://labios-argentos-vsr-clean-v1/argentina/new_discovery/source_audio/ITovsJg-q5c/ITovsJg-q5c.f251.webm,426.0,432.0,6.0,C:\Users\bianc\NLP Natural Language Processing\labios-argentos\data_release\work\new_discovery_ingest\ITovsJg-q5c\clips_with_audio\clip_0071.mp4,gs://labios-argentos-vsr-clean-v1/argentina/new_discovery/clips_with_audio/ITovsJg-q5c/clip_0071.mp4,true,completed_clip_with_audio,fixed_window_from_downloaded_source
argentina/new_discovery,ITovsJg-q5c,ITovsJg-q5c,new_discovery::ITovsJg-q5c::clip_0072,clip_0072,gs://labios-argentos-vsr-clean-v1/argentina/new_discovery/source_videos/ITovsJg-q5c/ITovsJg-q5c.f398.mp4,gs://labios-argentos-vsr-clean-v1/argentina/new_discovery/source_audio/ITovsJg-q5c/ITovsJg-q5c.f251.webm,432.0,438.0,6.0,C:\Users\bianc\NLP Natural Language Processing\labios-argentos\data_release\work\new_discovery_ingest\ITovsJg-q5c\clips_with_audio\clip_0072.mp4,gs://labios-argentos-vsr-clean-v1/argentina/new_discovery/clips_with_audio/ITovsJg-q5c/clip_0072.mp4,true,completed_clip_with_audio,fixed_window_from_downloaded_source
argentina/new_discovery,ITovsJg-q5c,ITovsJg-q5c,new_discovery::ITovsJg-q5c::clip_0073,clip_0073,gs://labios-argentos-vsr-clean-v1/argentina/new_discovery/source_videos/ITovsJg-q5c/ITovsJg-q5c.f398.mp4,gs://labios-argentos-vsr-clean-v1/argentina/new_discovery/source_audio/ITovsJg-q5c/ITovsJg-q5c.f251.webm,438.0,444.0,6.0,C:\Users\bianc\NLP Natural Language Processing\labios-argentos\data_release\work\new_discovery_ingest\ITovsJg-q5c\clips_with_audio\clip_0073.mp4,gs://labios-argentos-vsr-clean-v1/argentina/new_discovery/clips_with_audio/ITovsJg-q5c/clip_0073.mp4,true,completed_clip_with_audio,fixed_window_from_downloaded_source
argentina/new_discovery,ITovsJg-q5c,ITovsJg-q5c,new_discovery::ITovsJg-q5c::clip_0074,clip_0074,gs://labios-argentos-vsr-clean-v1/argentina/new_discovery/source_videos/ITovsJg-q5c/ITovsJg-q5c.f398.mp4,gs://labios-argentos-vsr-clean-v1/argentina/new_discovery/source_audio/ITovsJg-q5c/ITovsJg-q5c.f251.webm,444.0,450.0,6.0,C:\Users\bianc\NLP Natural Language Processing\labios-argentos\data_release\work\new_discovery_ingest\ITovsJg-q5c\clips_with_audio\clip_0074.mp4,gs://labios-argentos-vsr-clean-v1/argentina/new_discovery/clips_with_audio/ITovsJg-q5c/clip_0074.mp4,true,completed_clip_with_audio,fixed_window_from_downloaded_source
argentina/new_discovery,ITovsJg-q5c,ITovsJg-q5c,new_discovery::ITovsJg-q5c::clip_0075,clip_0075,gs://labios-argentos-vsr-clean-v1/argentina/new_discovery/source_videos/ITovsJg-q5c/ITovsJg-q5c.f398.mp4,gs://labios-argentos-vsr-clean-v1/argentina/new_discovery/source_audio/ITovsJg-q5c/ITovsJg-q5c.f251.webm,450.0,456.0,6.0,C:\Users\bianc\NLP Natural Language Processing\labios-argentos\data_release\work\new_discovery_ingest\ITovsJg-q5c\clips_with_audio\clip_0075.mp4,gs://labios-argentos-vsr-clean-v1/argentina/new_discovery/clips_with_audio/ITovsJg-q5c/clip_0075.mp4,true,completed_clip_with_audio,fixed_window_from_downloaded_source
argentina/new_discovery,ITovsJg-q5c,ITovsJg-q5c,new_discovery::ITovsJg-q5c::clip_0076,clip_0076,gs://labios-argentos-vsr-clean-v1/argentina/new_discovery/source_videos/ITovsJg-q5c/ITovsJg-q5c.f398.mp4,gs://labios-argentos-vsr-clean-v1/argentina/new_discovery/source_audio/ITovsJg-q5c/ITovsJg-q5c.f251.webm,456.0,462.0,6.0,C:\Users\bianc\NLP Natural Language Processing\labios-argentos\data_release\work\new_discovery_ingest\ITovsJg-q5c\clips_with_audio\clip_0076.mp4,gs://labios-argentos-vsr-clean-v1/argentina/new_discovery/clips_with_audio/ITovsJg-q5c/clip_0076.mp4,true,completed_clip_with_audio,fixed_window_from_downloaded_source
argentina/new_discovery,ITovsJg-q5c,ITovsJg-q5c,new_discovery::ITovsJg-q5c::clip_0077,clip_0077,gs://labios-argentos-vsr-clean-v1/argentina/new_discovery/source_videos/ITovsJg-q5c/ITovsJg-q5c.f398.mp4,gs://labios-argentos-vsr-clean-v1/argentina/new_discovery/source_audio/ITovsJg-q5c/ITovsJg-q5c.f251.webm,462.0,468.0,6.0,C:\Users\bianc\NLP Natural Language Processing\labios-argentos\data_release\work\new_discovery_ingest\ITovsJg-q5c\clips_with_audio\clip_0077.mp4,gs://labios-argentos-vsr-clean-v1/argentina/new_discovery/clips_with_audio/ITovsJg-q5c/clip_0077.mp4,true,completed_clip_with_audio,fixed_window_from_downloaded_source
argentina/new_discovery,ITovsJg-q5c,ITovsJg-q5c,new_discovery::ITovsJg-q5c::clip_0078,clip_0078,gs://labios-argentos-vsr-clean-v1/argentina/new_discovery/source_videos/ITovsJg-q5c/ITovsJg-q5c.f398.mp4,gs://labios-argentos-vsr-clean-v1/argentina/new_discovery/source_audio/ITovsJg-q5c/ITovsJg-q5c.f251.webm,468.0,474.0,6.0,C:\Users\bianc\NLP Natural Language Processing\labios-argentos\data_release\work\new_discovery_ingest\ITovsJg-q5c\clips_with_audio\clip_0078.mp4,gs://labios-argentos-vsr-clean-v1/argentina/new_discovery/clips_with_audio/ITovsJg-q5c/clip_0078.mp4,true,completed_clip_with_audio,fixed_window_from_downloaded_source
argentina/new_discovery,ITovsJg-q5c,ITovsJg-q5c,new_discovery::ITovsJg-q5c::clip_0079,clip_0079,gs://labios-argentos-vsr-clean-v1/argentina/new_discovery/source_videos/ITovsJg-q5c/ITovsJg-q5c.f398.mp4,gs://labios-argentos-vsr-clean-v1/argentina/new_discovery/source_audio/ITovsJg-q5c/ITovsJg-q5c.f251.webm,474.0,480.0,6.0,C:\Users\bianc\NLP Natural Language Processing\labios-argentos\data_release\work\new_discovery_ingest\ITovsJg-q5c\clips_with_audio\clip_0079.mp4,gs://labios-argentos-vsr-clean-v1/argentina/new_discovery/clips_with_audio/ITovsJg-q5c/clip_0079.mp4,true,completed_clip_with_audio,fixed_window_from_downloaded_source
argentina/new_discovery,ITovsJg-q5c,ITovsJg-q5c,new_discovery::ITovsJg-q5c::clip_0080,clip_0080,gs://labios-argentos-vsr-clean-v1/argentina/new_discovery/source_videos/ITovsJg-q5c/ITovsJg-q5c.f398.mp4,gs://labios-argentos-vsr-clean-v1/argentina/new_discovery/source_audio/ITovsJg-q5c/ITovsJg-q5c.f251.webm,480.0,486.0,6.0,C:\Users\bianc\NLP Natural Language Processing\labios-argentos\data_release\work\new_discovery_ingest\ITovsJg-q5c\clips_with_audio\clip_0080.mp4,gs://labios-argentos-vsr-clean-v1/argentina/new_discovery/clips_with_audio/ITovsJg-q5c/clip_0080.mp4,true,completed_clip_with_audio,fixed_window_from_downloaded_source
argentina/new_discovery,ITovsJg-q5c,ITovsJg-q5c,new_discovery::ITovsJg-q5c::clip_0081,clip_0081,gs://labios-argentos-vsr-clean-v1/argentina/new_discovery/source_videos/ITovsJg-q5c/ITovsJg-q5c.f398.mp4,gs://labios-argentos-vsr-clean-v1/argentina/new_discovery/source_audio/ITovsJg-q5c/ITovsJg-q5c.f251.webm,486.0,492.0,6.0,C:\Users\bianc\NLP Natural Language Processing\labios-argentos\data_release\work\new_discovery_ingest\ITovsJg-q5c\clips_with_audio\clip_0081.mp4,gs://labios-argentos-vsr-clean-v1/argentina/new_discovery/clips_with_audio/ITovsJg-q5c/clip_0081.mp4,true,completed_clip_with_audio,fixed_window_from_downloaded_source
argentina/new_discovery,ITovsJg-q5c,ITovsJg-q5c,new_discovery::ITovsJg-q5c::clip_0082,clip_0082,gs://labios-argentos-vsr-clean-v1/argentina/new_discovery/source_videos/ITovsJg-q5c/ITovsJg-q5c.f398.mp4,gs://labios-argentos-vsr-clean-v1/argentina/new_discovery/source_audio/ITovsJg-q5c/ITovsJg-q5c.f251.webm,492.0,498.0,6.0,C:\Users\bianc\NLP Natural Language Processing\labios-argentos\data_release\work\new_discovery_ingest\ITovsJg-q5c\clips_with_audio\clip_0082.mp4,gs://labios-argentos-vsr-clean-v1/argentina/new_discovery/clips_with_audio/ITovsJg-q5c/clip_0082.mp4,true,completed_clip_with_audio,fixed_window_from_downloaded_source
argentina/new_discovery,ITovsJg-q5c,ITovsJg-q5c,new_discovery::ITovsJg-q5c::clip_0083,clip_0083,gs://labios-argentos-vsr-clean-v1/argentina/new_discovery/source_videos/ITovsJg-q5c/ITovsJg-q5c.f398.mp4,gs://labios-argentos-vsr-clean-v1/argentina/new_discovery/source_audio/ITovsJg-q5c/ITovsJg-q5c.f251.webm,498.0,504.0,6.0,C:\Users\bianc\NLP Natural Language Processing\labios-argentos\data_release\work\new_discovery_ingest\ITovsJg-q5c\clips_with_audio\clip_0083.mp4,gs://labios-argentos-vsr-clean-v1/argentina/new_discovery/clips_with_audio/ITovsJg-q5c/clip_0083.mp4,true,completed_clip_with_audio,fixed_window_from_downloaded_source
argentina/new_discovery,ITovsJg-q5c,ITovsJg-q5c,new_discovery::ITovsJg-q5c::clip_0084,clip_0084,gs://labios-argentos-vsr-clean-v1/argentina/new_discovery/source_videos/ITovsJg-q5c/ITovsJg-q5c.f398.mp4,gs://labios-argentos-vsr-clean-v1/argentina/new_discovery/source_audio/ITovsJg-q5c/ITovsJg-q5c.f251.webm,504.0,510.0,6.0,C:\Users\bianc\NLP Natural Language Processing\labios-argentos\data_release\work\new_discovery_ingest\ITovsJg-q5c\clips_with_audio\clip_0084.mp4,gs://labios-argentos-vsr-clean-v1/argentina/new_discovery/clips_with_audio/ITovsJg-q5c/clip_0084.mp4,true,completed_clip_with_audio,fixed_window_from_downloaded_source
argentina/new_discovery,ITovsJg-q5c,ITovsJg-q5c,new_discovery::ITovsJg-q5c::clip_0085,clip_0085,gs://labios-argentos-vsr-clean-v1/argentina/new_discovery/source_videos/ITovsJg-q5c/ITovsJg-q5c.f398.mp4,gs://labios-argentos-vsr-clean-v1/argentina/new_discovery/source_audio/ITovsJg-q5c/ITovsJg-q5c.f251.webm,510.0,516.0,6.0,C:\Users\bianc\NLP Natural Language Processing\labios-argentos\data_release\work\new_discovery_ingest\ITovsJg-q5c\clips_with_audio\clip_0085.mp4,gs://labios-argentos-vsr-clean-v1/argentina/new_discovery/clips_with_audio/ITovsJg-q5c/clip_0085.mp4,true,completed_clip_with_audio,fixed_window_from_downloaded_source
argentina/new_discovery,ITovsJg-q5c,ITovsJg-q5c,new_discovery::ITovsJg-q5c::clip_0086,clip_0086,gs://labios-argentos-vsr-clean-v1/argentina/new_discovery/source_videos/ITovsJg-q5c/ITovsJg-q5c.f398.mp4,gs://labios-argentos-vsr-clean-v1/argentina/new_discovery/source_audio/ITovsJg-q5c/ITovsJg-q5c.f251.webm,516.0,522.0,6.0,C:\Users\bianc\NLP Natural Language Processing\labios-argentos\data_release\work\new_discovery_ingest\ITovsJg-q5c\clips_with_audio\clip_0086.mp4,gs://labios-argentos-vsr-clean-v1/argentina/new_discovery/clips_with_audio/ITovsJg-q5c/clip_0086.mp4,true,completed_clip_with_audio,fixed_window_from_downloaded_source
argentina/new_discovery,ITovsJg-q5c,ITovsJg-q5c,new_discovery::ITovsJg-q5c::clip_0087,clip_0087,gs://labios-argentos-vsr-clean-v1/argentina/new_discovery/source_videos/ITovsJg-q5c/ITovsJg-q5c.f398.mp4,gs://labios-argentos-vsr-clean-v1/argentina/new_discovery/source_audio/ITovsJg-q5c/ITovsJg-q5c.f251.webm,522.0,528.0,6.0,C:\Users\bianc\NLP Natural Language Processing\labios-argentos\data_release\work\new_discovery_ingest\ITovsJg-q5c\clips_with_audio\clip_0087.mp4,gs://labios-argentos-vsr-clean-v1/argentina/new_discovery/clips_with_audio/ITovsJg-q5c/clip_0087.mp4,true,completed_clip_with_audio,fixed_window_from_downloaded_source
argentina/new_discovery,ITovsJg-q5c,ITovsJg-q5c,new_discovery::ITovsJg-q5c::clip_0088,clip_0088,gs://labios-argentos-vsr-clean-v1/argentina/new_discovery/source_videos/ITovsJg-q5c/ITovsJg-q5c.f398.mp4,gs://labios-argentos-vsr-clean-v1/argentina/new_discovery/source_audio/ITovsJg-q5c/ITovsJg-q5c.f251.webm,528.0,534.0,6.0,C:\Users\bianc\NLP Natural Language Processing\labios-argentos\data_release\work\new_discovery_ingest\ITovsJg-q5c\clips_with_audio\clip_0088.mp4,gs://labios-argentos-vsr-clean-v1/argentina/new_discovery/clips_with_audio/ITovsJg-q5c/clip_0088.mp4,true,completed_clip_with_audio,fixed_window_from_downloaded_source
argentina/new_discovery,ITovsJg-q5c,ITovsJg-q5c,new_discovery::ITovsJg-q5c::clip_0089,clip_0089,gs://labios-argentos-vsr-clean-v1/argentina/new_discovery/source_videos/ITovsJg-q5c/ITovsJg-q5c.f398.mp4,gs://labios-argentos-vsr-clean-v1/argentina/new_discovery/source_audio/ITovsJg-q5c/ITovsJg-q5c.f251.webm,534.0,540.0,6.0,C:\Users\bianc\NLP Natural Language Processing\labios-argentos\data_release\work\new_discovery_ingest\ITovsJg-q5c\clips_with_audio\clip_0089.mp4,gs://labios-argentos-vsr-clean-v1/argentina/new_discovery/clips_with_audio/ITovsJg-q5c/clip_0089.mp4,true,completed_clip_with_audio,fixed_window_from_downloaded_source
argentina/new_discovery,ITovsJg-q5c,ITovsJg-q5c,new_discovery::ITovsJg-q5c::clip_0090,clip_0090,gs://labios-argentos-vsr-clean-v1/argentina/new_discovery/source_videos/ITovsJg-q5c/ITovsJg-q5c.f398.mp4,gs://labios-argentos-vsr-clean-v1/argentina/new_discovery/source_audio/ITovsJg-q5c/ITovsJg-q5c.f251.webm,540.0,546.0,6.0,C:\Users\bianc\NLP Natural Language Processing\labios-argentos\data_release\work\new_discovery_ingest\ITovsJg-q5c\clips_with_audio\clip_0090.mp4,gs://labios-argentos-vsr-clean-v1/argentina/new_discovery/clips_with_audio/ITovsJg-q5c/clip_0090.mp4,true,completed_clip_with_audio,fixed_window_from_downloaded_source
argentina/new_discovery,ITovsJg-q5c,ITovsJg-q5c,new_discovery::ITovsJg-q5c::clip_0091,clip_0091,gs://labios-argentos-vsr-clean-v1/argentina/new_discovery/source_videos/ITovsJg-q5c/ITovsJg-q5c.f398.mp4,gs://labios-argentos-vsr-clean-v1/argentina/new_discovery/source_audio/ITovsJg-q5c/ITovsJg-q5c.f251.webm,546.0,552.0,6.0,C:\Users\bianc\NLP Natural Language Processing\labios-argentos\data_release\work\new_discovery_ingest\ITovsJg-q5c\clips_with_audio\clip_0091.mp4,gs://labios-argentos-vsr-clean-v1/argentina/new_discovery/clips_with_audio/ITovsJg-q5c/clip_0091.mp4,true,completed_clip_with_audio,fixed_window_from_downloaded_source
argentina/new_discovery,ITovsJg-q5c,ITovsJg-q5c,new_discovery::ITovsJg-q5c::clip_0092,clip_0092,gs://labios-argentos-vsr-clean-v1/argentina/new_discovery/source_videos/ITovsJg-q5c/ITovsJg-q5c.f398.mp4,gs://labios-argentos-vsr-clean-v1/argentina/new_discovery/source_audio/ITovsJg-q5c/ITovsJg-q5c.f251.webm,552.0,558.0,6.0,C:\Users\bianc\NLP Natural Language Processing\labios-argentos\data_release\work\new_discovery_ingest\ITovsJg-q5c\clips_with_audio\clip_0092.mp4,gs://labios-argentos-vsr-clean-v1/argentina/new_discovery/clips_with_audio/ITovsJg-q5c/clip_0092.mp4,true,completed_clip_with_audio,fixed_window_from_downloaded_source
argentina/new_discovery,ITovsJg-q5c,ITovsJg-q5c,new_discovery::ITovsJg-q5c::clip_0093,clip_0093,gs://labios-argentos-vsr-clean-v1/argentina/new_discovery/source_videos/ITovsJg-q5c/ITovsJg-q5c.f398.mp4,gs://labios-argentos-vsr-clean-v1/argentina/new_discovery/source_audio/ITovsJg-q5c/ITovsJg-q5c.f251.webm,558.0,564.0,6.0,C:\Users\bianc\NLP Natural Language Processing\labios-argentos\data_release\work\new_discovery_ingest\ITovsJg-q5c\clips_with_audio\clip_0093.mp4,gs://labios-argentos-vsr-clean-v1/argentina/new_discovery/clips_with_audio/ITovsJg-q5c/clip_0093.mp4,true,completed_clip_with_audio,fixed_window_from_downloaded_source
argentina/new_discovery,ITovsJg-q5c,ITovsJg-q5c,new_discovery::ITovsJg-q5c::clip_0094,clip_0094,gs://labios-argentos-vsr-clean-v1/argentina/new_discovery/source_videos/ITovsJg-q5c/ITovsJg-q5c.f398.mp4,gs://labios-argentos-vsr-clean-v1/argentina/new_discovery/source_audio/ITovsJg-q5c/ITovsJg-q5c.f251.webm,564.0,570.0,6.0,C:\Users\bianc\NLP Natural Language Processing\labios-argentos\data_release\work\new_discovery_ingest\ITovsJg-q5c\clips_with_audio\clip_0094.mp4,gs://labios-argentos-vsr-clean-v1/argentina/new_discovery/clips_with_audio/ITovsJg-q5c/clip_0094.mp4,true,completed_clip_with_audio,fixed_window_from_downloaded_source
argentina/new_discovery,ITovsJg-q5c,ITovsJg-q5c,new_discovery::ITovsJg-q5c::clip_0095,clip_0095,gs://labios-argentos-vsr-clean-v1/argentina/new_discovery/source_videos/ITovsJg-q5c/ITovsJg-q5c.f398.mp4,gs://labios-argentos-vsr-clean-v1/argentina/new_discovery/source_audio/ITovsJg-q5c/ITovsJg-q5c.f251.webm,570.0,576.0,6.0,C:\Users\bianc\NLP Natural Language Processing\labios-argentos\data_release\work\new_discovery_ingest\ITovsJg-q5c\clips_with_audio\clip_0095.mp4,gs://labios-argentos-vsr-clean-v1/argentina/new_discovery/clips_with_audio/ITovsJg-q5c/clip_0095.mp4,true,completed_clip_with_audio,fixed_window_from_downloaded_source
argentina/new_discovery,ITovsJg-q5c,ITovsJg-q5c,new_discovery::ITovsJg-q5c::clip_0096,clip_0096,gs://labios-argentos-vsr-clean-v1/argentina/new_discovery/source_videos/ITovsJg-q5c/ITovsJg-q5c.f398.mp4,gs://labios-argentos-vsr-clean-v1/argentina/new_discovery/source_audio/ITovsJg-q5c/ITovsJg-q5c.f251.webm,576.0,582.0,6.0,C:\Users\bianc\NLP Natural Language Processing\labios-argentos\data_release\work\new_discovery_ingest\ITovsJg-q5c\clips_with_audio\clip_0096.mp4,gs://labios-argentos-vsr-clean-v1/argentina/new_discovery/clips_with_audio/ITovsJg-q5c/clip_0096.mp4,true,completed_clip_with_audio,fixed_window_from_downloaded_source
argentina/new_discovery,ITovsJg-q5c,ITovsJg-q5c,new_discovery::ITovsJg-q5c::clip_0097,clip_0097,gs://labios-argentos-vsr-clean-v1/argentina/new_discovery/source_videos/ITovsJg-q5c/ITovsJg-q5c.f398.mp4,gs://labios-argentos-vsr-clean-v1/argentina/new_discovery/source_audio/ITovsJg-q5c/ITovsJg-q5c.f251.webm,582.0,588.0,6.0,C:\Users\bianc\NLP Natural Language Processing\labios-argentos\data_release\work\new_discovery_ingest\ITovsJg-q5c\clips_with_audio\clip_0097.mp4,gs://labios-argentos-vsr-clean-v1/argentina/new_discovery/clips_with_audio/ITovsJg-q5c/clip_0097.mp4,true,completed_clip_with_audio,fixed_window_from_downloaded_source
argentina/new_discovery,ITovsJg-q5c,ITovsJg-q5c,new_discovery::ITovsJg-q5c::clip_0098,clip_0098,gs://labios-argentos-vsr-clean-v1/argentina/new_discovery/source_videos/ITovsJg-q5c/ITovsJg-q5c.f398.mp4,gs://labios-argentos-vsr-clean-v1/argentina/new_discovery/source_audio/ITovsJg-q5c/ITovsJg-q5c.f251.webm,588.0,594.0,6.0,C:\Users\bianc\NLP Natural Language Processing\labios-argentos\data_release\work\new_discovery_ingest\ITovsJg-q5c\clips_with_audio\clip_0098.mp4,gs://labios-argentos-vsr-clean-v1/argentina/new_discovery/clips_with_audio/ITovsJg-q5c/clip_0098.mp4,true,completed_clip_with_audio,fixed_window_from_downloaded_source
argentina/new_discovery,ITovsJg-q5c,ITovsJg-q5c,new_discovery::ITovsJg-q5c::clip_0099,clip_0099,gs://labios-argentos-vsr-clean-v1/argentina/new_discovery/source_videos/ITovsJg-q5c/ITovsJg-q5c.f398.mp4,gs://labios-argentos-vsr-clean-v1/argentina/new_discovery/source_audio/ITovsJg-q5c/ITovsJg-q5c.f251.webm,594.0,600.0,6.0,C:\Users\bianc\NLP Natural Language Processing\labios-argentos\data_release\work\new_discovery_ingest\ITovsJg-q5c\clips_with_audio\clip_0099.mp4,gs://labios-argentos-vsr-clean-v1/argentina/new_discovery/clips_with_audio/ITovsJg-q5c/clip_0099.mp4,true,completed_clip_with_audio,fixed_window_from_downloaded_source
