source_id,spk,titulo,clip_count,example_clips,n_frames_min,n_frames_mean,n_frames_max,text_examples,candidate_url,candidate_video_id,candidate_title,candidate_channel,candidate_duration,match_method,match_score,match_confidence,has_youtube_subs,has_youtube_auto_subs,source_status,notes
f01__AN_CDOTA_VIAJE_MUNDIAL_BRASIL_2014_parte_1,f01,ANÉCDOTA VIAJE MUNDIAL BRASIL 2014  parte 1,302,clip_0000|clip_0001|clip_0002|clip_0003|clip_0004,80,118.9,413,bueno amigos esta es una anecdota muy especial porque es un gran recuerdo y la apuesta es que creo haberla contado alguna vez y en mixer creo que fue entonces se perdieron mucho las transmisiones incluso se perdio la de duki y neo pero creo que habia que darla con detalles con fotos de como fue el viaje y demas || les comento los pongo en contexto argentina seleccion 2014 el maestro sabela al frente de la seleccion argentina parecia que nos daba molidos mangos en la primera ronda todos se acuerdan del partido con iran que nos salva messi || cuestion yo voy a ser sincero yo tampoco tenia tanta fe en la seleccion lo bancaba sabela pero habia cositas que no me gustaban bueno como somos los argentinos en eso tengo que ser honesto,https://www.youtube.com/watch?v=PyOSsNLEg4I,PyOSsNLEg4I,ANÉCDOTA VIAJE MUNDIAL BRASIL 2014 | parte 1,Momo,1596,ytsearch_title,100.0,high,false,true,mapped_high,"mapping_index=1; subtitles=; auto_subs=aa,ab,af,ak,am"
f02__AZZARO_REACCI_N_-_CICLO_TERMINADO_RACING_EMPAT_2-,f02,AZZARO REACCIÓN - CICLO TERMINADO RACING EMPATÓ 2-,165,clip_0000|clip_0001|clip_0002|clip_0003|clip_0006,80,134.17,351,es una verguenza absoluta lo que acaba de pasar en la cancha de racing || y la verdad es que cualquier cosa que pueda decir en este video || no no me voy a arrepentir no no me voy a arrepentir bajo ningun concepto,https://www.youtube.com/watch?v=a4ggqJZXnQE,a4ggqJZXnQE,AZZARO REACCIÓN - CICLO TERMINADO: RACING EMPATÓ 2-2 VS CARACAS Y QUEDÓ ELIMINADO EN LA SUDAMERICANA,AZZ,1141,ytsearch_title,65.28,low,false,true,needs_review,"mapping_index=2; subtitles=; auto_subs=aa,ab,af,ak,am"
f03__AZZARO_REACCI_N_-_RIVER_A_LA_FINAL_LE_GAN_1-0_A,f03,"AZZARO REACCIÓN - RIVER, A LA FINAL LE GANÓ 1-0 A",221,clip_0000|clip_0001|clip_0002|clip_0003|clip_0004,79,128.19,267,y river se metio en la final y river que durante todo el semestre estuvimos diciendo || no tiene el plantel que deberia tener esta plagado de pibes || hay jugadores que no estan a la altura que culo que tiene river,https://www.youtube.com/watch?v=9k48Da7vkzE,9k48Da7vkzE,"AZZARO REACCIÓN - RIVER, A LA FINAL: LE GANÓ 1-0 A CENTRAL EN EL MONUMENTAL",AZZ,1255,ytsearch_title,78.63,medium,false,true,mapped_medium,"mapping_index=3; subtitles=; auto_subs=aa,ab,af,ak,am"
f04__BULLRICH_DESAF_A_a_KARINA_MILEI_con_el_3_ESTA_SE,f04,BULLRICH DESAFÍA a KARINA MILEI con el 3%  ESTA SE,97,clip_0008|clip_0009|clip_0010|clip_0011|clip_0012,79,121.69,252,porque esta lia porque estuvo bueno el guion || que sentis vos ian ayesa bienvenido nuevamente || que tal buenas tardes yo no se cuanta gente le ve en general,https://www.youtube.com/watch?v=Dp3FkqrX3a4,Dp3FkqrX3a4,BULLRICH DESAFÍA a KARINA MILEI con el 3% | ESTA SEMANA EN SPRINGFIELD con Pedro ROSEMBLAT,GELATINA,1198,ytsearch_title,71.11,medium,false,true,mapped_medium,"mapping_index=4; subtitles=; auto_subs=aa,ab,af,ak,am"
f05__CHARLA_SOBRE_EL_AMOR_Y_EL_DESAMOR,f05,CHARLA SOBRE EL AMOR Y EL DESAMOR,233,clip_0000|clip_0001|clip_0002|clip_0003|clip_0004,75,98.71,200,voy a antereccionar maria del cerro y ahora que hay un monton de gente en el chat les quiero decir algo || la vida aca voy a aparecer un hippie o esas finas que leen el horoscopo || pero la vida posta que se trata de energias,https://www.youtube.com/watch?v=_GTu8K8a_Jw,_GTu8K8a_Jw,CHARLA SOBRE EL AMOR Y EL DESAMOR,Coscu,989,ytsearch_title,100.0,high,false,true,mapped_high,"mapping_index=5; subtitles=; auto_subs=aa,ab,af,ak,am"
f06__Coronavirus_conferencia_completa_de_Alberto_Fern_n,f06,Coronavirus conferencia completa de Alberto Fernán,184,clip_0001|clip_0002|clip_0003|clip_0004|clip_0005,80,126.79,250,buenas tardes a todos a todas a ver tuvimos hoy una nueva reunion con el || con el gabinete con la parte del gabinete que esta dedicado al problema del coronavirus || y con los expertos en infectologia y los expertos medicos,https://www.youtube.com/watch?v=KlGIXhSc1LI,KlGIXhSc1LI,Coronavirus | Resumen: lo que dejó la conferencia de Alberto Fernández,Todo Noticias,237,ytsearch_title,70.09,medium,false,true,mapped_medium,"mapping_index=6; subtitles=; auto_subs=aa,ab,af,ak,am"
f07__DAVOO_XENEIZE_OPINA_DE_BOCA_0_UNIVERSIDAD_CATOLICA,f07,DAVOO XENEIZE OPINA DE BOCA 0 UNIVERSIDAD CATOLICA,937,clip_0000|clip_0001|clip_0002|clip_0003|clip_0004,79,100.71,421,el club atletico boca juniors perdio 1 a 0 frente a universidad catolica en la bombonera || en el estadio alberto jose armando y queda eliminado de la copa libertadores en fase de grupos || primera vez que un equipo chileno gana en la bombonera en copa libertadores,https://www.youtube.com/watch?v=ChceWp7jwCA,ChceWp7jwCA,DAVOO XENEIZE OPINA DE BOCA 0 UNIVERSIDAD CATOLICA 1 (2026) - FECHA 6 - COPA LIBERTADORES.,Davoo Xeneize,3720,ytsearch_title,75.19,medium,false,true,mapped_medium,"mapping_index=7; subtitles=; auto_subs=aa,ab,af,ak,am"
f08__EL_DIA_QUE_CASI_MATO_A_MI_TIO_An_cdota_real,f08,EL DIA QUE CASI MATO A MI TIO (Anécdota real),23,clip_0000|clip_0001|clip_0002|clip_0003|clip_0004,254,258.13,270,bienvenidos amigos como estan les doy la bienvenida a una anecdota graciosa hoy les voy a contar una historia real como se dice story time algo que es real algo que paso y que realmente casi || termino de una manera muy tragica porque fue un cago de risa lo que paso es una de las anecdotas de las experiencias que me han pasado en la vida mas raras y quedense hasta el final del video porque no lo van a poder creer es como lucas || como carajo paso eso antes que nada muchas gracias por dar me gusta al video compartilo con sus amigos suscribete al canal y activa la campanita todo eso que ustedes saben asi que ponete comodo comoda ahi en tu casa porque te voy,https://www.youtube.com/watch?v=Yqe3Z8zVS_A,Yqe3Z8zVS_A,EL DIA QUE CASI MATO A MI TIO (Anécdota real),Lucas Castel :D,494,ytsearch_title,100.0,high,false,true,mapped_high,"mapping_index=8; subtitles=; auto_subs=aa,ab,af,ak,am"
f09__ESTOY_EN_UN_BROTE_PERDON,f09,ESTOY EN UN BROTE PERDON,207,clip_0000|clip_0001|clip_0002|clip_0003|clip_0005,32,204.38,286,hola a todos mi nombre es pablo agustin y si estas suscripto eso esta muy bien en el dia de hoy yo estoy teniendo un brote yo no me siento un poco bien estoy con un bajon de presion entonces yo tengo que blanquearlo de || entrada porque si no este video no va a ir ni para delante ni para atras || hay que aceptar que en la vida hay crisis o sea la vida es lo bueno y la vida es lo malo bueno etcetera etcetera cosas que ya aprendimos bueno esta bien eso lo hablo con victoria,https://www.youtube.com/watch?v=FhPgg2-hIDU,FhPgg2-hIDU,ESTOY EN UN BROTE PERDON,PabloAgustin,1936,ytsearch_title,100.0,high,false,true,mapped_high,"mapping_index=9; subtitles=; auto_subs=aa,ab,af,ak,am"
f10__El_mensaje_de_Coscu_sobre_EL_AMOR,f10,El mensaje de Coscu sobre EL AMOR,7,clip_0000|clip_0001|clip_0002|clip_0003|clip_0004,86,157.29,258,yo me vine a preguntar aca corte con mi novia estoy re mal se que es una catastrofe pero despues de la catastrofe || viene una etapa increible para nosotros saben cual es || cuando hacemos el duelo cuando nos tomamos nuestro tiempo cuando lloramos lloramos lloramos,https://www.youtube.com/watch?v=HxbDNIhQ4xU,HxbDNIhQ4xU,"La convivencia, no muy buena idea: Fernando Sanjiao at TEDxUTN",TEDx Talks,529,existing_manifest_url_metadata_mismatch,25.81,none,false,true,blocked_source_not_found,"mapping_index=10; subtitles=; auto_subs=aa,ab,af,ak,am"
f11__Entrevista_completa_por_mi_libro_Franco_con_Diego,f11,Entrevista completa por mi libro Franco con Diego,295,clip_0015|clip_0019|clip_0020|clip_0021|clip_0024,79,137.06,385,ahi esta francisco yo lo he llevado millones de veces ahi pero bueno que se yo || una mezcla digo yo no pero un dia creo que en la pandemia dije || voy a escribir mi vision de quien fue papa,https://www.youtube.com/watch?v=EKVYAG_I44g,EKVYAG_I44g,"Entrevista completa por mi libro ""Franco"" con Diego Sehinkman",Mauricio Macri,3639,ytsearch_title,90.74,high,false,true,mapped_high,"mapping_index=11; subtitles=; auto_subs=aa,ab,af,ak,am"
f12__GASPI_DAMIAN_KUC_LA_REINI_BOTTERO_EL_MUNDIAL_Y,f12,"GASPI, DAMIAN KUC, LA REINI, BOTTERO, EL MUNDIAL Y",360,clip_0000|clip_0001|clip_0003|clip_0004|clip_0005,79,106.18,849,hola a todos mi nombre es pablo agustin y si estas suscripto eso esta muy bien y si sos miembro mucho mejor || en el dia de hoy tenemos noticias siiii yey || lo vamos a tratar al final porque ya venimos de semanas estamos o sea tenemos que levantar y las noticias estan muy dificiles,https://www.youtube.com/watch?v=VpCoTQ9073o,VpCoTQ9073o,"GASPI, DAMIAN KUC, LA REINI, BOTTERO, EL MUNDIAL Y MÁS",PabloAgustin,1731,ytsearch_title,95.83,high,false,true,mapped_high,"mapping_index=12; subtitles=; auto_subs=aa,ab,af,ak,am"
f13__JULI_POGGIO_EN_FERN_CON_GREGO,f13,JULI POGGIO EN FERNÉ CON GREGO,556,clip_0000|clip_0001|clip_0002|clip_0003|clip_0004,79,121.17,270,trabaje muchisimo en flores en avellaneda te juro que yo era la reina de avellaneda || en serio me encanta es una persona con la cual es muy dificil pelear || ah si por que te lo digo como hermana porque es esa gente que te dice tipo dale dale buenisimo si,https://www.youtube.com/watch?v=1zF5z-CjewQ,1zF5z-CjewQ,JULI POGGIO EN FERNÉ CON GREGO,Grego Rossello,3360,ytsearch_title,100.0,high,false,true,mapped_high,"mapping_index=13; subtitles=; auto_subs=aa,ab,af,ak,am"
f14__LA_CHABONA_X_RAMI_BILBAO_DIVAS_DIARY_ABITARE_10,f14,LA CHABONA X RAMI BILBAO  DIVAS DIARY  ABITARE  10,26,clip_0066|clip_0072|clip_0094|clip_0148|clip_0150,82,119.65,167,me entendes por eso a raiz de todas las cicatrices ah por eso las cicatrices sabe || sentiste mucha culpa te sentiste culpable por haber perdido no culpable yo no || claro iba a ser reluchador claro iba a ser reluchador pero bueno insistio hasta donde pudo,https://www.youtube.com/watch?v=FX1Qc3qiMpQ,FX1Qc3qiMpQ,LA CHABONA X RAMI BILBAO | DIVAS DIARY | ABITARE | 10-12-25,Abitare,2817,ytsearch_title,94.0,high,false,true,mapped_high,"mapping_index=14; subtitles=; auto_subs=aa,ab,af,ak,am"
f15__LE_DIJE_QUE_SOY_ARGENTINO_-_Story_Time_-_CAP_91,f15,LE DIJE QUE SOY ARGENTINO - Story Time - CAP 91,116,clip_0001|clip_0002|clip_0003|clip_0004|clip_0005,80,142.91,307,ok estamos en vivo acabo de subir un video nuevo a mi canal de youtube sobre el curupi || es un mito paraguayo lo deberian ver || pero bueno creo que estamos con 7 dias seguidos haciendo lives,https://www.youtube.com/watch?v=JsJ_cQUy1pM,JsJ_cQUy1pM,LE DIJE QUE SOY ARGENTINO - Story Time - CAP 91,Dustin Luke,713,ytsearch_title,100.0,high,true,true,mapped_high,"mapping_index=15; subtitles=live_chat; auto_subs=aa,ab,af,ak,am"
f16__LO_MALO_DE_EE.UU_Lucas_Spadafora,f16,LO MALO DE EE.UU  Lucas Spadafora,2,clip_0039|clip_0042,42,150,258,bueno gente hasta aca llego el video espero que les haya gustado si es asi deja un like y suscribete que ayuda muchisimo para seguir creciendo en este gran gran circulo mamario mamario como || espero que les haya gustado,https://www.youtube.com/watch?v=7p0QYwmiuTQ,7p0QYwmiuTQ,LO MALO DE EE.UU || Lucas Spadafora,Lucas Spadafora,436,ytsearch_title,100.0,high,false,false,mapped_high,mapping_index=16; subtitles=; auto_subs=
f17__La_PRIMERA_VEZ_que_fui_a_un_TEL0_-_ANECDOTA_Tomas,f17,La PRIMERA VEZ que fui a un TEL0 - ANECDOTA Tomas,46,clip_0002|clip_0004|clip_0006|clip_0007|clip_0009,80,189.48,265,la primera vez que fui a un telo amigos fue en año nuevo de 2019 el año nuevo que es para 2020 || ya me la vio me pongo nervioso me pongo nervioso con mis amigos habiamos arreglado de ir a una joda la joda era en palermo yo antes de ir a la joda yo estaba con una buena chica por instagram estaba re || como que yo la queria ver y la mina iba a una plaza y yo queria ir a esa plaza pero que pasa mis amigos querian ir a la joda mia yo no queria ir a la joda yo queria ir con la mina porque queria estar con la mina,https://www.youtube.com/watch?v=tZoSfWiOffk,tZoSfWiOffk,La PRIMERA VEZ que fui a un TEL0 - ANECDOTA Tomas Mazza,Mazzatomas,767,ytsearch_title,94.0,high,false,true,mapped_high,"mapping_index=17; subtitles=; auto_subs=aa,ab,af,ak,am"
f18__Las_y_los_estudiantes_al_frente_-_Entrevista_a_la,f18,Las y los estudiantes al frente - Entrevista a la,257,clip_0001|clip_0002|clip_0003|clip_0004|clip_0005,79,126.75,933,que es la educacion secundaria gracias la primera pregunta es si tu familia esta o estaba de acuerdo con tu transicion || bien hermosa pregunta en estas situaciones de transiciones es muy dificil contar con el apoyo familiar || por ese motivo es que muchas chicas chicos y chiques que transitan esta situacion,https://www.youtube.com/watch?v=ai0ICVOsXlI,ai0ICVOsXlI,"""Las y los estudiantes al frente"" - Entrevista a la docente Cristal Farias",BAeducación,1447,ytsearch_title,80.34,medium,false,true,mapped_medium,"mapping_index=18; subtitles=; auto_subs=aa,ab,af,ak,am"
f19__Los_COCINEROS_de_TELEVISI_N_revelan_sus_SECRETOS_e,f19,Los COCINEROS de TELEVISIÓN revelan sus SECRETOS e,99,clip_0004|clip_0005|clip_0007|clip_0008|clip_0009,79,125.85,300,y tambien mucho rating vamos a escucharlos y a verlos || llegan a profesiones argentinas los cocineros de la tele || como se hace la comida no todos los cocineros de la tele saben cocinar muchas veces pasa que das bien en camara,https://www.youtube.com/watch?v=Vpf_PHhFgiw,Vpf_PHhFgiw,Los COCINEROS de TELEVISIÓN revelan sus SECRETOS en Profesiones Argentinas - Telefe Noticias,Telefe Noticias,1034,ytsearch_title,71.43,medium,false,true,mapped_medium,"mapping_index=19; subtitles=; auto_subs=aa,ab,af,ak,am"
f20__Los_lujos_de_L-Gante_y_qu_aprendi_cuando_estuvo,f20,Los lujos de L-Gante y qué aprendió cuando estuvo,155,clip_0002|clip_0010|clip_0011|clip_0013|clip_0014,79,149.38,437,le vas a poner un kiosco pero en el que hay 24 horas || claro pero vos pensa que foneticamente que haces elegante || suena medio no tan personal yo digo elegante que lo que cuando pienso en modos digo elegante que lo que se me va a contar,https://www.youtube.com/watch?v=46NwYqnl7MQ,46NwYqnl7MQ,Los lujos de L-Gante y qué aprendió cuando estuvo preso | #CasinoResort | EP. 24,Infobae,2007,ytsearch_title,79.67,medium,false,true,mapped_medium,"mapping_index=20; subtitles=; auto_subs=aa,ab,af,ak,am"
f21__MAGNETTO_se_BURLA_de_ADORNI_ESTA_SEMANA_EN_SPRING,f21,MAGNETTO se BURLA de ADORNI  ESTA SEMANA EN SPRING,106,clip_0002|clip_0003|clip_0004|clip_0005|clip_0006,79,129.67,281,si alguno llega a este envio semanal sin haber visto antes las ultimas noticias de adorni || podemos resumir todo lo sucedido con este tuit del turco garcia || la heladera de adorni mientras tenia 500 mil dolares ahorrados en negro,,,,,,not_found,0.0,none,false,false,blocked_source_not_found,mapping_index=21; subtitles=; auto_subs=
f22__ME_ACUSARON_DE_BRUJA_Y_ME_TUVE_QUE_IR_DEL_PUEBLO_-,f22,ME ACUSARON DE BRUJA Y ME TUVE QUE IR DEL PUEBLO -,542,clip_0000|clip_0001|clip_0002|clip_0003|clip_0004,79,107.7,229,holi holis bellos mios como estan soy yo || la señora elfa y hoy en el video de la fecha vamos a hablar de anecdotas de pueblos || ustedes me mandaron sus anecdotas de pueblo a djforanachorracom,https://www.youtube.com/watch?v=G555f-3hnd8,G555f-3hnd8,ME ACUSARON DE BRUJA Y ME TUVE QUE IR DEL PUEBLO - Anécdotas de pueblo,Martin Cirio,2368,ytsearch_title,82.76,medium,false,true,mapped_medium,"mapping_index=22; subtitles=; auto_subs=aa,ab,af,ak,am"
f23__ME_DEJARON_EN_LA_FRIENDZONE_EL_D_A_DEL_AMIGO,f23,ME DEJARON EN LA FRIENDZONE EL DÍA DEL AMIGO,123,clip_0001|clip_0002|clip_0004|clip_0005|clip_0006,79,104.24,835,como ya vieron en muchos casos a mi me vi enfrianzaneando || me enfrianzano bailey ara laelo como que estamos ahi || mejor amigo nos remontamos al quinto año de la primaria,https://www.youtube.com/watch?v=nZHGzdXgbCI,nZHGzdXgbCI,ME DEJARON EN LA FRIENDZONE EL DÍA DEL AMIGO,Brunenger,604,ytsearch_title,100.0,high,true,true,mapped_high,"mapping_index=23; subtitles=live_chat; auto_subs=aa,ab,af,ak,am"
f24__ME_ROBAN_Y_CASI_ME_MATAN_StoryTime_LUCAS_CASTEL,f24,ME ROBAN Y CASI ME MATAN #StoryTime  LUCAS CASTEL,40,clip_0000|clip_0001|clip_0002|clip_0003|clip_0004,117,251.78,266,oh mas vale que me des el telefono todo porque te disparo entendes no amigo no me robes porque compre celular hace poco y la verdad no me gusta que me roben a mi sabes ah bueno tranqui no no te robo me voy al cine mejor || dale gracias che buen finde bienvenidos amigos como estan sean bienvenidos a otro video mas gente estoy muy contento porque el dia de hoy despues de tanto tiempo traigo un story time ya paso || mucho tiempo meses del anterior con la historia que vengo hoy es sobre algo grave no sobre robo seas del pais que seas yo creo que alguna vez estuviste en una situacion peligrosa por ejemplo yo soy de argentina y cuando viajo a otros paises,https://www.youtube.com/watch?v=sJ3XShU8Ihg,sJ3XShU8Ihg,ME ROBAN Y CASI ME MATAN #StoryTime | LUCAS CASTEL,Lucas Castel :D,453,ytsearch_title,100.0,high,false,true,mapped_high,"mapping_index=24; subtitles=; auto_subs=aa,ab,af,ak,am"
f25__MI_EXPERIENCIA_PARANORMAL_O_-_Preguntas_y_Respuest,f25,MI EXPERIENCIA PARANORMAL O - Preguntas y Respuest,54,clip_0000|clip_0001|clip_0002|clip_0003|clip_0004,92,231.39,318,hola a todos que tal yo soy candy copelo y este es el nuevo video de hoy || el video de hoy es de preguntas y respuestas y yo hice como un video en musically para que me pregunten lo que quisieran que yo responda me dieron como 400 || preguntas y yo tuve que elegir 15 de esas entonces gracias a todos por preguntar las preguntas estuvieron super interesantes pero bueno tenia que elegir solo,https://www.youtube.com/watch?v=23MRqkcWStQ,23MRqkcWStQ,MI EXPERIENCIA PARANORMAL :O - Preguntas y Respuestas - Q&A,Cande Copello,611,ytsearch_title,94.12,high,false,false,mapped_high,mapping_index=25; subtitles=; auto_subs=
f26__MI_PRIMER_AMOR_-_Storytime,f26,MI PRIMER AMOR - Storytime,153,clip_0000|clip_0001|clip_0002|clip_0005|clip_0006,79,112.41,224,tengo un tipo de que lo hice con lo pegue con cinta y se me ayude el esfuerzo pero no se la banca || tanto dar hoy bueno gente asi cuando no me siento a grabar un video en el pasado literalmente mas || de seis meses que no me siento grabar un video asi esta muy feo como que me lo podria ordenar un,https://www.youtube.com/watch?v=EEZp2cH-prw,EEZp2cH-prw,MI PRIMER AMOR - Storytime,Marti Benza,808,ytsearch_title,100.0,high,false,true,mapped_high,"mapping_index=26; subtitles=; auto_subs=aa,ab,af,ak,am"
f27__MICA_SUAREZ_KEVSHO_LULI_GONZALEZ_JAMES_CHARLES,f27,"MICA SUAREZ, KEVSHO, LULI GONZALEZ, JAMES CHARLES,",331,clip_0000|clip_0001|clip_0002|clip_0003|clip_0004,79,131.54,756,hola a todos mi nombre es pablo agustin y si estas suscripto eso esta muy bien y si sos miembro mucho mejor || en el dia de hoy tenemos un video de noticias volvi volvi || he vuelto en forma de fichas juan domingo perdon juan domingo perdon,https://www.youtube.com/watch?v=GhdO9yCVxb8,GhdO9yCVxb8,"MICA SUAREZ, KEVSHO, LULI GONZALEZ, JAMES CHARLES, NATI J, PASO DE TODO CHICOS, ME EXTRAÑARON?",PabloAgustin,2023,ytsearch_title,69.17,medium,false,true,mapped_medium,"mapping_index=27; subtitles=; auto_subs=aa,ab,af,ak,am"
f28__MILITANDO_el_AJUSTE_ESTA_SEMANA_EN_SPRINGFIELD_co,f28,MILITANDO el AJUSTE  ESTA SEMANA EN SPRINGFIELD co,223,clip_0007|clip_0008|clip_0009|clip_0010|clip_0011,80,141.06,684,como les va me doy cuenta que es el segundo jueves consecutivo que vengo de camisa asi que esto se empieza a volver una costumbre || como andas nico bonda que haces amigo todo bien te van a putear hoy esa vez || por que por que te van a putear vos estas nerviosito o no hoy te van a putear no yo estoy tranquilo estoy tranquilo,,,,,,not_found,0.0,none,false,false,blocked_source_not_found,mapping_index=28; subtitles=; auto_subs=
f29__Manipulaci_n_mental_C_mo_tu_CEREBRO_literalmente_c,f29,Manipulación mental Cómo tu CEREBRO literalmente c,291,clip_0000|clip_0001|clip_0002|clip_0003|clip_0004,80,115.75,797,buenas yo dije que iba a ser mas constante con los videos quizas no fue una semana exacta || ocho dias pero heme aqui grabando un nuevo episodio y yo no se si no claro no lo ven || porque lo corto pero yo tengo el microfono enchufado a la computadora y el celular aparte,https://www.youtube.com/watch?v=L968oG0ozIM,L968oG0ozIM,Experta en Reprogramación Mental: Cómo ENGAÑAR a tu cerebro para ELIMINAR malos hábitos | Ana Ibañez,A lo Grande Podcast (con Marian Gamboa),5542,ytsearch_title,48.98,low,false,true,needs_review,"mapping_index=29; subtitles=; auto_subs=aa,ab,af,ak,am"
f30__Me_dejaron_PELADA_ah_abajo_-_Storytime,f30,Me dejaron PELADA ahí abajo - Storytime,153,clip_0008|clip_0009|clip_0010|clip_0011|clip_0012,79,118.89,318,en este video les voy a estar contando un par de storytimes que mi amigo me hizo acordar || y me dieron mucha risa y cuando escuche su audio me acorde y me rei fue un momento muy divertido para mi misma asi que lo queria compartir || quiero contar estas anecdotas mias vamos con la primera anecdota,https://www.youtube.com/watch?v=Funne9QNclY,Funne9QNclY,Me dejaron PELADA ahí abajo - Storytime,Luli Gonzalez,871,ytsearch_title,100.0,high,false,true,mapped_high,"mapping_index=30; subtitles=; auto_subs=aa,ab,af,ak,am"
f31__Me_estafaron,f31,Me estafaron,87,clip_0000|clip_0001|clip_0004|clip_0005|clip_0006,79,228.46,270,hola gente como andan dia 640 mil de cuarentena este pelo yo tengo pensada ponerme un gorro y ocultar esta mierda que tengo aca este budin marmolado pero dije ya || esta algun dia cuando vea estos videos en un futuro me voy a reir y voy a decir ay marty que para la mierda que tenias el pelo esas cosas que venia pegando ahi son las luces led del orto que se vienen cayendo y me las tienen las re pelotas infladas || esta es la historia que les vengo a contar hoy tengo aca mi sanguchito de jamon queso huevo y aceituna,https://www.youtube.com/watch?v=GylXIMyYTtI,GylXIMyYTtI,Esta vez si me estafaron,Jose Miguel Ross,243,ytsearch_title,66.67,low,false,true,needs_review,"mapping_index=31; subtitles=; auto_subs=aa,ab,af,ak,am"
f32__POR_ESTO_ME_FUI_DE_LAS_REDES.,f32,POR ESTO ME FUI DE LAS REDES.,45,clip_0001|clip_0003|clip_0004|clip_0005|clip_0006,84,205.33,282,por que volviste a subir este video a youtube que esta bastante abandonado el canal yo se gente que esta abandonada el canal || que ya estoy desapegado del resultado lo hago || por el momento en que yo empece a subir videos que era por porque si porque sentia la necesidad de hacerlo,https://www.youtube.com/watch?v=m0qw04O0XIY,m0qw04O0XIY,POR ESTO ME FUI DE LAS REDES.,JulianSerrano7,573,ytsearch_title,100.0,high,false,true,mapped_high,"mapping_index=32; subtitles=; auto_subs=aa,ab,af,ak,am"
f33__POR_QUE_EMPECE_EN_YOUTUBE_Lucas_Spadafora,f33,POR QUE EMPECE EN YOUTUBE  Lucas Spadafora,49,clip_0000|clip_0001|clip_0002|clip_0003|clip_0004,79,137.69,477,hola gente como estan soy lucas si el mismo bueno este fin de semana les pedi por mi instagram y por mi twitter que me manden preguntas con el hashtag || lucasespadafueraresponde llegaron mas de 300 preguntas 400 preguntas || no puedo que entren todas las preguntas si le di todas las que pude,https://www.youtube.com/watch?v=W3dfKewSpkc,W3dfKewSpkc,POR QUE EMPECE EN YOUTUBE? || Lucas Spadafora,Lucas Spadafora,431,ytsearch_title,100.0,high,false,false,mapped_high,mapping_index=33; subtitles=; auto_subs=
f34__PRIMERA_VEZ_que_me_ROBARON_AN_CDOTA,f34,PRIMERA VEZ que me ROBARON  ANÉCDOTA,48,clip_0000|clip_0001|clip_0003|clip_0004|clip_0005,88,234.73,265,ey para ya conte todo pero bueno esta es una anecdota que literalmente para mi es la mas bizarra de todas las que me ha pasado en la vida es muy grande esta anecdota yo cuando tenia 13 años iba siempre || al shopping de voto para levantarme guachas para sacar numeros que esto que lo otro pum pam pum yo iba con mi amigo kevin me acuerdo y que pasa en de voto paraban todos || nada eran picantes no entonces como que de voto como que estaban medio como que nadie queria ir a de voto porque estaban esos pibes eran pibes que buscaban problemas no buscaban problemas y yo me acuerdo que yo iba al,https://www.youtube.com/watch?v=IveINHvLLLI,IveINHvLLLI,PRIMERA VEZ que me ROBARON | ANÉCDOTA,Mazzatomas,569,ytsearch_title,100.0,high,false,true,mapped_high,"mapping_index=34; subtitles=; auto_subs=aa,ab,af,ak,am"
f35__PROFESIONES_ARGENTINAS_DIRECTORES_de_CASTING_-_Tel,f35,PROFESIONES ARGENTINAS DIRECTORES de CASTING - Tel,87,clip_0004|clip_0006|clip_0007|clip_0008|clip_0010,81,140.82,270,esta bueno escucharlos llegan hoy a profesiones argentinas los directores de casting || la verdad lo que hacemos es atajarnos y decir si hasta tal fecha no te llamamos es que es no || para mi la tarea mas dificil es decirle a alguien que no quedo,https://www.youtube.com/watch?v=lmqWZUIRdrI,lmqWZUIRdrI,PROFESIONES ARGENTINAS: DIRECTORES de CASTING - Telefe Noticias,Telefe Noticias,782,ytsearch_title,88.89,high,false,true,mapped_high,"mapping_index=35; subtitles=; auto_subs=aa,ab,af,ak,am"
f36__PROFESIONES_ARGENTINAS_FARMAC_UTICOS_-_Telefe_Noti,f36,PROFESIONES ARGENTINAS FARMACÉUTICOS - Telefe Noti,80,clip_0003|clip_0004|clip_0006|clip_0007|clip_0008,81,139.8,245,si cuando el medico no esta a mano es de noche y que recurrimos || recurrimos a ellos llegan a profesiones argentinas los farmaceuticos || las pastillas para la ereccion para pedirte una ayuda en la pastillita azul,https://www.youtube.com/watch?v=i9VHB_aYdH0,i9VHB_aYdH0,PROFESIONES ARGENTINAS: FARMACÉUTICOS - Telefe Noticias,Telefe Noticias,865,ytsearch_title,96.0,high,false,true,mapped_high,"mapping_index=36; subtitles=; auto_subs=aa,ab,af,ak,am"
f37__PROFESIONES_ARGENTINAS_GINEC_LOGOS_-_Telefe_Notici,f37,PROFESIONES ARGENTINAS GINECÓLOGOS - Telefe Notici,68,clip_0005|clip_0006|clip_0007|clip_0009|clip_0010,79,151.82,362,lujo genital irregularidades menstruales menstruaciones abundantes || el honguito menstruaciones muy abundantes menstruaciones que duran mucho tiempo || hoy por hoy estamos viendo cada vez mas cancer de mama y principalmente cancer de mama en pacientes jovenes,https://www.youtube.com/watch?v=eX1x7KhopTo,eX1x7KhopTo,PROFESIONES ARGENTINAS: GINECÓLOGOS - Telefe Noticias,Telefe Noticias,769,ytsearch_title,97.96,high,false,true,mapped_high,"mapping_index=37; subtitles=; auto_subs=aa,ab,af,ak,am"
f38__PROFESIONES_ARGENTINAS_GOMEROS_-_Telefe_Noticias,f38,PROFESIONES ARGENTINAS GOMEROS - Telefe Noticias,55,clip_0004|clip_0006|clip_0007|clip_0008|clip_0009,85,135.76,321,se pueden convertir en verdaderos salvadores hoy en profesiones argentinas mitos y verdades de ellos los gomeros || un domingo no abre nadie entonces el que esta el domingo aprovecha despues un horario si || en la ruta siempre con lo que sea cubiertas farches camaras lo que sea siempre se aprovechan en la ruta,https://www.youtube.com/watch?v=IeG6Tkv1f7g,IeG6Tkv1f7g,PROFESIONES ARGENTINAS: GOMEROS - Telefe Noticias,Telefe Noticias,566,ytsearch_title,100.0,high,false,true,mapped_high,"mapping_index=38; subtitles=; auto_subs=aa,ab,af,ak,am"
f39__PROFESIONES_ARGENTINAS_GUARDAESPALDAS_-_Telefe_Not,f39,PROFESIONES ARGENTINAS GUARDAESPALDAS - Telefe Not,83,clip_0005|clip_0006|clip_0007|clip_0008|clip_0009,80,137.7,326,que nada nada les pase profesiones argentinas aca estan estos son muchas preguntas || los guardaespaldas quienes somos los guardaespaldas || el negro siempre intimida y mas cuando es de combate siempre fue el atuendo la vestimenta de seguridad de negro,https://www.youtube.com/watch?v=pze2Br2TOjk,pze2Br2TOjk,PROFESIONES ARGENTINAS: GUARDAESPALDAS - Telefe Noticias,Telefe Noticias,801,ytsearch_title,95.05,high,false,true,mapped_high,"mapping_index=39; subtitles=; auto_subs=aa,ab,af,ak,am"
f40__PROFESIONES_ARGENTINAS_KINESI_LOGOS_-_Telefe_Notic,f40,PROFESIONES ARGENTINAS KINESIÓLOGOS - Telefe Notic,62,clip_0004|clip_0005|clip_0006|clip_0007|clip_0008,83,150.73,518,es aquel paciente que no quiere escuchar el que no confia en el tratamiento || el peor es el que quizas no logras ganar su confianza || es aquel que hace todo mal come mal mucho tiene sedentarismo no tiene este romance con el sofa y le encanta ver series y nunca va al gimnasio ni hace deporte,https://www.youtube.com/watch?v=sVyVxKt0UBE,sVyVxKt0UBE,PROFESIONES ARGENTINAS: KINESIÓLOGOS - Telefe Noticias,Telefe Noticias,687,ytsearch_title,96.97,high,false,true,mapped_high,"mapping_index=40; subtitles=; auto_subs=aa,ab,af,ak,am"
f41__PROFESIONES_ARGENTINAS_Los_SECRETOS_de_los_TAXIS,f41,PROFESIONES ARGENTINAS 🚖 Los SECRETOS de los TAXIS,73,clip_0001|clip_0002|clip_0003|clip_0004|clip_0006,80,148.79,317,uno es arriba del auto como es abajo del auto el que es agresivo abajo es agresivo arriba y asi || nos manejan mal siempre estan apurados relativamente mal manejamos relativamente bien || manejamos muy mal la mayoria maneja mal manejan muy mal,https://www.youtube.com/watch?v=CGfaaUm87Uk,CGfaaUm87Uk,Un SIMULADOR DE SER TAXISTA EXTREMO 🤯🚕,ChuuyMine,1543,ytsearch_title,36.14,none,false,true,blocked_source_not_found,"mapping_index=41; subtitles=; auto_subs=aa,ab,af,ak,am"
f42__Por_qu_ya_no_podemos_conversar_y_c_mo_aprender_a,f42,Por qué ya no podemos conversar (y cómo aprender a,373,clip_0000|clip_0001|clip_0002|clip_0003|clip_0004,79,125.43,424,hoy todo el mundo tiene opiniones pero muy pocas personas saben argumentarlas || siento que estamos constantemente informandonos de fuentes de informacion muy vacias muy banales muy basicas || y siento que no se puede hablar con nadie y que la gente en general veo como un patron de que no se puede conversar y mucho menos debatir de temas,https://www.youtube.com/watch?v=uSK7zk5u-RE,uSK7zk5u-RE,Por qué ya no podemos conversar (y cómo aprender a argumentar),Azul ☆ Take it easy,1892,ytsearch_title,89.91,high,false,true,mapped_high,"mapping_index=42; subtitles=; auto_subs=aa,ab,af,ak,am"
f43__Profesiones_Argentinas_DUE_OS_de_SALONES_de_FIESTA,f43,Profesiones Argentinas DUEÑOS de SALONES de FIESTA,86,clip_0004|clip_0005|clip_0006|clip_0007|clip_0008,80,122.06,424,quienes somos los dueños de salones || quien no puede fallar es el catering la comida es primordial || la gente la gente totalmente una fiesta vos la podes hacer en un galpon vacio y si la gente tiene buena onda te divertis,https://www.youtube.com/watch?v=9nlaNAcv0Jo,9nlaNAcv0Jo,Profesiones Argentinas: DUEÑOS de SALONES de FIESTA - Telefe Noticias,Telefe Noticias,673,ytsearch_title,86.21,medium,false,true,mapped_medium,"mapping_index=43; subtitles=; auto_subs=aa,ab,af,ak,am"
f44__Profesiones_Argentinas_EMPLEADOS_de_PANADER_AS_-_T,f44,Profesiones Argentinas EMPLEADOS de PANADERÍAS - T,73,clip_0004|clip_0006|clip_0007|clip_0008|clip_0009,80,123.89,259,llegan a profesiones argentinas los empleados de panaderia || el indeciso ese cliente que entra y tenes que contarle de que esta hecho todo || y tal vez se lleva un alfajor ejemplo vino una señora me hizo pesar unas masitas envolvi papel y todo,https://www.youtube.com/watch?v=LnmJcWJG3WQ,LnmJcWJG3WQ,Ronnie Arias destrozó a Ernestina Pais,América TV,1109,existing_manifest_url_metadata_mismatch,25.58,none,false,true,blocked_source_not_found,"mapping_index=44; subtitles=; auto_subs=aa,ab,af,ak,am"
f45__Profesiones_Argentinas_ENCARGADOS_de_CATERING_Tel,f45,Profesiones Argentinas ENCARGADOS de CATERING #Tel,56,clip_0005|clip_0006|clip_0007|clip_0008|clip_0009,83,185.2,263,el peor invitado es el que quiere sobresalir es el que se mete a la cocina || para mi es el que exige y te das cuenta que no sabe nada se queja por deporte que si la carne esta cruda o que esta muy pasada || o que esta fria es alguien que esta buscando que es lo que no funciona que no trabaja es el que no sabe,https://www.youtube.com/watch?v=S0aUTzz362I,S0aUTzz362I,"Pichu Straneo imita y ""vende humo"" en #TodoPasa",Urbana Play 104.3 FM,1768,existing_manifest_url_metadata_mismatch,32.26,none,false,true,blocked_source_not_found,"mapping_index=45; subtitles=; auto_subs=aa,ab,af,ak,am"
f46__Profesiones_Argentinas_PERIODISTAS_DEPORTIVOS_-_Te,f46,Profesiones Argentinas PERIODISTAS DEPORTIVOS - Te,90,clip_0003|clip_0005|clip_0006|clip_0007|clip_0011,79,139.22,266,mamita el futbol llegan a profesiones argentinas los periodistas deportivos || si queres cuando terminemos te lo cuento en general no lo digo || soy hincha de ferrocarril oeste lo que pasa es que aca viste en argentina como se vive el futbol es un poquito peligroso decirlo comentarlo,https://www.youtube.com/watch?v=-WKw7c3bAmo,-WKw7c3bAmo,🎙️📚  4 Claves para Estudiar Periodismo Deportivo,Maty Salgado,445,ytsearch_title,61.54,low,false,true,needs_review,"mapping_index=46; subtitles=; auto_subs=aa,ab,af,ak,am"
f47__Profesiones_argentinas_GASTROENTER_LOGOS_TelefeNo,f47,Profesiones argentinas GASTROENTERÓLOGOS #TelefeNo,75,clip_0004|clip_0005|clip_0006|clip_0007|clip_0008,81,151.37,360,todo repercute en nuestro aparato digestivo y como vivimos || y cuando nos sentimos mal los consultamos a ellos llegan a profesiones argentinas || los gastroenterologos quienes somos los medicos gastroenterologos,,,,,,not_found,0.0,none,false,false,blocked_source_not_found,mapping_index=47; subtitles=; auto_subs=
f48__RESPONDO_TODO,f48,RESPONDO TODO 🌶,158,clip_0000|clip_0001|clip_0002|clip_0003|clip_0004,91,252.34,280,hola a todos mi nombre es pablo agustin y si estas suscrito eso esta muy bien y si sos miembro mucho mejor y si estas en españa mejor porque estoy ahi || o sea no ahora porque ahora estoy aca pero para cuando este viendo esto estoy ahi viernes sabado voy a estar esto es el miercoles viernes sabado voy a estar en barcelona madrid saques sus entradas pabloagustin com ar en el dia de || hoy les tenemos una programacion especial porque obviamente no soy futurologo no puedo prevenir las noticias que se vengan este miercoles me explico y yo me voy mañana entonces vamos a dejar algo grabadito les,https://www.youtube.com/watch?v=BvwlcIkG1WE,BvwlcIkG1WE,MI VIDA EN INGLATERRA - Vlog 8 | Cami Mayan,Cami Mayan,1033,existing_manifest_url_metadata_mismatch,11.54,none,false,true,blocked_source_not_found,"mapping_index=48; subtitles=; auto_subs=aa,ab,af,ak,am"
f49__RIVER_GAN_SUFRIENDO_VS_CIUDAD_DE_BOLIVAR_ALIVI,f49,RIVER GANÓ SUFRIENDO VS CIUDAD DE BOLIVAR!!! ALIVI,199,clip_0000|clip_0001|clip_0002|clip_0003|clip_0004,80,125.57,254,que poquito river que poquito acaba de ganar river 1 a 0 contra ciudad de bolivar por esta primera instancia de la copa argentina || acaba de terminar el partido mama querida eh mama querida que espanto tener que sentarte en el sillon y ver a este river || que otra vez no te transmite nada y que parece ser que cada partido que plantea gallardo que por lo menos juegan estos jugadores es el peor,https://www.youtube.com/watch?v=0LeP3WlYEy0,0LeP3WlYEy0,RIVER GANÓ SUFRIENDO VS CIUDAD DE BOLIVAR!!! ALIVIO.. PERO HASTA CUANDO? AL BORDE DEL PAPELÓN..,SantiGrizas19,1020,ytsearch_title,70.15,medium,false,true,mapped_medium,"mapping_index=49; subtitles=; auto_subs=aa,ab,af,ak,am"
f50__STORYTIME_3_Me_armo_unos_MATES_y_cuento_mi_PRIM,f50,STORYTIME #3  Me armo unos MATES y ¿cuento mi PRIM,76,clip_0000|clip_0002|clip_0003|clip_0004|clip_0005,80,140.29,535,amor cual fue nuestra primera cita para vos para mi nuestra primera cita fue || no lo vas a contar eso no lo podes contar amor te voy a robar un ratito de mi video || dale andre te voy a robar un ratito del video porque quiero que digas cual fue nuestra primera cita para vos,,,,,,not_found,0.0,none,false,false,blocked_source_not_found,mapping_index=50; subtitles=; auto_subs=
f51__Salt_del_balcon_-_storytime,f51,Salté del balcon - storytime,60,clip_0000|clip_0001|clip_0003|clip_0004|clip_0005,58,210.57,268,no te levantes hoy estoy desde la cama porque estoy indispuesta y estoy deprimida estoy indispuesta porque bueno gracias a dios y estoy deprimida || porque tuve un primer parcial hoy hace un rato y no quiero hablar del tema pero nada que se yo || expliquemos esta situacion estabamos en el viaje de egresados y la verdad es que no me acuerdo de que dia fue no me acuerdo perfectamente como fue todo acabo de hablar con ella intentamos atar los lazos de la noche y aca,https://www.youtube.com/watch?v=SlqbgCiX_Ko,SlqbgCiX_Ko,Salté del balcon - storytime,Marti Benza,539,ytsearch_title,100.0,high,false,true,mapped_high,"mapping_index=51; subtitles=; auto_subs=aa,ab,af,ak,am"
f52__Storytime_Cuando_perd_dos_amigos_por_polleras_J,f52,Storytime Cuando perdí dos amigos por polleras   J,48,clip_0000|clip_0004|clip_0005|clip_0006|clip_0007,84,119.17,227,hola gente como estan no estan pudiendo creerlo tres videos seguidos || dominado dominado todavia con mi novia no encuentro fallas en su logica || mis amigos me dicen dominado  yo cuando era chico hice una cancion,https://www.youtube.com/watch?v=CJkcXyfstQM,CJkcXyfstQM,7 Cosas que SOLO Hacen los AMIGOS FALSOS | Psych2Go,Psych2Go Español - Psicología Para Llevar,295,ytsearch_title,43.3,none,true,false,blocked_source_not_found,"mapping_index=52; subtitles=de,en,es,fr,it; auto_subs="
f53__TODO_el_COLEGIO_me_HAC_A_BULLYING..._StoryTime_C,f53,TODO el COLEGIO me HACÍA BULLYING... #StoryTime  C,180,clip_0000|clip_0001|clip_0002|clip_0003|clip_0004,83,235.99,277,bueno no se si se va a ver bien o que la verdad es que apa apa || apa me puse la linterna del alcatel hola a todos que tal yo soy kandeco pele y este es el nuevo video || bueno no se si en este video le voy a poner musica porque en realidad no se que ponerle si le pongo musica triste no es la idea del video no quiero que este video sea triste y le quiero,https://www.youtube.com/watch?v=FuhJNAxGULU,FuhJNAxGULU,TODO el COLEGIO me HACÍA BULLYING... #StoryTime | Cande Copello,Cande Copello,1774,ytsearch_title,88.24,high,true,true,mapped_high,"mapping_index=53; subtitles=live_chat; auto_subs=aa,ab,af,ak,am"
f54__TODOS_ODIAMOS_A_MILEI_PAULA_CHAVEZ_ESTA_PODRIDA,f54,"TODOS ODIAMOS A MILEI, PAULA CHAVEZ ESTA PODRIDA,",184,clip_0000|clip_0001|clip_0002|clip_0003|clip_0004,80,217.78,734,hola a todos mi nombre es pablo agustin y si estas suscripto eso esta muy bien y si sos miembro mucho mejor y si estas en españa mejor aun porque la semana que viene estoy ahi || entradas en pabloagustin com ar vamos a estar bueno aterrizo en malaga voy a estar tambien en madrid barcelona chequeen las fechas vayan a pabloagustin com ar y saquen sus entradas vengan y apenas aterrizo me voy a || trelew puerto madryn chubut bariloche el sur vamos vamos y bueno y despues de ahi,https://www.youtube.com/watch?v=5-o3JGf1taU,5-o3JGf1taU,"""TODOS ODIAMOS A MILEI"", PAULA CHAVEZ ESTA PODRIDA, EVITTA LUNA LE DIJERON DE TODO, COACHELLA Y MÁS",PabloAgustin,1992,ytsearch_title,66.67,low,false,true,needs_review,"mapping_index=54; subtitles=; auto_subs=aa,ab,af,ak,am"
f55__Tengo_30_Esto_LE_DIRIA_A_MI_YO_DE_20,f55,Tengo 30 Esto LE DIRIA A MI YO DE 20,56,clip_0009|clip_0014|clip_0016|clip_0020|clip_0021,80,161.8,269,esa es la historia me parecio muy graciosa tiene tres pisos abajo tiene como una sala de bateria esta buenisimo || entonces dejenme que me aclimate estoy hace tres dias en fin dibujaba mucho mi unica forma de expresarme con el mundo era dibujando de hecho antes decia mama y papa dije mama papa despues dibujaba cosas y || que es esto le decia y mi viejo tipo no se julian es ay pero que linda jirafa y yo decia no no es una jirafa y rompia todos los papeles todo nervioso todo tarado,https://www.youtube.com/watch?v=6iCLA80TjP4,6iCLA80TjP4,Tengo 30: Esto LE DIRIA A MI YO DE 20,JulianSerrano7,692,ytsearch_title,100.0,high,false,true,mapped_high,"mapping_index=55; subtitles=; auto_subs=aa,ab,af,ak,am"
f56__grwm_para_los_premios_idolo,f56,grwm para los premios idolo,38,clip_0009|clip_0010|clip_0011|clip_0013|clip_0017,83,122.03,202,a que hora se levanto se levanto a las 8 se tomo un cafe y se volvio a dormir despues se levanto || a las 10 se tomo un licuado y se volvio a dormir y despues la tuve que levantar a las 3 porque ya || estaban las joyas viniendo estaba viniendo el vestido y nosotros no estabamos a las 3 de la,https://www.youtube.com/watch?v=lVHNGa5Y2Ac,lVHNGa5Y2Ac,grwm para los premios idolo,Sofia Gonet,842,ytsearch_title,100.0,high,false,true,mapped_high,"mapping_index=56; subtitles=; auto_subs=aa,ab,af,ak,am"
f57__me_DETONE_a_una_COMPA_ERA_de_la_FACULTAD_en_el_BA,f57,me DETONE a una COMPAÑERA de la FACULTAD en el BAÑ,115,clip_0002|clip_0003|clip_0006|clip_0007|clip_0015,80,109.85,224,en 2019 amigos pasaron una banda de cosas me quiso coger el profe de masajes me quiso coger el dueño del gimnasio || mi primera alumna de personalizados la conoci en tinder me hizo un video en twitter || cuestion yo estaba saliendo con una mina que era muy linda antes de ir a la facultad y estaba saliendo con la mina que la mina era de ramos,https://www.youtube.com/watch?v=kB-X6im-pmw,kB-X6im-pmw,me DETONE a una COMPAÑERA de la FACULTAD en el BAÑO de la MATANZA | ANECDOTA Tomas Mazza,Mazzatomas,1122,ytsearch_title,73.53,medium,false,true,mapped_medium,"mapping_index=57; subtitles=; auto_subs=aa,ab,af,ak,am"
f58__me_pusieron_1_tampon,f58,me pusieron 1 tampon,73,clip_0004|clip_0007|clip_0008|clip_0009|clip_0011,80,246.96,272,nombres para sus partes intimas dejenlo en los comentarios me acuerdo cuando yo decia que la mia era mas patetica que mi nombre porque mi mama no me pude sacar ninguna selfie || porque lola ah entonces inteligente claro una lola lo lamento coqui porque venia exotico son todos bueno podes devolver esa cachucha || de diseño a su lugar de origen aca cabe declarar que mi popote o pajita es reutilizable asi que me pueden dejar decir esas señales de tortugas en todos los videos por favor en todos los videos tengo el mismo popote chicos,https://www.youtube.com/watch?v=pHIwfEbBt2A,pHIwfEbBt2A,me pusieron 1 tampon,Marti Benza,958,ytsearch_title,100.0,high,false,true,mapped_high,"mapping_index=58; subtitles=; auto_subs=aa,ab,af,ak,am"
f59__mi_primera_tapa_de_revista_gente,f59,mi primera tapa de revista gente ),48,clip_0004|clip_0005|clip_0006|clip_0009|clip_0016,82,145.02,973,chicos es mi primer video con el pelo corto porque me agarro un crisis de identidad y || me corte el pelo hace 3 dias asi que nada eso les queria contar que ya lo deben saber || porque esto encima lo voy a subir tarde pero bueno estoy en lo que llamamos desarrollo,https://www.youtube.com/watch?v=RRiq_aleHJ4,RRiq_aleHJ4,mi primera tapa de revista gente :),Sofia Gonet,710,ytsearch_title,100.0,high,false,false,mapped_high,mapping_index=59; subtitles=; auto_subs=
f60__que_pas_con_Roberto,f60,que pasó con Roberto,104,clip_0000|clip_0001|clip_0002|clip_0003|clip_0004,87,241.92,273,bueno eh hola youtube no se ni como empezar este video estuve pensando mucho tiempo en si hacer este video o no y llegue a la conclusion || de que si lo queria hacer por una razon que bueno se van a dar cuenta mas para el final del video para los que no saben hace mas de un año aproximadamente || tenia un loro que se llamaba roberto hice un par de videos con el pero despues de unos 3 o 4 meses de tenerlo fallecio hasta el dia de hoy sigue habiendo gente que me sigue,https://www.youtube.com/watch?v=jNwxklp3zAI,jNwxklp3zAI,que pasó con Roberto?,Mica Suarez,1038,ytsearch_title,100.0,high,false,true,mapped_high,"mapping_index=60; subtitles=; auto_subs=aa,ab,af,ak,am"
f61___POR_QU_MI_NOVIA_ME_DEJ_LUCAS_CASTEL,f61,¿POR QUÉ MI NOVIA ME DEJÓ  LUCAS CASTEL,58,clip_0001|clip_0002|clip_0003|clip_0004|clip_0005,82,112.36,208,porque se genero como una confianza con ustedes que yo les cuento demasiado demasiada informacion || que hasta a veces me asusta lo mucho que saben y una cosa que se las nombre varias veces en los videos es que yo solamente tuve una novia || ustedes ya saben que ella me dejo pero nunca explique el motivo la razon por que ella me dejo nunca lo explique,https://www.youtube.com/watch?v=ppKd6O25aWM,ppKd6O25aWM,¿POR QUÉ MI NOVIA ME DEJÓ? | LUCAS CASTEL,Lucas Castel :D,605,ytsearch_title,100.0,high,false,true,mapped_high,"mapping_index=61; subtitles=; auto_subs=aa,ab,af,ak,am"
