url,title,channel,video_id,duration_minutes,width,height,fps,source_type,expected_accent,visual_quality_score,audio_quality_score,context_score,total_score,visual_decision,audio_decision,decision,reasons,recommended_use,usable_minutes_estimate,accepted_clips_estimate,uncertainty
https://www.youtube.com/watch?v=OrwtPwftIi4,🎤 Curso de Oratoria con Daniel Colombo | 100% Práctico,Daniel Colombo,OrwtPwftIi4,88.483,492,360,25,educational,argentino/rioplatense_probable,96.32,96.67,98.0,96.76,strong_accept,strong_accept,strong_accept,audio_proxy_alto|audio_score_sobre_threshold|formato_educational|formato_largo|fuente_argentina_probable|speaker_count_usable|total_score_alto|visual_proxy_alto|visual_score_sobre_threshold|source_cap_applied_partial,ingest_partial,60,1023.0,low
https://www.youtube.com/watch?v=vDNy6EN7bIY,¿Cómo es el ESPAÑOL ARGENTINO FORMAL? - Argento Podcast #44,Spanish with Nico,vDNy6EN7bIY,13.55,640,360,30,podcast,argentino/rioplatense_probable,96.1,90.0,88.0,92.65,strong_accept,strong_accept,strong_accept,audio_proxy_alto|audio_score_sobre_threshold|formato_podcast|fuente_argentina_probable|speaker_count_usable|total_score_alto|visual_proxy_alto|visual_score_sobre_threshold,ingest_full,13.02,156.0,low
https://www.youtube.com/watch?v=R3f0x1IJvhI,"GUILLERMO FRANCELLA, UN LUJO COMO PRIMER INVITADO DE OTRO DÍA PERDIDO || ENTREVISTA COMPLETA",eltrece,R3f0x1IJvhI,29.35,640,360,25,interview,argentino/rioplatense_probable,86.12,98.43,98.0,92.19,accept,strong_accept,strong_accept,audio_proxy_alto|audio_score_sobre_threshold|formato_interview|formato_largo|fuente_argentina_probable|scene_cut_proxy_alto|speaker_count_usable|total_score_alto|visual_score_sobre_threshold,ingest_full,21.32,256.0,low
https://www.youtube.com/watch?v=j4x2GC1Ztro,Mario Pergolini y un imperdible mano a mano con Andy Kusnetzoff | #Perros2022 Perros de la Calle,Urbana Play 104.3 FM,j4x2GC1Ztro,83.233,640,360,30,interview,argentino/rioplatense_probable,87.28,96.45,98.0,92.18,accept,strong_accept,strong_accept,audio_proxy_alto|audio_score_sobre_threshold|formato_interview|formato_largo|fuente_argentina_probable|scene_cut_proxy_alto|speaker_count_usable|total_score_alto|visual_score_sobre_threshold,ingest_full,56.41,677.0,low
https://www.youtube.com/watch?v=ITovsJg-q5c,Cómo Amarse a uno Mismo y Tener Buena Salud Mental: Hábitos de Vida - Gabriel Rolón,Tengo un Plan,ITovsJg-q5c,130.833,640,360,25,podcast,argentino/rioplatense_probable,88.06,91.57,98.0,91.1,strong_accept,strong_accept,strong_accept,audio_proxy_alto|audio_score_sobre_threshold|formato_largo|formato_podcast|fuente_argentina_probable|scene_cut_proxy_alto|speaker_count_usable|total_score_alto|visual_score_sobre_threshold|source_cap_applied_partial,ingest_partial,60,1341.0,low
https://www.youtube.com/watch?v=h3HtBhArO1Q,El Método Rebord #56 - Andy Chango,El Método Rebord,h3HtBhArO1Q,158.0,640,360,30,podcast,argentino/rioplatense_probable,84.25,96.38,98.0,90.64,accept,strong_accept,accept,audio_proxy_alto|audio_score_sobre_threshold|black_frame_rate_alto|formato_largo|formato_podcast|fuente_argentina_probable|speaker_count_usable|total_score_alto|visual_score_sobre_threshold|source_cap_applied_partial,ingest_partial,60,1228.0,low
https://www.youtube.com/watch?v=EuSM3LscaWI,Marcos Galperin | La vida del emprendedor | Aprender de Grandes #072,Aprender de Grandes,EuSM3LscaWI,57.1,640,360,25,podcast,argentino/rioplatense_probable,80.21,92.58,98.0,87.48,accept,strong_accept,accept,audio_proxy_alto|audio_score_sobre_threshold|face_detect_rate_bajo|formato_largo|formato_podcast|fuente_argentina_probable|speaker_count_usable|total_score_alto|visual_proxy_alto|visual_score_sobre_threshold,ingest_full,25.5,306.0,low
https://www.youtube.com/watch?v=OA1biHKSyTw,El Método Rebord #48 - Alejandro Dolina,El Método Rebord,OA1biHKSyTw,123.233,640,360,30,educational,argentino/rioplatense_probable,91.94,82.41,98.0,90.29,strong_accept,accept,maybe_review,audio_proxy_suficiente|audio_score_sobre_threshold|formato_educational|formato_largo|fuente_argentina_probable|speaker_count_usable|total_score_alto|visual_proxy_alto|visual_proxy_suficiente|visual_score_sobre_threshold|source_cap_applied_backup,manual_review,0.0,0,low
https://www.youtube.com/watch?v=3tmLBV115Ws,"Autismo, del que no se nota | Valentín Muro en Aprender de Grandes",Aprender de Grandes,3tmLBV115Ws,29.35,640,360,30,podcast,argentino/rioplatense_probable,79.91,94.21,98.0,87.82,maybe_review,strong_accept,maybe_review,audio_proxy_alto|audio_score_sobre_threshold|formato_largo|formato_podcast|fuente_argentina_probable|scene_cut_proxy_alto|speaker_count_usable|total_score_alto|visual_proxy_alto,manual_review,4.93,59.0,low
https://www.youtube.com/watch?v=dB4HR5WpYZc,“La primera estrella” retrata la hazaña uruguaya que cambió la visión sobre el fútbol rioplatense,En Perspectiva + VIDEO ,dB4HR5WpYZc,25.783,640,360,30,podcast,argentino/rioplatense_probable,72.56,98.7,98.0,85.49,maybe_review,strong_accept,maybe_review,audio_proxy_alto|audio_score_sobre_threshold|formato_largo|formato_podcast|fuente_argentina_probable|perfil_extremo_proxy|scene_cut_proxy_alto|speaker_count_usable|total_score_alto,manual_review,3.41,41.0,low
https://www.youtube.com/watch?v=W0yLfgivFP4,"Felipe Pigna: ""Cada vez admiro más a San Martín"" | Caja Negra",Filo News,W0yLfgivFP4,102.75,640,360,25,interview,argentino/rioplatense_probable,74.03,95.3,98.0,85.21,maybe_review,strong_accept,maybe_review,audio_proxy_alto|audio_score_sobre_threshold|black_frame_rate_alto|face_detect_rate_bajo|formato_interview|formato_largo|fuente_argentina_probable|scene_cut_proxy_alto|speaker_count_usable|total_score_alto,manual_review,10.38,125.0,low
https://www.youtube.com/watch?v=_nqNA76G29M,LA CHARLA DEL AÑO: MESSI EN LUZU COMO NUNCA LO VISTE,LUZU TV,_nqNA76G29M,74.9,640,360,30,educational,argentino/rioplatense_probable,74.77,91.51,98.0,84.44,maybe_review,strong_accept,maybe_review,audio_proxy_alto|audio_proxy_suficiente|audio_score_sobre_threshold|formato_educational|formato_largo|fuente_argentina_probable|scene_cut_proxy_alto|speaker_count_usable|visual_proxy_intermedio,manual_review,7.72,93.0,low
https://www.youtube.com/watch?v=ytsu50Ugeow,Entrevista con ALBEREE Y GUARI,Martin Cirio,ytsu50Ugeow,63.167,640,360,25,interview,argentino/rioplatense_probable,68.92,96.83,98.0,83.11,maybe_review,strong_accept,maybe_review,audio_proxy_alto|audio_score_sobre_threshold|formato_interview|formato_largo|fuente_argentina_probable|scene_cut_proxy_alto|speaker_count_usable|visual_proxy_intermedio,manual_review,0.51,6.0,low
https://www.youtube.com/watch?v=Nn0kxFXDfX4,PACHU PEÑA Y JOSEMA SIN FILTRO EN BLENDER AT NIGHT | #BAT COMPLETO 10/03 | BLENDER,BLENDER,Nn0kxFXDfX4,86.183,640,360,30,interview,argentino/rioplatense_probable,74.59,93.33,88.0,82.89,maybe_review,strong_accept,maybe_review,audio_proxy_alto|audio_score_sobre_threshold|formato_interview|formato_largo|fuente_argentina_probable|muchos_hablantes_posible|scene_cut_proxy_alto|speaker_count_usable|visual_proxy_intermedio,manual_review,8.24,99.0,low
https://www.youtube.com/watch?v=SuZ-KptBWAI,Coscu: “Somos pibes que la hicimos solos. No vino ni un empresario ni el más  picante” | Caja Negra,Filo News,SuZ-KptBWAI,54.317,640,360,25,interview,argentino/rioplatense_probable,68.17,93.86,98.0,81.84,maybe_review,strong_accept,maybe_review,audio_proxy_alto|audio_score_sobre_threshold|face_detect_rate_bajo|formato_interview|formato_largo|fuente_argentina_probable|scene_cut_proxy_alto|speaker_count_usable,manual_review,3.03,36.0,low
https://www.youtube.com/watch?v=SWO7XZ02rpI,"Rodrigo De la Serna: ""Okupas es un programa que resiste al paso del tiempo"" | Caja Negra",Filo News,SWO7XZ02rpI,37.567,640,360,25,interview,argentino/rioplatense_probable,73.85,82.44,98.0,81.26,maybe_review,accept,maybe_review,audio_proxy_alto|audio_proxy_suficiente|audio_score_sobre_threshold|black_frame_rate_alto|formato_interview|formato_largo|fuente_argentina_probable|speaker_count_usable,manual_review,4.21,50.0,low
https://www.youtube.com/watch?v=tnSHZ1ylnXY,"Mario Pergolini con Pedro Aznar y David Lebón: Entrevista Completa - ""Uno"" | Vorterix",Vorterix,tnSHZ1ylnXY,47.417,640,360,25,interview,argentino/rioplatense_probable,70.48,84.92,98.0,80.31,maybe_review,accept,maybe_review,audio_proxy_alto|audio_proxy_suficiente|audio_score_sobre_threshold|black_frame_rate_alto|formato_interview|formato_largo|fuente_argentina_probable|speaker_count_usable,manual_review,4.72,57.0,low
https://www.youtube.com/watch?v=YmZKSCP6rDA,"Ricardo Darín: ""Hacer 'Argentina, 1985' fue muy emocionante y nutritivo"" | Caja Negra",Filo News,YmZKSCP6rDA,74.667,640,360,25,interview,argentino/rioplatense_probable,70.61,80.75,98.0,79.13,maybe_review,accept,maybe_review,audio_proxy_alto|audio_proxy_intermedio|audio_proxy_suficiente|audio_score_sobre_threshold|black_frame_rate_alto|formato_interview|formato_largo|fuente_argentina_probable|scene_cut_proxy_alto|speaker_count_usable,manual_review,5.5,66.0,low
https://www.youtube.com/watch?v=AWJxm8noyy0,TOMÁS MAZZA (Y ALONSO) Y LA PEOR ENTREVISTA DE SU VIDA - ENTRE DOS SUCULENTAS #29,Matias Bottero,AWJxm8noyy0,14.117,640,360,25,interview,argentino/rioplatense_probable,61.25,96.13,88.0,77.06,reject,strong_accept,reject,audio_proxy_alto|audio_score_sobre_threshold|face_detect_rate_bajo|formato_interview|fuente_argentina_probable|scene_cut_proxy_alto|speaker_count_usable,reject,0.0,0.0,low
https://www.youtube.com/watch?v=KwkcN7sjhjc,"Conferencia internacional UNSAM- The New School: “Estado, Educación y Desarrollo con Inclusión”",UNSAM National University of San Martín Argentina,KwkcN7sjhjc,145.933,640,360,25,educational,argentino/rioplatense_probable,42.19,82.97,98.0,65.59,reject,accept,reject,audio_proxy_alto|audio_proxy_suficiente|audio_score_sobre_threshold|face_detect_rate_bajo|formato_educational|formato_largo|fuente_argentina_probable|perfil_extremo_proxy|speaker_count_usable,reject,0.0,0.0,low
https://www.youtube.com/watch?v=anxzhg7NxUA,99dosmil - Todo el Día Pensando (Video Oficial),99dosmil,anxzhg7NxUA,4.75,640,360,25,other,unknown,0.0,0.0,0.0,0.0,reject,reject,reject,contexto_incierto|missing_audit_samples|prefilter_reject:duracion_menor_a_480s,reject,0.0,0.0,high:missing_audit
https://www.youtube.com/watch?v=KS4dCIP4JrE,¡Gaspi va a la heladería!,Bat Flicks & Ink,KS4dCIP4JrE,1.75,640,352,30,other,unknown,0.0,0.0,0.0,0.0,reject,reject,reject,contexto_incierto|missing_audit_samples|prefilter_reject:duracion_menor_a_480s,reject,0.0,0.0,high:missing_audit
https://www.youtube.com/watch?v=3DU520MCIO4,VUELAPELUCAS 3000: Encuentro de Artistas en La Pampa - EN EL VACÍO PODCAST,EN EL VACÍO,3DU520MCIO4,43.883,640,360,30,podcast,argentino/rioplatense_probable,0.0,0.0,0.0,0.0,reject,reject,reject,contexto_incierto|missing_audit_samples|prefilter_reject:rechazo_keyword:tiktok,reject,0.0,0.0,high:missing_audit
https://www.youtube.com/watch?v=7o3kTnxB664,En Vilo #115 con Ta'crack,EN VILO,7o3kTnxB664,17.283,640,360,30,other,unknown,0.0,0.0,0.0,0.0,reject,reject,reject,contexto_incierto|missing_audit_samples,reject,0.0,0.0,high:missing_audit
https://www.youtube.com/watch?v=m6jfZa00vkY,"ESTOY FUERA | Corto ganador 1er premio concurso ""Hacé cine"" ECU.",Ismael Krall,m6jfZa00vkY,1.0,640,360,24,educational,unknown,0.0,0.0,0.0,0.0,reject,reject,reject,contexto_incierto|missing_audit_samples|prefilter_reject:duracion_menor_a_480s,reject,0.0,0.0,high:missing_audit
https://www.youtube.com/watch?v=Gdi-M-RwNao,1 Hombre Construido vs 7 Mujeres Modernas | Rodeados con Matías Laca,La Cruda Verdad Podcast,Gdi-M-RwNao,105.767,640,360,30,podcast,unknown,0.0,0.0,0.0,0.0,reject,reject,reject,contexto_incierto|missing_audit_samples|prefilter_reject:rechazo_keyword:musica,reject,0.0,0.0,high:missing_audit
https://www.youtube.com/watch?v=0lJ1Y6xyxsY,VALE ACEVEDO En La Pileta De Blest - APÓSTROFE LIVE MUSIC SESSIONS,Apóstrofe,0lJ1Y6xyxsY,17.433,640,360,24,other,argentino/rioplatense_probable,0.0,0.0,0.0,0.0,reject,reject,reject,contexto_incierto|missing_audit_samples,reject,0.0,0.0,high:missing_audit
https://www.youtube.com/watch?v=vlejYMsa00Y,PROHIBIDO DORMIR: 5 Horas de Relatos Reales SIN INTERRUPCIONES (Especial de Colección),PARANORMAL AND UFOs,vlejYMsa00Y,301.733,640,360,30,interview,argentino/rioplatense_probable,0.0,0.0,0.0,0.0,reject,reject,reject,contexto_incierto|missing_audit_samples|prefilter_reject:duracion_mayor_a_14400s,reject,0.0,0.0,high:missing_audit
https://www.youtube.com/watch?v=8Ax26bhTBM4,La mejor camara para Streaming y podcast || GUIA 2025,Martin De Iuliis,8Ax26bhTBM4,8.35,640,360,25,podcast,argentino/rioplatense_probable,0.0,0.0,0.0,0.0,reject,reject,reject,contexto_incierto|missing_audit_samples,reject,0.0,0.0,high:missing_audit
https://www.youtube.com/watch?v=SimBGCewqHs,Las 5 MEJORES Webcams Para Streaming en 2025/2026!,TiltEdward,SimBGCewqHs,9.483,640,360,30,streamer,unknown,0.0,0.0,0.0,0.0,reject,reject,reject,contexto_incierto|missing_audit_samples|prefilter_reject:rechazo_keyword:tiktok,reject,0.0,0.0,high:missing_audit
https://www.youtube.com/watch?v=imYBX3EfJ2w,La mejor webcam 4k BBB para streaming y creación de contenido? Emeet S600 vs Logitech c920,CaroKokoGG,imYBX3EfJ2w,11.183,640,360,30,streamer,unknown,0.0,0.0,0.0,0.0,reject,reject,reject,contexto_incierto|missing_audit_samples,reject,0.0,0.0,high:missing_audit
https://www.youtube.com/watch?v=ecAe6lheTOA,La Mejor Webcam Barata Para Streamers,Duodedos,ecAe6lheTOA,4.617,640,360,30,streamer,unknown,0.0,0.0,0.0,0.0,reject,reject,reject,contexto_incierto|missing_audit_samples|prefilter_reject:duracion_menor_a_480s,reject,0.0,0.0,high:missing_audit
https://www.youtube.com/watch?v=PPg0fBniLTQ,Las Mejores Webcams 4K para 2026 (Baratas VS Pros),Gallardo Reviews,PPg0fBniLTQ,12.417,640,360,30,streamer,unknown,0.0,0.0,0.0,0.0,reject,reject,reject,contexto_incierto|missing_audit_samples|prefilter_reject:rechazo_keyword:letra,reject,0.0,0.0,high:missing_audit
https://www.youtube.com/watch?v=2iP3xPX2Iww,Las 5 Mejores Webcams Para Streaming 2026 | Calidad-Precio en Mercado Libre,La Mejor Opción ,2iP3xPX2Iww,8.517,640,360,30,streamer,unknown,0.0,0.0,0.0,0.0,reject,reject,reject,contexto_incierto|missing_audit_samples,reject,0.0,0.0,high:missing_audit
https://www.youtube.com/watch?v=fd-ApV6WZzI,¿Cómo conectar mi cámara al celular para transmitir en vivo con - DOMO STREAM?,Kerigma Films,fd-ApV6WZzI,1.833,640,360,30,streamer,unknown,0.0,0.0,0.0,0.0,reject,reject,reject,contexto_incierto|missing_audit_samples|prefilter_reject:duracion_menor_a_480s,reject,0.0,0.0,high:missing_audit
https://www.youtube.com/watch?v=LEoQyiDObx4,🔴 Convierte  tu CELULAR en una 📱WEBCAM ► Y envía a OBS Studio 2024,"Luces, Cámara, Aprendo",LEoQyiDObx4,23.017,640,360,30,streamer,unknown,0.0,0.0,0.0,0.0,reject,reject,reject,contexto_incierto|missing_audit_samples,reject,0.0,0.0,high:missing_audit
https://www.youtube.com/watch?v=Sm_N7WYpofQ,NAHIR GALARZA: la entrevista desde la cárcel de Paraná con NATI JOTA Y PAULO KABLAN,OLGA,Sm_N7WYpofQ,81.283,640,360,25,interview,argentino/rioplatense_probable,0.0,0.0,0.0,0.0,reject,reject,reject,contexto_incierto|missing_audit_samples|prefilter_reject:rechazo_keyword:tiktok,reject,0.0,0.0,high:missing_audit
https://www.youtube.com/watch?v=6ohZOktxMoY,Dante Gebel en #LuisNovaresioEntrevista | Programa Completo (22/04/26),A24com,6ohZOktxMoY,56.167,640,360,25,interview,argentino/rioplatense_probable,0.0,0.0,0.0,0.0,reject,reject,reject,contexto_incierto|missing_audit_samples|prefilter_reject:rechazo_keyword:tiktok,reject,0.0,0.0,high:missing_audit
https://www.youtube.com/watch?v=qs1PovHocmU,"Yo, la reina del boliche, por Mauro Szeta - Telefe Noticias",Telefe Noticias,qs1PovHocmU,9.017,640,360,25,interview,argentino/rioplatense_probable,0.0,0.0,0.0,0.0,reject,reject,reject,contexto_incierto|missing_audit_samples,reject,0.0,0.0,high:missing_audit
https://www.youtube.com/watch?v=zcasomU6Ios,"""Mato al chorro, mato al juez"" ENTREVISTA COMPLETA ORIGINAL.",Sentidos Audiovisuales,zcasomU6Ios,5.8,640,360,25,interview,unknown,0.0,0.0,0.0,0.0,reject,reject,reject,contexto_incierto|missing_audit_samples|prefilter_reject:duracion_menor_a_480s,reject,0.0,0.0,high:missing_audit
https://www.youtube.com/watch?v=Xmh0vaJqFr8,Pablo Martínez en Saber Ver (03/09/2013),Saber Ver,Xmh0vaJqFr8,6.933,450,360,25,other,unknown,0.0,0.0,0.0,0.0,reject,reject,reject,contexto_incierto|missing_audit_samples|prefilter_reject:duracion_menor_a_480s,reject,0.0,0.0,high:missing_audit
https://www.youtube.com/watch?v=ww-qZNwQ1pM,Jaime Bayly en #LuisNovaresioEntrevista | Programa completo (07/05/26),A24com,ww-qZNwQ1pM,54.933,640,360,25,interview,argentino/rioplatense_probable,0.0,0.0,0.0,0.0,reject,reject,reject,contexto_incierto|missing_audit_samples|prefilter_reject:rechazo_keyword:tiktok,reject,0.0,0.0,high:missing_audit
https://www.youtube.com/watch?v=EDgo3YXY4KE,Hacer visible lo invisible | Elena Santa Cruz | TEDxUBA,TEDx Talks,EDgo3YXY4KE,14.8,640,360,25,other,argentino/rioplatense_probable,0.0,0.0,0.0,0.0,reject,reject,reject,contexto_incierto|missing_audit_samples,reject,0.0,0.0,high:missing_audit
https://www.youtube.com/watch?v=jRjwpxtrgCc,How to Show Up FIRST on YouTube Search,Think Media,jRjwpxtrgCc,9.55,640,360,24,podcast,argentino/rioplatense_probable,0.0,0.0,0.0,0.0,reject,reject,reject,contexto_incierto|missing_audit_samples,reject,0.0,0.0,high:missing_audit
https://www.youtube.com/watch?v=1uO-x8Q34mE,¿Cómo nuestra imagen nos puede movilizar? | Analia Polasek | TEDxEldorado,TEDx Talks,1uO-x8Q34mE,11.783,640,360,25,other,argentino/rioplatense_probable,0.0,0.0,0.0,0.0,reject,reject,reject,contexto_incierto|missing_audit_samples,reject,0.0,0.0,high:missing_audit
https://www.youtube.com/watch?v=v6lAF8Ep73Q,13 Misterios de Buenos Aires que te dejarán sin palabras,Ecos del Pasado Argentino: Recuerdo con nostalgia,v6lAF8Ep73Q,25.25,640,360,30,other,argentino/rioplatense_probable,0.0,0.0,0.0,0.0,reject,reject,reject,contexto_incierto|missing_audit_samples|prefilter_reject:rechazo_keyword:compilado,reject,0.0,0.0,high:missing_audit
https://www.youtube.com/watch?v=tr21Srpn9Gg,"González y el video viral: ""Jamás me reí de Clorinda""",Noticias Formosa,tr21Srpn9Gg,9.917,640,360,25,educational,unknown,0.0,0.0,0.0,0.0,reject,reject,reject,contexto_incierto|missing_audit_samples,reject,0.0,0.0,high:missing_audit
https://www.youtube.com/watch?v=IFgPzdWO_wU,Aprende a crear contenido para ser VIRAL en redes sociales,converzzo,IFgPzdWO_wU,8.683,640,360,24,other,unknown,0.0,0.0,0.0,0.0,reject,reject,reject,contexto_incierto|missing_audit_samples|prefilter_reject:rechazo_keyword:tiktok,reject,0.0,0.0,high:missing_audit
https://www.youtube.com/watch?v=KbYBZn7jw9I,El cuidado de lo invisible | Gabriel Heras | TEDxValladolid,TEDx Talks,KbYBZn7jw9I,20.0,640,360,25,other,unknown,0.0,0.0,0.0,0.0,reject,reject,reject,contexto_incierto|missing_audit_samples,reject,0.0,0.0,high:missing_audit
https://www.youtube.com/watch?v=Ni0bRe4_DOI,La historia de Hidrolit: ¿Qué tiene que pasar para que una empresa valga 100 millones de dólares?,Construyendo Negocios,Ni0bRe4_DOI,67.117,640,360,30,educational,argentino/rioplatense_probable,0.0,0.0,0.0,0.0,reject,reject,reject,contexto_incierto|missing_audit_samples|prefilter_reject:rechazo_keyword:tiktok,reject,0.0,0.0,high:missing_audit
https://www.youtube.com/watch?v=Dv8ktyDa-xk,SE HIZO VIRAL: La mujer que habla igual a Cristina Kirchner,eltrece,Dv8ktyDa-xk,2.233,640,360,25,other,unknown,0.0,0.0,0.0,0.0,reject,reject,reject,contexto_incierto|missing_audit_samples|prefilter_reject:duracion_menor_a_480s,reject,0.0,0.0,high:missing_audit
https://www.youtube.com/watch?v=EKW-1CA4e6o,Este reportero se dio un buen viaje durante una nota | El Mundial Qué Importa,Imagen Noticias,EKW-1CA4e6o,2.15,640,360,30,other,argentino/rioplatense_probable,0.0,0.0,0.0,0.0,reject,reject,reject,contexto_incierto|missing_audit_samples|prefilter_reject:duracion_menor_a_480s,reject,0.0,0.0,high:missing_audit
https://www.youtube.com/watch?v=Lf6Qh-iWlT0,😱ILLOJUAN reacciona  a JORDI WILD hablando CATALÁN en la TELE✨,TrendClips,Lf6Qh-iWlT0,0.6,640,360,30,other,unknown,0.0,0.0,0.0,0.0,reject,reject,reject,contexto_incierto|missing_audit_samples|prefilter_reject:duracion_menor_a_480s,reject,0.0,0.0,high:missing_audit
https://www.youtube.com/watch?v=MGOOML1CVIc,Tokio Hotel Hablando Español,Vanesa Cortes,MGOOML1CVIc,2.633,480,360,25,other,unknown,0.0,0.0,0.0,0.0,reject,reject,reject,contexto_incierto|missing_audit_samples|prefilter_reject:duracion_menor_a_480s,reject,0.0,0.0,high:missing_audit
https://www.youtube.com/watch?v=hDaKf8icuhs,Georgina Rodríguez confiesa cómo se enamoró de Cristiano Ronaldo - El Hormiguero,Antena 3,hDaKf8icuhs,3.383,640,360,25,other,unknown,0.0,0.0,0.0,0.0,reject,reject,reject,contexto_incierto|missing_audit_samples|prefilter_reject:duracion_menor_a_480s,reject,0.0,0.0,high:missing_audit
https://www.youtube.com/watch?v=1m3DT0DcA-g,"¡Donald Trump, nuevo presidente de Estados Unidos, visitó Showmatch!",eltrece,1m3DT0DcA-g,3.7,640,360,25,other,argentino/rioplatense_probable,0.0,0.0,0.0,0.0,reject,reject,reject,contexto_incierto|missing_audit_samples|prefilter_reject:duracion_menor_a_480s,reject,0.0,0.0,high:missing_audit
https://www.youtube.com/watch?v=BkF_mtwa02g,Entro a supermercados argentinos hablando CHINO (reacciones increíbles),Un Topo por el Mundo,BkF_mtwa02g,11.083,640,360,30,other,argentino/rioplatense_probable,0.0,0.0,0.0,0.0,reject,reject,reject,contexto_incierto|missing_audit_samples,reject,0.0,0.0,high:missing_audit
https://www.youtube.com/watch?v=q_26k18E3FE,Me entrevistó Univisión por imitar varios acentos en Español | Marianna Girgenti,Marianna Girgenti,q_26k18E3FE,5.133,640,360,30,interview,argentino/rioplatense_probable,0.0,0.0,0.0,0.0,reject,reject,reject,contexto_incierto|missing_audit_samples|prefilter_reject:duracion_menor_a_480s,reject,0.0,0.0,high:missing_audit
https://www.youtube.com/watch?v=FpKfNqDYei8,"""Tango. La música que el tiempo no ha borrado"" - Podcast #01 - Historia de un encuentro rioplatense",Chino Soto Lozano - Locutor,FpKfNqDYei8,2.0,320,240,30,podcast,argentino/rioplatense_probable,0.0,0.0,0.0,0.0,reject,reject,reject,contexto_incierto|missing_audit_samples|prefilter_reject:duracion_menor_a_480s,reject,0.0,0.0,high:missing_audit
https://www.youtube.com/watch?v=1tdOI0X0phE,Así era el acento porteño en los años '90 en Argentina,GLH HaxBall,1tdOI0X0phE,1.6,640,360,25,interview,argentino/rioplatense_probable,0.0,0.0,0.0,0.0,reject,reject,reject,contexto_incierto|missing_audit_samples|prefilter_reject:duracion_menor_a_480s,reject,0.0,0.0,high:missing_audit
https://www.youtube.com/watch?v=1bhYeJkJdck,"Historia Argentina - Cap 1, 2, 3 y 4",tijobrae2,1bhYeJkJdck,110.367,480,360,25,other,argentino/rioplatense_probable,0.0,0.0,0.0,0.0,reject,reject,reject,contexto_incierto|missing_audit_samples,reject,0.0,0.0,high:missing_audit
https://www.youtube.com/watch?v=KRNKHrYwWsI,Argentine Spanish: The Definitive Beginner's Guide (1 hr ),Spanish with Nico,KRNKHrYwWsI,64.283,640,360,30,podcast,argentino/rioplatense_probable,0.0,0.0,0.0,0.0,reject,reject,reject,contexto_incierto|missing_audit_samples,reject,0.0,0.0,high:missing_audit
https://www.youtube.com/watch?v=X-O-hYI5zbQ,Mi Revolución (Cuatro Pesos de Propina) con Karen Medina - Episodio 23,Omitir Intro - Podcast,X-O-hYI5zbQ,77.667,640,360,30,podcast,unknown,0.0,0.0,0.0,0.0,reject,reject,reject,contexto_incierto|missing_audit_samples,reject,0.0,0.0,high:missing_audit
https://www.youtube.com/watch?v=YRLdJ2tfklw,Peruano aprende lunfardo argentino | EP18T4,DESEMPLEADO,YRLdJ2tfklw,53.183,640,360,30,other,argentino/rioplatense_probable,0.0,0.0,0.0,0.0,reject,reject,reject,contexto_incierto|missing_audit_samples|prefilter_reject:rechazo_keyword:tiktok,reject,0.0,0.0,high:missing_audit
https://www.youtube.com/watch?v=119ZXE9bmj8,"VINO COSCU, HABLAMOS CON GIORGIO ARMAS, PALPITANDO LOS 16AVOS (30/6)",Infobae,119ZXE9bmj8,102.633,640,360,30,interview,argentino/rioplatense_probable,0.0,0.0,0.0,0.0,reject,reject,reject,contexto_incierto|missing_audit_samples|prefilter_reject:rechazo_keyword:tiktok,reject,0.0,0.0,high:missing_audit
https://www.youtube.com/watch?v=bacTwzcDN-A,Coscu le explicó a Marcelo por qué el streaming le ganó terreno a la televisión,Infobae,bacTwzcDN-A,23.667,640,360,30,interview,argentino/rioplatense_probable,0.0,0.0,0.0,0.0,reject,reject,reject,contexto_incierto|missing_audit_samples|prefilter_reject:rechazo_keyword:tiktok,reject,0.0,0.0,high:missing_audit
https://www.youtube.com/watch?v=VPMzQVdlnAo,"ACTUALIDAD de KICK | ft Momo,Goncho,C0ker,Mernuel,Bananirou,JoacoLopez,NicoBianchix y ZZK7",Coscu TV,VPMzQVdlnAo,366.6,640,360,30,other,argentino/rioplatense_probable,0.0,0.0,0.0,0.0,reject,reject,reject,contexto_incierto|missing_audit_samples|prefilter_reject:duracion_mayor_a_14400s,reject,0.0,0.0,high:missing_audit
https://www.youtube.com/watch?v=qpG_BeBTvyk,"PREGUNTAS y RESPUESTAS con Nicolás Tagliafico, Leandro Paredes y Lautaro Martínez FT. DAVO y LACOBRA",Coscu,qpG_BeBTvyk,20.05,640,360,30,streamer,argentino/rioplatense_probable,0.0,0.0,0.0,0.0,reject,reject,reject,contexto_incierto|missing_audit_samples,reject,0.0,0.0,high:missing_audit
https://www.youtube.com/watch?v=eFJ0LFjETkY,COSCU Y MOMO CON IBAI (CHARLA COMPLETA),Un Poco De Ibai,eFJ0LFjETkY,111.433,640,360,30,interview,argentino/rioplatense_probable,0.0,0.0,0.0,0.0,reject,reject,reject,contexto_incierto|missing_audit_samples|prefilter_reject:rechazo_keyword:tiktok,reject,0.0,0.0,high:missing_audit
https://www.youtube.com/watch?v=PRQEkiIWps0,Coscu Mete Un Bombazo Histórico Después De Probar Las Salsas Más Picantes Del Mundo,Terapia Picante,PRQEkiIWps0,40.717,640,360,24,streamer,argentino/rioplatense_probable,0.0,0.0,0.0,0.0,reject,reject,reject,contexto_incierto|missing_audit_samples,reject,0.0,0.0,high:missing_audit
https://www.youtube.com/watch?v=joBOvTkingw,SIN FILTRO con DARELL #02 | REAL G4 LIFE,Coscu,joBOvTkingw,30.367,640,360,30,other,argentino/rioplatense_probable,0.0,0.0,0.0,0.0,reject,reject,reject,contexto_incierto|missing_audit_samples,reject,0.0,0.0,high:missing_audit
https://www.youtube.com/watch?v=StHzTdAmojg,LA SESIÓN #1 de CARITO MÜLLER: SOBREVIVIR a tu propia MADRE y al MIEDO en casa | Sofi Calvo,HISPA,StHzTdAmojg,87.317,640,360,25,podcast,argentino/rioplatense_probable,0.0,0.0,0.0,0.0,reject,reject,reject,contexto_incierto|missing_audit_samples|prefilter_reject:rechazo_keyword:tiktok,reject,0.0,0.0,high:missing_audit
https://www.youtube.com/watch?v=muuroLTxgFA,"QUIÉN ES MICHELO, el influencer argentino que APOYA A NICOLÁS MADURO en Venezuela",CLARÍN,muuroLTxgFA,4.55,640,360,24,other,argentino/rioplatense_probable,0.0,0.0,0.0,0.0,reject,reject,reject,contexto_incierto|missing_audit_samples|prefilter_reject:duracion_menor_a_480s,reject,0.0,0.0,high:missing_audit
https://www.youtube.com/watch?v=U99sM7CrNv4,Jorgito Barrionuevo contó cómo ser influencer cambió su vida y la de su familia | #NacidosEnRedes,Infobae,U99sM7CrNv4,27.883,640,360,25,other,argentino/rioplatense_probable,0.0,0.0,0.0,0.0,reject,reject,reject,contexto_incierto|missing_audit_samples|prefilter_reject:rechazo_keyword:tiktok,reject,0.0,0.0,high:missing_audit
https://www.youtube.com/watch?v=D-9_xiGhESU,"""Me dicen PASTOR para bajarme el precio"" | Dante GEBEL con Pedro ROSEMBLAT",GELATINA,D-9_xiGhESU,79.617,640,360,30,interview,argentino/rioplatense_probable,0.0,0.0,0.0,0.0,reject,reject,reject,contexto_incierto|missing_audit_samples|prefilter_reject:rechazo_keyword:tiktok,reject,0.0,0.0,high:missing_audit
https://www.youtube.com/watch?v=p5HLZMvJC9w,Niños de Primaria Vs Influencers | Quién sabe mas?,Valen Ferreiro,p5HLZMvJC9w,20.25,640,360,25,other,unknown,0.0,0.0,0.0,0.0,reject,reject,reject,contexto_incierto|missing_audit_samples|prefilter_reject:rechazo_keyword:tiktok,reject,0.0,0.0,high:missing_audit
https://www.youtube.com/watch?v=MplhaoSvGgM,#PLP l ¿NICO NO ENTIENDE A LAS MUJERES? + NO TE OLVIDES DE VOS MISMA,LUZU TV,MplhaoSvGgM,112.817,640,360,30,streamer,argentino/rioplatense_probable,0.0,0.0,0.0,0.0,reject,reject,reject,contexto_incierto|missing_audit_samples,reject,0.0,0.0,high:missing_audit
https://www.youtube.com/watch?v=DV-xZkRXdtw,"""No somos amigos"": así es la relación de Flor Vigna y Nico Occhiato - PH Podemos Hablar",Telefe,DV-xZkRXdtw,6.05,640,360,30,interview,unknown,0.0,0.0,0.0,0.0,reject,reject,reject,contexto_incierto|missing_audit_samples|prefilter_reject:duracion_menor_a_480s,reject,0.0,0.0,high:missing_audit
https://www.youtube.com/watch?v=FKLwIcELszk,#PLP | LAS AVENTURAS DE EVITTA Y NOS PREOCUPA LO BAJA QUE ESTA LA VARA,LUZU TV,FKLwIcELszk,112.367,640,360,30,streamer,argentino/rioplatense_probable,0.0,0.0,0.0,0.0,reject,reject,reject,contexto_incierto|missing_audit_samples,reject,0.0,0.0,high:missing_audit
https://www.youtube.com/watch?v=eD_Cikwcm28,#SEFUELARGA l ¿FERBO SEXTEA CON EL CHAT GPT? DOMPI ES REAL Y ¿EL PASADO SE CUENTA?,LUZU TV,eD_Cikwcm28,117.533,640,360,30,streamer,argentino/rioplatense_probable,0.0,0.0,0.0,0.0,reject,reject,reject,contexto_incierto|missing_audit_samples,reject,0.0,0.0,high:missing_audit
https://www.youtube.com/watch?v=1JnAhTj31zU,"#PATRIAYFAMILIA l ¿CAMI Y CRIS VANADÍA?, NACHITO SARALEGUI Y PROPUESTA DE CASAMIENTO EN VIVO",LUZU TV,1JnAhTj31zU,120.583,640,360,30,streamer,argentino/rioplatense_probable,0.0,0.0,0.0,0.0,reject,reject,reject,contexto_incierto|missing_audit_samples,reject,0.0,0.0,high:missing_audit
https://www.youtube.com/watch?v=CP6ECJy1nPM,Salud mental en Argentina | Luciano Grasso | Psicología Al Sur 🔱,NeuroClass,CP6ECJy1nPM,40.467,640,360,30,educational,argentino/rioplatense_probable,0.0,0.0,0.0,0.0,reject,reject,reject,contexto_incierto|missing_audit_samples,reject,0.0,0.0,high:missing_audit
https://www.youtube.com/watch?v=XUqrvbsTfck,"Cómo hablar: comunica, conecta, y hazte recordar | Adrià Solà Pastor | TEDxESIC University",TEDx Talks,XUqrvbsTfck,19.867,640,360,30,other,unknown,0.0,0.0,0.0,0.0,reject,reject,reject,contexto_incierto|missing_audit_samples,reject,0.0,0.0,high:missing_audit
https://www.youtube.com/watch?v=kLPmJbeLAE8,La diferencia entre “Hablar” y “Comunicar” | LA COMUNICACIÓN ASERTIVA | Mario Alonso Puig,Mario Alonso Puig - Oficial,kLPmJbeLAE8,62.133,640,360,25,other,unknown,0.0,0.0,0.0,0.0,reject,reject,reject,contexto_incierto|missing_audit_samples,reject,0.0,0.0,high:missing_audit
https://www.youtube.com/watch?v=slogyR0ixGA,🇦🇷How to speak Argentinian Spanish🇦🇷 (English and Spanish subtitles),Español con Michelle B.,slogyR0ixGA,16.533,640,360,24,other,argentino/rioplatense_probable,0.0,0.0,0.0,0.0,reject,reject,reject,contexto_incierto|missing_audit_samples,reject,0.0,0.0,high:missing_audit
https://www.youtube.com/watch?v=ZBKbJs5MBFE,"El poder del silencio. Mario Alonso Puig, cirujano, conferenciante y escritor.",AprendemosJuntos,ZBKbJs5MBFE,49.05,640,360,25,podcast,argentino/rioplatense_probable,0.0,0.0,0.0,0.0,reject,reject,reject,contexto_incierto|missing_audit_samples|prefilter_reject:rechazo_keyword:tiktok,reject,0.0,0.0,high:missing_audit
https://www.youtube.com/watch?v=G0izzumb2VY,INSTRUCCIÓN EN BASE A LAS COMPETENCIAS AERONÁUTICAS,Sociedad Argentina De Aviacion,G0izzumb2VY,61.883,640,360,30,educational,argentino/rioplatense_probable,0.0,0.0,0.0,0.0,reject,reject,reject,contexto_incierto|missing_audit_samples,reject,0.0,0.0,high:missing_audit
https://www.youtube.com/watch?v=pDiokJpk-6A,Mitre 327: Domicilio de un desaparecido | Franciso Andrés Flores | TEDxPlazaMoreno,TEDx Talks,pDiokJpk-6A,16.017,640,360,25,other,unknown,0.0,0.0,0.0,0.0,reject,reject,reject,contexto_incierto|missing_audit_samples|prefilter_reject:rechazo_keyword:musica,reject,0.0,0.0,high:missing_audit
https://www.youtube.com/watch?v=1QBBAhRlcRY,Lucho con La Gente #152 - La Ex del Ex y Ex Ex,LuchoMellera,1QBBAhRlcRY,16.05,640,360,24,streamer,argentino/rioplatense_probable,0.0,0.0,0.0,0.0,reject,reject,reject,contexto_incierto|missing_audit_samples|prefilter_reject:rechazo_keyword:tiktok,reject,0.0,0.0,high:missing_audit
https://www.youtube.com/watch?v=KuG-njpJAPk,"ANGUSTIAS, VERGÜENZAS y BASURA - Especial de Stand up - Lucas Lauriente",Lucas Lauriente,KuG-njpJAPk,62.083,640,360,25,other,unknown,0.0,0.0,0.0,0.0,reject,reject,reject,contexto_incierto|missing_audit_samples,reject,0.0,0.0,high:missing_audit
https://www.youtube.com/watch?v=yQZxcE7a1zw,Roberto Moldavsky Restaurant y parejas 🍽❤,Roberto Moldavsky,yQZxcE7a1zw,3.9,640,360,25,other,argentino/rioplatense_probable,0.0,0.0,0.0,0.0,reject,reject,reject,contexto_incierto|missing_audit_samples|prefilter_reject:duracion_menor_a_480s,reject,0.0,0.0,high:missing_audit
https://www.youtube.com/watch?v=HMNh50sKDOE,Monólogo cómico,Lorena Fernández Sánchez,HMNh50sKDOE,1.933,640,360,25,other,argentino/rioplatense_probable,0.0,0.0,0.0,0.0,reject,reject,reject,contexto_incierto|missing_audit_samples|prefilter_reject:duracion_menor_a_480s,reject,0.0,0.0,high:missing_audit
https://www.youtube.com/watch?v=gxZ9gl_qzog,ME ENGANCHÉ CON EL BASURERO,Connie Ballarini,gxZ9gl_qzog,6.133,640,360,24,educational,argentino/rioplatense_probable,0.0,0.0,0.0,0.0,reject,reject,reject,contexto_incierto|missing_audit_samples|prefilter_reject:duracion_menor_a_480s,reject,0.0,0.0,high:missing_audit
https://www.youtube.com/watch?v=eFBtrMj5dBo,monologo Julieta Zaballa,mariela bedini,eFBtrMj5dBo,9.1,640,360,25,monologue,unknown,0.0,0.0,0.0,0.0,reject,reject,reject,contexto_incierto|missing_audit_samples,reject,0.0,0.0,high:missing_audit
https://www.youtube.com/watch?v=LNUgTDyzDbw,Piter Albeiro Dios creo la perfección en la mujer [ Noche de comedia ] Lo Mejor EstrellaTV,Lo Mejor de EstrellaTV,LNUgTDyzDbw,6.467,640,360,30,other,argentino/rioplatense_probable,0.0,0.0,0.0,0.0,reject,reject,reject,contexto_incierto|missing_audit_samples|prefilter_reject:duracion_menor_a_480s,reject,0.0,0.0,high:missing_audit
https://www.youtube.com/watch?v=X1rm8I2UT2Y,El histórico monólogo N° 2000 de Tato Bores - Planeta Tato Bores,Planeta Tato Bores,X1rm8I2UT2Y,14.067,540,360,25,other,argentino/rioplatense_probable,0.0,0.0,0.0,0.0,reject,reject,reject,contexto_incierto|missing_audit_samples,reject,0.0,0.0,high:missing_audit
https://www.youtube.com/watch?v=O6toa850Dso,"Cristian Castro: ""Soy de los cantantes latinos que se sienten más solos en el mundo"" | Caja Negra",Filo News,O6toa850Dso,77.667,640,360,25,interview,unknown,0.0,0.0,0.0,0.0,reject,reject,reject,contexto_incierto|missing_audit_samples,reject,0.0,0.0,high:missing_audit
https://www.youtube.com/watch?v=FgvjJ1AdOv0,"Tini: ""La inconsciencia me llevó siempre a hacer las cosas muy desde el corazón” | Caja Negra",Filo News,FgvjJ1AdOv0,90.383,640,360,25,interview,unknown,0.0,0.0,0.0,0.0,reject,reject,reject,contexto_incierto|missing_audit_samples,reject,0.0,0.0,high:missing_audit
https://www.youtube.com/watch?v=Ex6aodkFPZc,"YIYA MURANO - Martín Murano, el hijo | LA CRUDA #2 con MIGUE GRANADOS",OLGA,Ex6aodkFPZc,52.817,640,360,25,streamer,argentino/rioplatense_probable,0.0,0.0,0.0,0.0,reject,reject,reject,contexto_incierto|missing_audit_samples|prefilter_reject:rechazo_keyword:tiktok,reject,0.0,0.0,high:missing_audit
https://www.youtube.com/watch?v=EVQ33hIZkJo,GUARDAESPALDAS | LA CRUDA #23 con MIGUE GRANADOS,OLGA,EVQ33hIZkJo,61.067,640,360,25,streamer,argentino/rioplatense_probable,0.0,0.0,0.0,0.0,reject,reject,reject,contexto_incierto|missing_audit_samples|prefilter_reject:rechazo_keyword:tiktok,reject,0.0,0.0,high:missing_audit
https://www.youtube.com/watch?v=jS2LoXykaRw,TOC - Ro Vitale | LA CRUDA #1 con MIGUE GRANADOS,OLGA,jS2LoXykaRw,45.45,640,360,30,streamer,argentino/rioplatense_probable,0.0,0.0,0.0,0.0,reject,reject,reject,contexto_incierto|missing_audit_samples|prefilter_reject:rechazo_keyword:tiktok,reject,0.0,0.0,high:missing_audit
https://www.youtube.com/watch?v=cArwXvz4sEg,ÍNTIMO: CHANO CHARPENTIER con MIGUE GRANADOS en OLGA | Entrevista Exclusiva,OLGA,cArwXvz4sEg,63.283,640,360,30,interview,argentino/rioplatense_probable,0.0,0.0,0.0,0.0,reject,reject,reject,contexto_incierto|missing_audit_samples|prefilter_reject:rechazo_keyword:tiktok,reject,0.0,0.0,high:missing_audit
https://www.youtube.com/watch?v=dhB-PN37oXM,MASACRE DE FLORES - Matías Bagnato | LA CRUDA #18 con MIGUE GRANADOS,OLGA,dhB-PN37oXM,71.3,640,360,24,streamer,argentino/rioplatense_probable,0.0,0.0,0.0,0.0,reject,reject,reject,contexto_incierto|missing_audit_samples|prefilter_reject:rechazo_keyword:tiktok,reject,0.0,0.0,high:missing_audit
https://www.youtube.com/watch?v=zm49034Y7Zc,El Método Rebord #21 - Mario Pergolini,El Método Rebord,zm49034Y7Zc,87.6,640,360,30,other,argentino/rioplatense_probable,0.0,0.0,0.0,0.0,reject,reject,reject,contexto_incierto|missing_audit_samples,reject,0.0,0.0,high:missing_audit
https://www.youtube.com/watch?v=yIPAMuMbIyQ,"La amistad, la muerte y el paso del tiempo: 24 minutos de Dolina reflexionando",El Método Rebord,yIPAMuMbIyQ,24.433,640,360,30,monologue,argentino/rioplatense_probable,0.0,0.0,0.0,0.0,reject,reject,reject,contexto_incierto|missing_audit_samples,reject,0.0,0.0,high:missing_audit
https://www.youtube.com/watch?v=DW3fnTN2zy4,El Método Rebord #35 - Carlos Pagni,El Método Rebord,DW3fnTN2zy4,73.967,640,360,30,other,argentino/rioplatense_probable,0.0,0.0,0.0,0.0,reject,reject,reject,contexto_incierto|missing_audit_samples,reject,0.0,0.0,high:missing_audit
https://www.youtube.com/watch?v=W2K1QIOpXoA,"MALVINAS ARGENTINAS HOY Y SIEMPRE en OLGA con Migue Granados, Lucas Fridman y Cami Perochena",OLGA,W2K1QIOpXoA,196.133,640,360,30,streamer,argentino/rioplatense_probable,0.0,0.0,0.0,0.0,reject,reject,reject,contexto_incierto|missing_audit_samples|prefilter_reject:rechazo_keyword:tiktok,reject,0.0,0.0,high:missing_audit
https://www.youtube.com/watch?v=qYwlqx-JLok,MESSI en OLGA con MIGUE GRANADOS: la NOTA COMPLETA en MIAMI,OLGA,qYwlqx-JLok,36.867,640,360,24,interview,argentino/rioplatense_probable,0.0,0.0,0.0,0.0,reject,reject,reject,contexto_incierto|missing_audit_samples|prefilter_reject:rechazo_keyword:tiktok,reject,0.0,0.0,high:missing_audit
https://www.youtube.com/watch?v=95oQDvbrV6c,"DE PAUL en OLGA: el CASI PICO con MESSI, la BANCA a ENZO FERNANDEZ y las LOCURAS del DIBU | 18/7",OLGA,95oQDvbrV6c,82.733,640,360,30,streamer,argentino/rioplatense_probable,0.0,0.0,0.0,0.0,reject,reject,reject,contexto_incierto|missing_audit_samples|prefilter_reject:rechazo_keyword:tiktok,reject,0.0,0.0,high:missing_audit
https://www.youtube.com/watch?v=tddWEjxNauo,CA7RIEL & PACO AMOROSO en OLGA con MIGUE GRANADOS: ENTREVISTA EXCLUSIVA,OLGA,tddWEjxNauo,47.083,640,360,30,interview,argentino/rioplatense_probable,0.0,0.0,0.0,0.0,reject,reject,reject,contexto_incierto|missing_audit_samples|prefilter_reject:rechazo_keyword:tiktok,reject,0.0,0.0,high:missing_audit
https://www.youtube.com/watch?v=jEEahJU8_jg,#NADIEDICENADA l ¿NOS COMPRAN UNA CAMISA PARA MARCOS? EXPERTOS EN MIMITOS Y ¿CHAU NAVE?,LUZU TV,jEEahJU8_jg,161.5,640,360,30,streamer,argentino/rioplatense_probable,0.0,0.0,0.0,0.0,reject,reject,reject,contexto_incierto|missing_audit_samples,reject,0.0,0.0,high:missing_audit
https://www.youtube.com/watch?v=HJx3EsSuGl4,"#PLP l CAZZU: ""MI VIDA CAMBIÓ DE LA NOCHE A LA MAÑANA""",LUZU TV,HJx3EsSuGl4,107.483,640,360,30,streamer,argentino/rioplatense_probable,0.0,0.0,0.0,0.0,reject,reject,reject,contexto_incierto|missing_audit_samples,reject,0.0,0.0,high:missing_audit
https://www.youtube.com/watch?v=nqI_6U4kUxc,#NADIEDICENADA | TODO SOBRE EL ANTEL ARENA Y NOS VISITA HABLANDO HUEVADAS: ¿NOS VAMOS A PERÚ?,LUZU TV,nqI_6U4kUxc,141.167,640,360,30,streamer,argentino/rioplatense_probable,0.0,0.0,0.0,0.0,reject,reject,reject,contexto_incierto|missing_audit_samples,reject,0.0,0.0,high:missing_audit
https://www.youtube.com/watch?v=ZiajCS7Y-1k,#NADIEDICENADA | RISAS ASEGURADAS CON MARLEY Y FLOR PEÑA Y ¿MOMI SE HACE PIS EN VIVO?,LUZU TV,ZiajCS7Y-1k,130.433,640,360,30,streamer,argentino/rioplatense_probable,0.0,0.0,0.0,0.0,reject,reject,reject,contexto_incierto|missing_audit_samples,reject,0.0,0.0,high:missing_audit
https://www.youtube.com/watch?v=nK1-Zn3LZfQ,#NADIEDICENADA | DÍA HISTÓRICO: ROSALÍA QUE MUJER ¿DEBATE SI ES TOXI O TIENE UN PUNTO?,LUZU TV,nK1-Zn3LZfQ,190.983,640,360,30,streamer,argentino/rioplatense_probable,0.0,0.0,0.0,0.0,reject,reject,reject,contexto_incierto|missing_audit_samples,reject,0.0,0.0,high:missing_audit
https://www.youtube.com/watch?v=RgRQ9AONCJ0,"""No vi más a Charly García. Intenté lo que pude"": PIPO CIPOLATTI sobre LOS TWIST #TodoPasa",Urbana Play 104.3 FM,RgRQ9AONCJ0,35.083,640,360,30,other,argentino/rioplatense_probable,0.0,0.0,0.0,0.0,reject,reject,reject,contexto_incierto|missing_audit_samples,reject,0.0,0.0,high:missing_audit
https://www.youtube.com/watch?v=XLHm79eRtPI,Lizy Tagliani sobre la charla que tuvo con su hijo de 5 años a raíz del comentario 'MAMÁ ES UN VARÓN,Urbana Play 104.3 FM,XLHm79eRtPI,43.833,640,360,30,educational,argentino/rioplatense_probable,0.0,0.0,0.0,0.0,reject,reject,reject,contexto_incierto|missing_audit_samples,reject,0.0,0.0,high:missing_audit
https://www.youtube.com/watch?v=KxjKmHD38wE,"Roxette llegó a la Argentina, oyentes cuentan su #UnaBuena, Santi Bilinkis sobre Claude #TodoPasa",Urbana Play 104.3 FM,KxjKmHD38wE,80.483,640,360,30,other,argentino/rioplatense_probable,0.0,0.0,0.0,0.0,reject,reject,reject,contexto_incierto|missing_audit_samples,reject,0.0,0.0,high:missing_audit
https://www.youtube.com/watch?v=ltp3UGqvlqQ,"""La justicia argentina es machista"": MAURO SZETA sobre el CASO AGOSTINA VEGA #TodoPasa",Urbana Play 104.3 FM,ltp3UGqvlqQ,48.917,640,360,30,other,argentino/rioplatense_probable,0.0,0.0,0.0,0.0,reject,reject,reject,contexto_incierto|missing_audit_samples,reject,0.0,0.0,high:missing_audit
https://www.youtube.com/watch?v=MnuIQ1uJokg,Hablemos de guita con Claudio Zuchovicki,Aprender de Grandes,MnuIQ1uJokg,92.35,640,360,25,podcast,argentino/rioplatense_probable,0.0,0.0,0.0,0.0,reject,reject,reject,contexto_incierto|missing_audit_samples|prefilter_reject:rechazo_keyword:tiktok,reject,0.0,0.0,high:missing_audit
https://www.youtube.com/watch?v=zSIcMPX5KjA,Nico Occhiato y construir el canal de streaming más grande de habla hispana | Aprender de Grandes,Aprender de Grandes,zSIcMPX5KjA,112.017,640,360,25,podcast,argentino/rioplatense_probable,0.0,0.0,0.0,0.0,reject,reject,reject,contexto_incierto|missing_audit_samples|prefilter_reject:rechazo_keyword:tiktok,reject,0.0,0.0,high:missing_audit
https://www.youtube.com/watch?v=bnGAijvSal0,Diego Pol y el hallazgo del dinosaurio más grande conocido hasta ahora,Aprender de Grandes,bnGAijvSal0,98.283,640,360,25,podcast,unknown,0.0,0.0,0.0,0.0,reject,reject,reject,contexto_incierto|missing_audit_samples|prefilter_reject:rechazo_keyword:tiktok,reject,0.0,0.0,high:missing_audit
https://www.youtube.com/watch?v=3r8cnVtv5GM,En el país de los piolas | José Nesis | TEDxRiodelaPlata,TEDx Talks,3r8cnVtv5GM,16.467,640,360,25,other,unknown,0.0,0.0,0.0,0.0,reject,reject,reject,contexto_incierto|missing_audit_samples,reject,0.0,0.0,high:missing_audit
https://www.youtube.com/watch?v=g6zBmBUOMhY,Zombies en la escuela | Juli Garbulsky | TEDxRiodelaPlata,TEDx Talks,g6zBmBUOMhY,9.117,640,360,25,educational,argentino/rioplatense_probable,0.0,0.0,0.0,0.0,reject,reject,reject,contexto_incierto|missing_audit_samples,reject,0.0,0.0,high:missing_audit
https://www.youtube.com/watch?v=W9AtwP_fklk,Tiempo: El festival de ideas de TEDxRíodelaPlata 2025 en VIVO,TEDxRiodelaPlata,W9AtwP_fklk,329.933,640,360,30,other,unknown,0.0,0.0,0.0,0.0,reject,reject,reject,contexto_incierto|missing_audit_samples|prefilter_reject:duracion_mayor_a_14400s,reject,0.0,0.0,high:missing_audit
https://www.youtube.com/watch?v=DC-OdcjzED0,La cancion que cada uno tiene adentro | Leonardo Oyola | TEDxRiodelaPlata,TEDx Talks,DC-OdcjzED0,15.533,640,360,25,educational,argentino/rioplatense_probable,0.0,0.0,0.0,0.0,reject,reject,reject,contexto_incierto|missing_audit_samples|prefilter_reject:rechazo_keyword:cancion,reject,0.0,0.0,high:missing_audit
https://www.youtube.com/watch?v=tnJ7YS5x3EM,Salir de la cárcel | Andrea Casamento | TEDxRiodelaPlata,TEDx Talks,tnJ7YS5x3EM,16.983,640,360,25,other,unknown,0.0,0.0,0.0,0.0,reject,reject,reject,contexto_incierto|missing_audit_samples,reject,0.0,0.0,high:missing_audit
https://www.youtube.com/watch?v=6EbfhQAw3Tc,Triaca y Moroni debatieron en la EEyN-UNSAM sobre el futuro del trabajo en Argentina,Escuela de Economía y Negocios - UNSAM,6EbfhQAw3Tc,59.933,640,360,30,other,argentino/rioplatense_probable,0.0,0.0,0.0,0.0,reject,reject,reject,contexto_incierto|missing_audit_samples,reject,0.0,0.0,high:missing_audit
https://www.youtube.com/watch?v=_9njPXc9BWw,Carlos Pagni en la UNSAM,UNSAM National University of San Martín Argentina,_9njPXc9BWw,111.85,640,360,30,other,argentino/rioplatense_probable,0.0,0.0,0.0,0.0,reject,reject,reject,contexto_incierto|missing_audit_samples,reject,0.0,0.0,high:missing_audit
https://www.youtube.com/watch?v=SS6C0SQNqi0,Conferencia de Veena Das en UNSAM: ‘Políticas de la vida cotidiana: memoria y presente’,UNSAM National University of San Martín Argentina,SS6C0SQNqi0,65.967,640,360,25,educational,argentino/rioplatense_probable,0.0,0.0,0.0,0.0,reject,reject,reject,contexto_incierto|missing_audit_samples,reject,0.0,0.0,high:missing_audit
https://www.youtube.com/watch?v=__SuyDVhvxk,Jacques Rancière en Argentina,UNSAM National University of San Martín Argentina,__SuyDVhvxk,4.017,640,360,25,other,argentino/rioplatense_probable,0.0,0.0,0.0,0.0,reject,reject,reject,contexto_incierto|missing_audit_samples|prefilter_reject:duracion_menor_a_480s,reject,0.0,0.0,high:missing_audit
https://www.youtube.com/watch?v=sVtfMA7mtos,"MARTA FORT habló de todo: OPERACIONES, ROMANCES, compras CULPOSAS y más | #LoDePampita",Infobae,sVtfMA7mtos,52.85,640,360,25,other,argentino/rioplatense_probable,0.0,0.0,0.0,0.0,reject,reject,reject,contexto_incierto|missing_audit_samples|prefilter_reject:rechazo_keyword:tiktok,reject,0.0,0.0,high:missing_audit
https://www.youtube.com/watch?v=HBi7v7A0zd4,"La ENFERMEDAD HOLANDESA, CAMBIOS  en WHATSAPP y LA INTERNA que PARALIZÓ a un PAÍS | 1/7",Infobae,HBi7v7A0zd4,174.683,640,360,30,other,argentino/rioplatense_probable,0.0,0.0,0.0,0.0,reject,reject,reject,contexto_incierto|missing_audit_samples|prefilter_reject:rechazo_keyword:tiktok,reject,0.0,0.0,high:missing_audit
https://www.youtube.com/watch?v=YAFIFx6pW8w,"VICKY XIPOLITAKIS: su SEXTO SENTIDO, maternidad, SOLTERÍA y el peor momento que vivió | #LoDePampita",Infobae,YAFIFx6pW8w,44.35,640,360,25,other,argentino/rioplatense_probable,0.0,0.0,0.0,0.0,reject,reject,reject,contexto_incierto|missing_audit_samples|prefilter_reject:rechazo_keyword:tiktok,reject,0.0,0.0,high:missing_audit
https://www.youtube.com/watch?v=hkaTYAfWvWc,"Saltó de un avión en llamas, no sabía cómo se llamaba ni tenía conciencia de que estaba viva",Infobae,hkaTYAfWvWc,56.15,640,360,25,other,argentino/rioplatense_probable,0.0,0.0,0.0,0.0,reject,reject,reject,contexto_incierto|missing_audit_samples|prefilter_reject:rechazo_keyword:tiktok,reject,0.0,0.0,high:missing_audit
https://www.youtube.com/watch?v=3L6UuwCZris,"Carlos Baute con Tatiana Schapiro: la historia de su fuga a los 11, tras pasar por un liceo militar",Infobae,3L6UuwCZris,51.067,640,360,25,interview,argentino/rioplatense_probable,0.0,0.0,0.0,0.0,reject,reject,reject,contexto_incierto|missing_audit_samples|prefilter_reject:rechazo_keyword:tiktok,reject,0.0,0.0,high:missing_audit
https://www.youtube.com/watch?v=jLl1UgfeQ-0,"“El PERONISMO cambió la HISTORIA argentina"" | Felipe PIGNA mano a mano con Pedro ROSEMBLAT",GELATINA,jLl1UgfeQ-0,40.983,640,360,30,interview,argentino/rioplatense_probable,0.0,0.0,0.0,0.0,reject,reject,reject,contexto_incierto|missing_audit_samples|prefilter_reject:rechazo_keyword:tiktok,reject,0.0,0.0,high:missing_audit
https://www.youtube.com/watch?v=TwnvBZu1rSQ,¿CUÁNTO COBRÓ GELATINA por la ENTREVISTA? | Pedro ROSEMBLAT en INDUSTRIA NACIONAL,GELATINA,TwnvBZu1rSQ,173.217,640,360,30,interview,argentino/rioplatense_probable,0.0,0.0,0.0,0.0,reject,reject,reject,contexto_incierto|missing_audit_samples|prefilter_reject:rechazo_keyword:tiktok,reject,0.0,0.0,high:missing_audit
https://www.youtube.com/watch?v=9CC7yIrQiHA,EDUARDO FEINMANN: “NÉSTOR KIRCHNER TENÍA DEVOCIÓN CONMIGO” | con PEDRO ROSEMBLAT,GELATINA,9CC7yIrQiHA,67.933,640,360,30,interview,argentino/rioplatense_probable,0.0,0.0,0.0,0.0,reject,reject,reject,contexto_incierto|missing_audit_samples|prefilter_reject:rechazo_keyword:tiktok,reject,0.0,0.0,high:missing_audit
https://www.youtube.com/watch?v=P5T9t3XjPDU,"LUCRECIA MARTEL: ""No hay que tenerle miedo a nuestro tiempo"" | Con Pedro ROSEMBLAT",GELATINA,P5T9t3XjPDU,61.767,640,360,30,streamer,argentino/rioplatense_probable,0.0,0.0,0.0,0.0,reject,reject,reject,contexto_incierto|missing_audit_samples|prefilter_reject:rechazo_keyword:tiktok,reject,0.0,0.0,high:missing_audit
https://www.youtube.com/watch?v=k52VA9lpDSg,PEDRO SABORIDO: EL FENÓMENO INDIO SOLARI Y SU IMPACTO EN LA ARGENTINA | BLENDER,BLENDER,k52VA9lpDSg,17.467,640,360,30,streamer,argentino/rioplatense_probable,0.0,0.0,0.0,0.0,reject,reject,reject,contexto_incierto|missing_audit_samples|prefilter_reject:rechazo_keyword:tiktok,reject,0.0,0.0,high:missing_audit
https://www.youtube.com/watch?v=lyUnTB84vBc,LA TRAMPA MORTAL DE BARREDA | CONFESIONES DE BAR con MAURO SZETA #3 | BLENDER,BLENDER,lyUnTB84vBc,24.85,640,360,25,streamer,unknown,0.0,0.0,0.0,0.0,reject,reject,reject,contexto_incierto|missing_audit_samples,reject,0.0,0.0,high:missing_audit
https://www.youtube.com/watch?v=qfBtw6r0Dvc,EXPLOTÓ el DEBATE entre DIEGO RECALDE CONTRA TODOS | DOMINBORD #7 | BLENDER,BLENDER,qfBtw6r0Dvc,118.233,640,360,30,conversation,argentino/rioplatense_probable,0.0,0.0,0.0,0.0,reject,reject,reject,contexto_incierto|missing_audit_samples,reject,0.0,0.0,high:missing_audit
https://www.youtube.com/watch?v=qEKPgqURvo0,REBORD - PERETTI | HAY ALGO AHÍ | BLENDER,BLENDER,qEKPgqURvo0,105.867,640,360,30,streamer,argentino/rioplatense_probable,0.0,0.0,0.0,0.0,reject,reject,reject,contexto_incierto|missing_audit_samples,reject,0.0,0.0,high:missing_audit
