applied_at,video_id,clip_id,action,confidence,patch_count,text_before,text_after,reason,notes
2026-07-08T13:06:43Z,Yqe3Z8zVS_A,f08::EL DIA QUE CASI MATO A MI TIO (Anécdota real)::clip_0000,patch,medium,1,bienvenida a una anécdota graciosa hoy les voy a contar una historia real como se dice story time algo que es real algo que pasó y que realmente casi terminó,"bienvenidos amigos, ¿cómo están? Les doy la bienvenida a una anécdota graciosa. Hoy les voy a contar una historia real, como se dice story time, algo que es real, algo que pasó y que realmente casi terminó",Se recupera el arranque omitido por large/turbo usando baseline y continuidad contextual; el resto coincide entre large y turbo.,Patch conservador del inicio; no se agrega información fuera del saludo registrado.
2026-07-08T13:06:43Z,Yqe3Z8zVS_A,f08::EL DIA QUE CASI MATO A MI TIO (Anécdota real)::clip_0001,patch,medium,1,De una manera muy trágica Porque fue un cago de risa Lo que pasó Es una de las anécdotas De las experiencias Que me han pasado en la vida Más raras Y quédense hasta el final del video Porque no lo van a ver,"de una manera muy trágica porque fue un cago de risa lo que pasó. Es una de las anécdotas, de las experiencias que me han pasado en la vida más raras. Y quédense hasta el final del video porque no lo van a poder creer","Corrección puntual de 'no lo van a ver' a la fórmula contextual 'no lo van a poder creer', apoyada por baseline y sentido de la frase.",Se mantiene el resto de large; turbo queda truncado al final.
2026-07-08T13:06:43Z,Yqe3Z8zVS_A,f08::EL DIA QUE CASI MATO A MI TIO (Anécdota real)::clip_0002,patch,medium,1,"Paso eso, antes que nada muchas gracias por Darnos un like al video, compartirlo con sus amigos Suscribirse al canal, activar la campanita, todo eso que ustedes saben Así que ponete comodo, comoda ahí en tu casa","pasó eso. Antes que nada, muchas gracias por darnos un like al video, compartirlo con sus amigos, suscribirte al canal, activar la campanita, todo eso que ustedes saben. Así que ponete cómodo, cómoda ahí en tu casa",Se corrige 'Suscribirse' a 'suscribirte' con evidencia de turbo y se normalizan tildes/puntuación mínima.,No se agrega el posible inicio omitido porque large/turbo no lo sostienen.
2026-07-08T13:06:43Z,Yqe3Z8zVS_A,f08::EL DIA QUE CASI MATO A MI TIO (Anécdota real)::clip_0003,patch,high,1,"Porque te voy a contar el día que casi mato a mi tío A ver, no soy un asesino Pero lo que pasó provocó que él casi pierda la vida Así que empezamos Vamos a ver","porque te voy a contar el día que casi mato a mi tío. A ver, no soy un asesino, pero lo que pasó provocó que él casi pierda la vida. Así que empezamos. Vamos a empezar",'Vamos a ver' se corrige a 'Vamos a empezar' por baseline y continuidad con el clip siguiente ('empezar por el principio').,Cambio puntual; se conserva el contenido de large.
2026-07-08T13:06:43Z,Yqe3Z8zVS_A,f08::EL DIA QUE CASI MATO A MI TIO (Anécdota real)::clip_0004,patch,medium,1,empezar por el principio obviamente para que entiendan bien la historia cómo fue qué pasó con quién estaba qué edad tenía cuando actualmente no me voy de vacaciones mucho con familias y cada,"empezar por el principio obviamente para que entiendan bien la historia, cómo fue, qué pasó, con quién estaba, qué edad tenía cuando actualmente no me voy de vacaciones mucho con familia, sí, cada","'familias y cada' se corrige a 'familia, sí, cada' por baseline y continuidad con el clip siguiente ('tanto').",Se mantiene el corte final en 'cada' sin completar más allá del clip.
2026-07-08T13:06:43Z,Yqe3Z8zVS_A,f08::EL DIA QUE CASI MATO A MI TIO (Anécdota real)::clip_0005,patch,medium,1,tanto un momento del verano capaz coincidimos están mis abuelos a mi mamá o mi papá mi hermano y es porque bueno pasó el tiempo soy más grande no vacacionamos en familia todos juntos a,"tanto un momento del verano capaz coincidimos, están mis abuelos, va mi mamá o mi papá, mi hermano, y es porque bueno pasó el tiempo, soy más grande, no vacacionamos en familia todos juntos",'a mi mamá' se corrige a 'va mi mamá' con evidencia de turbo; se elimina el arrastre final dudoso 'a' no sostenido por turbo.,Se mantiene el inicio fragmentario porque continúa el 'cada' del clip anterior.
2026-07-08T13:06:43Z,Yqe3Z8zVS_A,f08::EL DIA QUE CASI MATO A MI TIO (Anécdota real)::clip_0006,patch,medium,1,"voy con amigos, así que cuando yo era chiquitito estoy hablando de cuando tenía menos de 10 años era un momento que íbamos de vacaciones todo el tiempo con mi familia y uno de nuestros lugares favoritos para ir a vacaciones","voy con amigos, así que cuando yo era chiquitito, estoy hablando de cuando tenía menos de 10 años, era un momento que íbamos de vacaciones todo el tiempo con mi familia y uno de nuestros lugares favoritos para ir de vacaciones",'para ir a vacaciones' se corrige a 'para ir de vacaciones' por colocación natural y contexto; turbo omite ese tramo.,No se reconstruye el posible inicio anterior al clip.
2026-07-08T13:06:43Z,Yqe3Z8zVS_A,f08::EL DIA QUE CASI MATO A MI TIO (Anécdota real)::clip_0008,keep,medium,0,país de argentina así que en ese momento con mi familia íbamos todo el tiempo y la verdad que me encantaba y yo en ese momento no tenía mi hermano yo era chiquitito mi hermano todavía no existía,país de argentina así que en ese momento con mi familia íbamos todo el tiempo y la verdad que me encantaba y yo en ese momento no tenía mi hermano yo era chiquitito mi hermano todavía no existía,Large y turbo coinciden casi completamente; no hay corrección segura sin audio.,Se conserva la formulación no ideal 'país de argentina' por falta de evidencia suficiente.
2026-07-08T13:06:43Z,Yqe3Z8zVS_A,f08::EL DIA QUE CASI MATO A MI TIO (Anécdota real)::clip_0009,patch,medium,1,momento se empezó a sumar a estas vacaciones estos viajes mi tío acá es cuando aparece en la historia en la anécdota y porque casi muere un día no bueno resulta que mi tío se empezó a,"momento se empezó a sumar a estas vacaciones, a estos viajes, mi tío, y acá es cuando aparece en la historia, en la anécdota y por qué casi muere un día, no. Bueno, resulta que mi tío se empezó a",Se agregan preposiciones/conector sostenidos por turbo y baseline: 'a estos viajes' y 'y acá'.,Se conserva el inicio y final fragmentarios propios del corte.
2026-07-08T13:06:43Z,Yqe3Z8zVS_A,f08::EL DIA QUE CASI MATO A MI TIO (Anécdota real)::clip_0013,patch,high,1,acostumbramos a hacer muchas excursiones nos encantaba porque bueno había que recorrer el lugar así que me acuerdo perfecto el día de este accidente que excursión teníamos ese día habíamos,"nos acostumbrábamos a hacer muchas excursiones, nos encantaba porque bueno había que recorrer el lugar, así que me acuerdo perfecto el día de este accidente qué excursión teníamos ese día. Habíamos",'acostumbramos' se corrige a 'nos acostumbrábamos' con evidencia de turbo y baseline; se conserva el resto de large.,No se completa después de 'Habíamos'.
2026-07-08T13:06:43Z,Yqe3Z8zVS_A,f08::EL DIA QUE CASI MATO A MI TIO (Anécdota real)::clip_0019,patch,high,1,acuerdo perfecto así que fuimos y comimos un montón de tortas fritas que puede parecer un dato boludo esto un dato innecesario pero no es importante para que entiendas qué pasó con mi tío en el final de esta historia así que,"acuerdo perfecto, así que fuimos y comimos un montón de tortas fritas. Te puede parecer un dato boludo esto, un dato innecesario, pero no, es importante para que entiendas qué pasó con mi tío en el final de esta historia, así que","Se corrige 'que puede parecer' a 'te puede parecer' por baseline/contexto y se puntúa 'pero no, es importante' para evitar el sentido contrario.",Puntuación mínima necesaria por sentido.
2026-07-08T13:06:43Z,Yqe3Z8zVS_A,f08::EL DIA QUE CASI MATO A MI TIO (Anécdota real)::clip_0021,patch,high,1,duchita estamos cansados la verdad tuvimos todo el día en la calle haciendo expulsiones que trepaba la montaña que esto que lo otro te re cansaba estamos cansados eran como,"duchita, estábamos cansados, la verdad estuvimos todo el día en la calle haciendo excursiones, que trepaba la montaña, que esto, que lo otro, te re cansaba, estábamos cansados y eran como","Se corrigen errores claros: 'estamos'→'estábamos', 'tuvimos'→'estuvimos', 'expulsiones'→'excursiones', apoyado por turbo, baseline y contexto.",Se mantiene 'te re cansaba' como registro argentino informal.
2026-07-08T13:06:43Z,Yqe3Z8zVS_A,f08::EL DIA QUE CASI MATO A MI TIO (Anécdota real)::clip_0022,patch,high,1,padres dicen hey la verdad ni ganas de cocinar estuvimos todo el día la calle una paja tremenda porque no vamos a comprar a un supermercado compremos comida lista así que nos vamos,"padres dicen hey, la verdad ni ganas de cocinar, estuvimos todo el día en la calle, una paja tremenda, por qué no vamos a comprar a un supermercado, compremos comida lista, así que nos vamos",Se repone 'en' en 'en la calle' con evidencia de turbo/baseline y se marca 'por qué' como pregunta indirecta/oral.,No se agrega sujeto previo omitido.
2026-07-08T13:06:43Z,Yqe3Z8zVS_A,f08::EL DIA QUE CASI MATO A MI TIO (Anécdota real)::clip_0028,patch,medium,1,"He comido como tres empanadas fritas. Una mezcla tremenda, mucho frito. Y esto iba a terminar mal, eh. Boludeamos un rato, pusimos la tele, que una película, que no sé qué. Está hacia la hora de dormir, tipo 12.","He comido como tres empanadas fritas. Una mezcla tremenda, mucho frito. Y esto iba a terminar mal, eh. Boludeamos un rato, pusimos la tele, que una película, que no sé qué. Se hace la hora de dormir, tipo 12","'Está hacia la hora' es un error claro; se corrige a 'Se hace la hora' por baseline, turbo parcial y contexto.",Se conserva 'He comido' por falta de evidencia suficiente para cambiarlo a otro tiempo verbal.
2026-07-08T13:06:43Z,Yqe3Z8zVS_A,f08::EL DIA QUE CASI MATO A MI TIO (Anécdota real)::clip_0030,keep,high,0,bien y vieron cuando ustedes empiezan a soñar que no sé qué les está pasando algo y se les mezcla con el sueño o por ejemplo te estás haciendo pis realmente tomaste mucha agua y te fuiste a dormir,bien y vieron cuando ustedes empiezan a soñar que no sé qué les está pasando algo y se les mezcla con el sueño o por ejemplo te estás haciendo pis realmente tomaste mucha agua y te fuiste a dormir,Large es coherente y turbo solo presenta diferencias menores/errores ('tomate').,Sin cambios salvo conservación del texto base.
2026-07-08T13:06:43Z,Yqe3Z8zVS_A,f08::EL DIA QUE CASI MATO A MI TIO (Anécdota real)::clip_0034,patch,high,1,"Todo, no la apunté al inodoro Y terminé cagando todo el piso Y esto no se queda acá, lo que había hecho Me dio más asco de lo que ya tenía Y sin darme cuenta, pum, un vomitazo tremendo Ahí en el piso","todo, no le apunté al inodoro y terminé cagando todo el piso. Y esto no se queda acá, lo que había hecho me dio más asco de lo que ya tenía y sin darme cuenta, pum, un vomitazo tremendo ahí en el piso",'no la apunté' se corrige a 'no le apunté' con evidencia de turbo y construcción rioplatense natural; resto conservado.,Se mantiene el registro vulgar real.
2026-07-08T13:06:43Z,Yqe3Z8zVS_A,f08::EL DIA QUE CASI MATO A MI TIO (Anécdota real)::clip_0035,keep,high,0,"Y yo con 10 años bien sincero sentado en ese inodoro dije Acabo de cagar, acabo de vomitar Y ya me siento bien No, no me siento mal Dije, me siento bien Me levanté cuidadosamente Y dije, bueno, chao","Y yo con 10 años bien sincero sentado en ese inodoro dije: acabo de cagar, acabo de vomitar y ya me siento bien. No, no me siento mal. Dije, me siento bien. Me levanté cuidadosamente y dije, bueno, chao",Large es coherente; turbo contiene error claro ('ñodoro') y una discrepancia final no suficiente para cambiar.,Solo puntuación mínima.
2026-07-08T13:06:43Z,Yqe3Z8zVS_A,f08::EL DIA QUE CASI MATO A MI TIO (Anécdota real)::clip_0037,keep,high,0,a dormir tranquilo. Pero no avisé nada y había dejado el baño todo cagado y todo vomitado. Así que estaba durmiendo lo más bien. Cuando de repente me despierto por un grito.,a dormir tranquilo. Pero no avisé nada y había dejado el baño todo cagado y todo vomitado. Así que estaba durmiendo lo más bien. Cuando de repente me despierto por un grito.,Large y turbo coinciden completamente.,Sin cambios.
2026-07-08T13:06:43Z,Yqe3Z8zVS_A,f08::EL DIA QUE CASI MATO A MI TIO (Anécdota real)::clip_0038,keep,high,0,"cortina de la ducha, cosas cayéndose así que me levanto de la cama y también escucho a mi mamá, a mi papá cagándose de risa","cortina de la ducha, cosas cayéndose así que me levanto de la cama y también escucho a mi mamá, a mi papá cagándose de risa",Large y turbo coinciden completamente.,Se mantiene el inicio fragmentario del clip.
2026-07-08T13:06:43Z,Yqe3Z8zVS_A,f08::EL DIA QUE CASI MATO A MI TIO (Anécdota real)::clip_0040,keep,high,0,"Claro que, yo cagué, vomité todo el baño y me fui a dormir Dejé todo el piso así Mi tío se levantó en la oscuridad, a la madrugada Al baño, y así descalzo Entró al baño, pisó todo, se resbaló","Claro que, yo cagué, vomité todo el baño y me fui a dormir. Dejé todo el piso así. Mi tío se levantó en la oscuridad, a la madrugada, al baño, y así descalzo entró al baño, pisó todo, se resbaló",Large y turbo coinciden en contenido; solo puntuación mínima.,Se conserva el registro informal/vulgar.
2026-07-08T13:06:43Z,Yqe3Z8zVS_A,f08::EL DIA QUE CASI MATO A MI TIO (Anécdota real)::clip_0042,patch,high,1,Que nos estábamos riendo Y mi tío dijo ¿Quién fue el que hizo esto? ¿Cómo no avisaron? Así que en el medio del chastre Lo levantamos Y no podía caminar mi tío Y hablando en serio Con la calle,"lo que nos estábamos riendo. Y mi tío dijo: ¿quién fue el que hizo esto? ¿Cómo no avisaron? Así que en el medio del enchastre lo levantamos y no podía caminar mi tío. Y hablando en serio, con la caída","Se corrigen errores claros de large con evidencia de turbo/baseline/contexto: 'Que'→'lo que', 'chastre'→'enchastre', 'calle'→'caída'.",No se completa la oración posterior al corte.
2026-07-08T13:06:43Z,Yqe3Z8zVS_A,f08::EL DIA QUE CASI MATO A MI TIO (Anécdota real)::clip_0044,patch,high,1,"locura, ese día casi lo hago mierda pero que pibe forro, como con 10 años voy a hacer eso, era obvio que alguien iba a entrar al baño y en la oscuridad iban a pisar ese chaste","locura, ese día casi lo hago mierda, pero qué pibe forro, cómo con 10 años voy a hacer eso. Era obvio que alguien iba a entrar al baño y en la oscuridad iban a pisar ese enchastre",'chaste/luchaste' se corrige a 'enchastre' por contexto directo del clip anterior y baseline.,Se mantiene el inicio fragmentario.
2026-07-08T13:06:43Z,Yqe3Z8zVS_A,f08::EL DIA QUE CASI MATO A MI TIO (Anécdota real)::clip_0045,keep,high,0,"Así que amigos, quería compartir con ustedes esta anécdota Cada dato fue importante Porque todo lo que fuimos comiendo ese día Que fue una mezcla tremenda Hizo que me sienta muy mal Así que amigos, espero que les haya gustado esta anécdota Y les haya sacado una","Así que amigos, quería compartir con ustedes esta anécdota. Cada dato fue importante porque todo lo que fuimos comiendo ese día, que fue una mezcla tremenda, hizo que me sienta muy mal. Así que amigos, espero que les haya gustado esta anécdota y les haya sacado una",Large y turbo coinciden en contenido; el final queda truncado y no se completa.,Solo puntuación mínima.
2026-07-08T13:16:44Z,Dp3FkqrX3a4,f04::BULLRICH DESAFÍA a KARINA MILEI con el 3%  ESTA SE::clip_0008,patch,high,1,"Pues está Marquitos, pues está Lía, pues estuvo bueno el guión.","Porque está Marquitos, porque está Lía, porque estuvo bueno el guión.",Turbo y baseline coinciden en 'porque'; 'pues' parece error claro de ASR.,
2026-07-08T13:16:44Z,Dp3FkqrX3a4,f04::BULLRICH DESAFÍA a KARINA MILEI con el 3%  ESTA SE::clip_0009,keep,high,0,"¿Qué sentís vos, Ian Ayesa? Bienvenido nuevamente.","¿Qué sentís vos, Ian Ayesa? Bienvenido nuevamente.",Large es la base principal y baseline sostiene el nombre completo; turbo solo lo segmenta distinto.,
2026-07-08T13:16:44Z,Dp3FkqrX3a4,f04::BULLRICH DESAFÍA a KARINA MILEI con el 3%  ESTA SE::clip_0011,keep,high,0,"Nunca miro los números, así que 80.000 es mucho en comparación.","Nunca miro los números, así que 80.000 es mucho en comparación.",Large y turbo coinciden.,
2026-07-08T13:16:44Z,Dp3FkqrX3a4,f04::BULLRICH DESAFÍA a KARINA MILEI con el 3%  ESTA SE::clip_0012,patch,high,1,"es mucha gente, si es un montón de gente le mandamos un saludo grande a todos los Springfieldianos y Springfieldianas","Y es mucha gente. Sí, es un montón de gente, la verdad. Le mandamos un saludo grande a todos los springfieldianos y springfieldianas.","Turbo y baseline agregan 'Y', 'Sí' y 'la verdad'; se conserva el contenido informal.",
2026-07-08T13:16:44Z,Dp3FkqrX3a4,f04::BULLRICH DESAFÍA a KARINA MILEI con el 3%  ESTA SE::clip_0047,patch,medium,1,"Ricardo Quintana Bien, algunos dirán Igual que en general","Por Ricardo Quintana, capo. Bien, algunos dirán... Igual que en general...",Turbo y baseline sostienen 'Por' y 'capo'; large y baseline sostienen 'Quintana'.,
2026-07-08T13:16:44Z,Dp3FkqrX3a4,f04::BULLRICH DESAFÍA a KARINA MILEI con el 3%  ESTA SE::clip_0084,keep,medium,0,¿Sabes qué pienso? ¿Qué me gusta pensar? ¿Reunión de la mesa política?,¿Sabes qué pienso? ¿Qué me gusta pensar? ¿Reunión de la mesa política?,Large conserva el contenido principal; turbo solo agrega arrastre del clip siguiente.,
2026-07-08T13:16:44Z,Dp3FkqrX3a4,f04::BULLRICH DESAFÍA a KARINA MILEI con el 3%  ESTA SE::clip_0091,keep,high,0,"Sí, nos volvimos a ilusionar, gente. Buen tuit, buen tuit.","Sí, nos volvimos a ilusionar, gente. Buen tuit, buen tuit.",Large coincide con baseline en la repetición de 'buen tuit'.,
2026-07-08T13:16:44Z,Dp3FkqrX3a4,f04::BULLRICH DESAFÍA a KARINA MILEI con el 3%  ESTA SE::clip_0092,patch,high,1,"muchachos. Pero si decimos presidente y mundial, obviamente lo primero que pensamos no es en mi ley, sino...","muchachos. Pero si decimos presidente y mundial, obviamente lo primero que pensamos no es en Milei, sino...",Corrección de entidad clara: 'mi ley' corresponde a Milei por contexto político y baseline.,
2026-07-08T13:16:44Z,Dp3FkqrX3a4,f04::BULLRICH DESAFÍA a KARINA MILEI con el 3%  ESTA SE::clip_0096,keep,high,0,"Bueno, es un buen inicio, ¿qué le parece? Mejor imposible, cátedra de Leo.","Bueno, es un buen inicio, ¿qué le parece? Mejor imposible, cátedra de Leo.",Large y turbo coinciden.,
2026-07-08T13:16:44Z,Dp3FkqrX3a4,f04::BULLRICH DESAFÍA a KARINA MILEI con el 3%  ESTA SE::clip_0097,keep,high,0,"¿Vuelve al fútbol, Macri? Vuelvo, sí, vuelvo de nuevo. ¿Vuelve a la política?","¿Vuelve al fútbol, Macri? Vuelvo, sí, vuelvo de nuevo. ¿Vuelve a la política?",Large y turbo coinciden.,
2026-07-08T13:16:44Z,Dp3FkqrX3a4,f04::BULLRICH DESAFÍA a KARINA MILEI con el 3%  ESTA SE::clip_0112,keep,high,0,"¿qué hago? Les voy a ser sinceros, solamente pusimos el video de Macri para poder llegar de alguna forma más o menos...","¿qué hago? Les voy a ser sinceros, solamente pusimos el video de Macri para poder llegar de alguna forma más o menos...",Large y turbo coinciden casi exactamente; el final queda cortado por límite de clip.,
2026-07-08T13:16:44Z,Dp3FkqrX3a4,f04::BULLRICH DESAFÍA a KARINA MILEI con el 3%  ESTA SE::clip_0113,patch,high,1,orgánica a la manteca de Juliana Aguada. Cómo me gusta el pan con manteca.,"orgánica, a la manteca de Juliana Awada. Cómo me gusta el pan con manteca.","Corrección de entidad: por contexto de Macri, 'Juliana Aguada' corresponde a Juliana Awada.",
2026-07-08T13:16:44Z,Dp3FkqrX3a4,f04::BULLRICH DESAFÍA a KARINA MILEI con el 3%  ESTA SE::clip_0114,patch,medium,1,tan humilde. ¿Cómo me gusta el pan con manteca?,tan humilde. Cómo me gusta el pan con manteca.,"Puntuación mínima: la frase funciona como exclamativa, no como pregunta; se mantiene el texto.",
2026-07-08T13:16:44Z,Dp3FkqrX3a4,f04::BULLRICH DESAFÍA a KARINA MILEI con el 3%  ESTA SE::clip_0116,keep,medium,0,"Uy, qué bien, Nico, cómo estás enganchando cosas, pero esto es data impresionante. ¿Qué dices?","Uy, qué bien, Nico, cómo estás enganchando cosas, pero esto es data impresionante. ¿Qué dices?",Large y turbo coinciden en el contenido; no hay evidencia suficiente para cambiar 'dices'.,
2026-07-08T13:16:44Z,Dp3FkqrX3a4,f04::BULLRICH DESAFÍA a KARINA MILEI con el 3%  ESTA SE::clip_0117,keep,high,0,La felicidad es algo para todos los que...,La felicidad es algo para todos los que...,Large y turbo coinciden.,
2026-07-08T13:16:44Z,Dp3FkqrX3a4,f04::BULLRICH DESAFÍA a KARINA MILEI con el 3%  ESTA SE::clip_0118,keep,high,0,"Compras, después dice. Sí, quiero ver qué compra en el corazón.","Compras, después dice. Sí, quiero ver qué compra en el corazón.",Large y turbo coinciden salvo capitalización inicial.,
2026-07-08T13:16:44Z,Dp3FkqrX3a4,f04::BULLRICH DESAFÍA a KARINA MILEI con el 3%  ESTA SE::clip_0120,patch,high,1,favor déjenme salir de este taller estoy hace 14 años encerrado,"Por favor, déjenme salir de este taller estoy hace 14 años encerrado.",Baseline contiene la fórmula completa 'por favor' y large/turbo conservan el resto.,
2026-07-08T13:16:44Z,Dp3FkqrX3a4,f04::BULLRICH DESAFÍA a KARINA MILEI con el 3%  ESTA SE::clip_0128,keep,high,0,Apasionante historia.,Apasionante historia.,Large y turbo coinciden.,
2026-07-08T13:16:44Z,Dp3FkqrX3a4,f04::BULLRICH DESAFÍA a KARINA MILEI con el 3%  ESTA SE::clip_0129,patch,medium,1,Le gusta el pan con manteca Sigamos,"La hechicera es así. Cómo me gusta el pan con manteca. Sí, sí. Sigamos.",Turbo y baseline coinciden en la frase completa; large quedó incompleto.,
2026-07-08T13:16:44Z,Dp3FkqrX3a4,f04::BULLRICH DESAFÍA a KARINA MILEI con el 3%  ESTA SE::clip_0130,keep,high,0,Uno que pasó de mendigo a rey del Mundial pasado a este fue Manuel Adorni.,Uno que pasó de mendigo a rey del Mundial pasado a este fue Manuel Adorni.,Large y turbo coinciden.,
2026-07-08T13:16:44Z,Dp3FkqrX3a4,f04::BULLRICH DESAFÍA a KARINA MILEI con el 3%  ESTA SE::clip_0132,patch,medium,1,asumido en el siguiente tweet del turco García. Adorni el Mundial pasado.,En el siguiente tuit del Turco García: Adorni el Mundial pasado.,Baseline y turbo sostienen 'en/sumido el siguiente tuit'; se corrige el arranque erróneo 'asumido'.,
2026-07-08T13:16:44Z,Dp3FkqrX3a4,f04::BULLRICH DESAFÍA a KARINA MILEI con el 3%  ESTA SE::clip_0134,patch,high,1,"El jefe de gabinete, Carlos Pagni, dijo lo siguiente.","Sobre el jefe de Gabinete, Carlos Pagni dijo lo siguiente.",Baseline y contexto muestran que Pagni habla sobre el jefe de Gabinete; no que Pagni sea el jefe de Gabinete.,
2026-07-08T13:16:44Z,Dp3FkqrX3a4,f04::BULLRICH DESAFÍA a KARINA MILEI con el 3%  ESTA SE::clip_0135,keep,medium,0,La actuación de Manuel Adorni.,La actuación de Manuel Adorni.,Large conserva una frase plausible y turbo no aporta suficiente evidencia para completar.,
2026-07-08T13:16:44Z,Dp3FkqrX3a4,f04::BULLRICH DESAFÍA a KARINA MILEI con el 3%  ESTA SE::clip_0137,keep,high,0,"a una cuestión moral solamente, no solamente a una cuestión de corrupción,","a una cuestión moral solamente, no solamente a una cuestión de corrupción,",Large y turbo coinciden salvo puntuación final.,
2026-07-08T13:16:44Z,Dp3FkqrX3a4,f04::BULLRICH DESAFÍA a KARINA MILEI con el 3%  ESTA SE::clip_0138,keep,high,0,"que es de lo que después vamos a hablar y analizar, sino más bien a la indigencia conceptual,","que es de lo que después vamos a hablar y analizar, sino más bien a la indigencia conceptual,",Large y turbo coinciden en el contenido principal.,
2026-07-08T13:16:44Z,Dp3FkqrX3a4,f04::BULLRICH DESAFÍA a KARINA MILEI con el 3%  ESTA SE::clip_0139,keep,high,0,"diríamos, cognitiva","diríamos, cognitiva",Large y turbo coinciden; baseline parece arrastrar contexto del clip anterior.,
2026-07-08T13:16:44Z,Dp3FkqrX3a4,f04::BULLRICH DESAFÍA a KARINA MILEI con el 3%  ESTA SE::clip_0140,keep,high,0,"de Adorni, para defender su situación.","de Adorni, para defender su situación.",Large y turbo coinciden salvo puntuación mínima.,
2026-07-08T13:16:44Z,Dp3FkqrX3a4,f04::BULLRICH DESAFÍA a KARINA MILEI con el 3%  ESTA SE::clip_0141,keep,high,0,"para explicar sus cuentas, para razonar.","para explicar sus cuentas, para razonar.",Large y turbo coinciden.,
2026-07-08T13:16:44Z,Dp3FkqrX3a4,f04::BULLRICH DESAFÍA a KARINA MILEI con el 3%  ESTA SE::clip_0142,keep,high,0,"Tratándose de un jefe de gabinete, ese tipo de déficit, ese tipo de...","Tratándose de un jefe de gabinete, ese tipo de déficit, ese tipo de...",Large y turbo coinciden.,
2026-07-08T13:16:44Z,Dp3FkqrX3a4,f04::BULLRICH DESAFÍA a KARINA MILEI con el 3%  ESTA SE::clip_0143,patch,high,1,"eficiencia, llama muchísimo la atención.","deficiencia, llama muchísimo la atención.",Baseline y el clip anterior sostienen 'déficit/deficiencia'; 'eficiencia' invierte el sentido.,
2026-07-08T13:16:44Z,Dp3FkqrX3a4,f04::BULLRICH DESAFÍA a KARINA MILEI con el 3%  ESTA SE::clip_0144,keep,high,0,Y por momentos parece inconcebible que alguien tan poco dotado intelectualmente...,Y por momentos parece inconcebible que alguien tan poco dotado intelectualmente...,Large y turbo coinciden.,
2026-07-08T13:16:44Z,Dp3FkqrX3a4,f04::BULLRICH DESAFÍA a KARINA MILEI con el 3%  ESTA SE::clip_0145,keep,high,0,haya llegado al lugar donde lo llevó el poder.,haya llegado al lugar donde lo llevó el poder.,Large y turbo coinciden.,
2026-07-08T13:16:44Z,Dp3FkqrX3a4,f04::BULLRICH DESAFÍA a KARINA MILEI con el 3%  ESTA SE::clip_0146,keep,medium,0,"A ver, ¿cómo decirlo? Alguien tan...","A ver, ¿cómo decirlo? Alguien tan...",Large conserva una frase cortada; agregar el insulto de baseline sería completar sin suficiente evidencia.,
2026-07-08T13:16:44Z,Dp3FkqrX3a4,f04::BULLRICH DESAFÍA a KARINA MILEI con el 3%  ESTA SE::clip_0147,keep,high,0,Peor de la estafa de esta semana.,Peor de la estafa de esta semana.,Large y turbo coinciden.,
2026-07-08T13:16:44Z,Dp3FkqrX3a4,f04::BULLRICH DESAFÍA a KARINA MILEI con el 3%  ESTA SE::clip_0148,patch,high,1,"tiene que ver con Adorni, tiene que ver con las figuritas del Mundial.","no tiene que ver con Adorni, tiene que ver con las figuritas del Mundial.",Baseline y contexto del segmento sostienen la negación; omitir 'no' cambia el sentido.,
2026-07-08T13:16:44Z,Dp3FkqrX3a4,f04::BULLRICH DESAFÍA a KARINA MILEI con el 3%  ESTA SE::clip_0149,keep,high,0,"estafaron a Pampita, compró figuritas","estafaron a Pampita, compró figuritas",Large y turbo coinciden.,
2026-07-08T13:16:44Z,Dp3FkqrX3a4,f04::BULLRICH DESAFÍA a KARINA MILEI con el 3%  ESTA SE::clip_0150,keep,high,0,mundial y eran dos cajas de puré de tomate.,mundial y eran dos cajas de puré de tomate.,Large corrige claramente 'tomate' frente al error de turbo.,
2026-07-08T13:16:44Z,Dp3FkqrX3a4,f04::BULLRICH DESAFÍA a KARINA MILEI con el 3%  ESTA SE::clip_0152,patch,medium,1,A veces te pasas por comprar por Mercado Libre. No sé cómo compran las figuritas.,Eso te pasa por comprar por Mercado Libre. No sé cómo compran las figuritas.,Turbo sostiene 'Eso te pasa' y baseline sostiene 'te pasa'; se corrige el error 'te pasas'.,
2026-07-08T13:16:44Z,Dp3FkqrX3a4,f04::BULLRICH DESAFÍA a KARINA MILEI con el 3%  ESTA SE::clip_0153,keep,high,0,"Yo no compro figuritas del mundial. Bueno, deberías. Sí, están en el kiosco, en todos lados.","Yo no compro figuritas del mundial. Bueno, deberías. Sí, están en el kiosco, en todos lados.",Large y turbo coinciden salvo puntuación mínima.,
2026-07-08T13:16:44Z,Dp3FkqrX3a4,f04::BULLRICH DESAFÍA a KARINA MILEI con el 3%  ESTA SE::clip_0154,patch,medium,1,"Hay filas de niños con sus padres Es Pampita, chicos Es Pampita, chicos","Hay filas de niños con sus padres. Es Pampita, chicos. Es Pampita, chicos.","Se aplica puntuación mínima; large y baseline sostienen la repetición de 'Es Pampita, chicos'.",
2026-07-08T13:16:44Z,Dp3FkqrX3a4,f04::BULLRICH DESAFÍA a KARINA MILEI con el 3%  ESTA SE::clip_0157,patch,high,1,A la nuestra le decimos la escaloneta y a Cabo Verde se la ha apodado como la escaloneta.,A la nuestra le decimos la escaloneta y a Cabo Verde se la ha apodado como...,Turbo y baseline terminan en 'como'; el apodo aparece en el clip siguiente.,
2026-07-08T13:16:44Z,Dp3FkqrX3a4,f04::BULLRICH DESAFÍA a KARINA MILEI con el 3%  ESTA SE::clip_0158,patch,high,1,la linkedineta. ¿Por qué? Porque Cabo Verde recurrió al,la LinkedIneta. ¿Por qué? Porque Cabo Verde recurrió al,"Corrección de entidad/juego de palabras con LinkedIn, sostenida por contexto y clips vecinos.",
2026-07-08T13:16:44Z,Dp3FkqrX3a4,f04::BULLRICH DESAFÍA a KARINA MILEI con el 3%  ESTA SE::clip_0159,patch,high,1,Quinquedín para jugar el Mundial.,LinkedIn para jugar el Mundial.,"Turbo, baseline y contexto corrigen el error claro 'Quinquedín'.",
2026-07-08T13:16:44Z,Dp3FkqrX3a4,f04::BULLRICH DESAFÍA a KARINA MILEI con el 3%  ESTA SE::clip_0160,patch,high,1,juntaban 11 y pusieron avisos en...,No juntaban 11 y pusieron avisos en LinkedIn.,Baseline y contexto sostienen la negación y el cierre 'LinkedIn'.,
2026-07-08T13:16:44Z,Dp3FkqrX3a4,f04::BULLRICH DESAFÍA a KARINA MILEI con el 3%  ESTA SE::clip_0161,patch,high,1,"Linkedin, lo cual nos hace pensar que si alguno de nosotros nos íbamos a vivir a Cabo Verde en algún momento de la vida,","LinkedIn, lo cual nos hace pensar que si alguno de nosotros nos íbamos a vivir a Cabo Verde en algún momento de la vida,",Corrección mínima de marca: LinkedIn.,
2026-07-08T13:16:44Z,Dp3FkqrX3a4,f04::BULLRICH DESAFÍA a KARINA MILEI con el 3%  ESTA SE::clip_0162,patch,medium,1,podíamos llegar a jugar en la selección. ¿Vos decís que jugabas en Cabo Verde?,Podíamos llegar a jugar en la selección. ¿Vos decís que jugabas en Cabo Verde? Sí.,Turbo y baseline agregan el cierre 'Sí'; se conserva el resto.,
2026-07-08T13:16:44Z,Dp3FkqrX3a4,f04::BULLRICH DESAFÍA a KARINA MILEI con el 3%  ESTA SE::clip_0164,patch,medium,1,Yo creo que cuatro suplentes,"Sí, nacía en Cabo Verde. Yo creo que cuatro suplentes.",Turbo y baseline sostienen el inicio omitido por large.,
2026-07-08T13:16:44Z,Dp3FkqrX3a4,f04::BULLRICH DESAFÍA a KARINA MILEI con el 3%  ESTA SE::clip_0167,patch,high,1,"Amigo, el arquero es electricista No, el arquero tiene Juan Portugal, no, no","Amigo, el arquero es electricista. No, el arquero juega en Portugal. No, no.",Baseline y contexto corrigen el error claro 'tiene Juan Portugal'.,
2026-07-08T13:16:44Z,Dp3FkqrX3a4,f04::BULLRICH DESAFÍA a KARINA MILEI con el 3%  ESTA SE::clip_0173,keep,high,0,"No hagas esas cosas, por favor El primer rival de España En la Copa del Mundo","No hagas esas cosas, por favor El primer rival de España En la Copa del Mundo",Large y turbo coinciden.,
2026-07-08T13:16:44Z,Dp3FkqrX3a4,f04::BULLRICH DESAFÍA a KARINA MILEI con el 3%  ESTA SE::clip_0174,keep,medium,0,"es el segundo país más pequeño en jugar una fase final, la nota cuenta","es el segundo país más pequeño en jugar una fase final, la nota cuenta",Large conserva el contenido principal; turbo arrastra una palabra del clip anterior.,
2026-07-08T13:16:44Z,Dp3FkqrX3a4,f04::BULLRICH DESAFÍA a KARINA MILEI con el 3%  ESTA SE::clip_0175,patch,high,1,la baja cantidad de población recurrieron a buscar futbolistas de raíces caboverdianas utilizando,por la baja cantidad de población recurrieron a buscar futbolistas de raíces caboverdianas utilizando,Baseline y contexto agregan el 'por' necesario al inicio; se descarta el hallucination 'el líquido'.,
2026-07-08T13:16:44Z,Dp3FkqrX3a4,f04::BULLRICH DESAFÍA a KARINA MILEI con el 3%  ESTA SE::clip_0176,patch,medium,1,"Así fue que casi llegan a Ayrton Costa, ¿no? Casi juega Ayrton Costa.","LinkedIn. Así fue que casi llegan a Ayrton Costa, ¿no? Casi juega Ayrton Costa.",Baseline y el contexto de Cabo Verde/LinkedIn sostienen el término omitido al inicio.,
2026-07-08T13:16:44Z,Dp3FkqrX3a4,f04::BULLRICH DESAFÍA a KARINA MILEI con el 3%  ESTA SE::clip_0179,patch,medium,1,"El primer partido, bueno, cinco goles. Pero muy raro, ¿cómo vas a echar al técnico en la primera fecha?","Muy raro. En el primer partido, bueno, cinco goles. Pero muy raro, ¿cómo vas a echar al técnico en la primera fecha?",Turbo y baseline sostienen el inicio 'Muy raro'; large y turbo sostienen 'técnico'.,
2026-07-08T13:16:44Z,Dp3FkqrX3a4,f04::BULLRICH DESAFÍA a KARINA MILEI con el 3%  ESTA SE::clip_0181,patch,high,1,"Con San Paoli. Con San Paoli, sí, claro. Yo creo que no debe ser la primera vez que echan a un técnico en el medio del mundo.","Con Sampaoli. Con Sampaoli, sí, claro. Yo creo que no debe ser la primera vez que echan a un técnico en el medio del Mundial.",Corrección de entidad y contexto: 'San Paoli' es Sampaoli y 'mundo' corresponde a Mundial.,
2026-07-08T13:16:44Z,Dp3FkqrX3a4,f04::BULLRICH DESAFÍA a KARINA MILEI con el 3%  ESTA SE::clip_0183,keep,high,0,Fue destituido de su cargo tras caer 5 a 1 ante Suecia.,Fue destituido de su cargo tras caer 5 a 1 ante Suecia.,Large y turbo coinciden; no se completa el nombre ausente solo desde baseline.,
2026-07-08T13:16:44Z,Dp3FkqrX3a4,f04::BULLRICH DESAFÍA a KARINA MILEI con el 3%  ESTA SE::clip_0185,keep,high,0,Exactamente. Las selecciones orientales son cada vez más competitivas. Algunos jugadores incluso podrían hacerse pasar por argentinos.,Exactamente. Las selecciones orientales son cada vez más competitivas. Algunos jugadores incluso podrían hacerse pasar por argentinos.,Large y turbo coinciden en el contenido principal.,
2026-07-08T13:16:44Z,Dp3FkqrX3a4,f04::BULLRICH DESAFÍA a KARINA MILEI con el 3%  ESTA SE::clip_0188,patch,medium,1,"Miralo, no. Podemos decirlo eso. Infantino. ¿Qué dijo Infantino?","Miralo, no. Podemos decirlo eso. ¿Fantino? Infantino. Ah, ¿qué dijo Infantino?",Turbo y baseline sostienen la confusión/corrección Fantino-Infantino; contexto FIFA favorece Infantino.,
2026-07-08T13:16:44Z,Dp3FkqrX3a4,f04::BULLRICH DESAFÍA a KARINA MILEI con el 3%  ESTA SE::clip_0189,keep,high,0,"con el Mundial que organizó. Espectacular el Mundial. Muchos equipos, está bien al final o no.","con el Mundial que organizó. Espectacular el Mundial. Muchos equipos, está bien al final o no.","Large conserva el cierre 'o no', también presente en baseline.",
2026-07-08T13:16:44Z,Dp3FkqrX3a4,f04::BULLRICH DESAFÍA a KARINA MILEI con el 3%  ESTA SE::clip_0190,patch,medium,1,"haya más equipos? Sí, yo compré. Todo de este Mundial me parece...","¿Que haya más equipos? Sí, yo compré. Todo este Mundial me parece...",Baseline y turbo sostienen 'que haya más equipos'; se corrige 'Todo de este' a 'Todo este'.,
2026-07-08T13:16:44Z,Dp3FkqrX3a4,f04::BULLRICH DESAFÍA a KARINA MILEI con el 3%  ESTA SE::clip_0191,keep,medium,0,"espectacular. Está siendo un gran, gran mundial. Buenos partidos. Buenos partidos. No, Flor Flesa, no.","espectacular. Está siendo un gran, gran mundial. Buenos partidos. Buenos partidos. No, Flor Flesa, no.",Large coincide con baseline en 'está siendo'; no hay evidencia suficiente para corregir el nombre propio final.,
2026-07-08T13:16:44Z,Dp3FkqrX3a4,f04::BULLRICH DESAFÍA a KARINA MILEI con el 3%  ESTA SE::clip_0192,keep,high,0,"¿Coincidís? Sí, buen Mundial. Por ahora viene siendo un buen Mundial. Es un buen partido porque no defienden. Bueno, por el motivo que sea.","¿Coincidís? Sí, buen Mundial. Por ahora viene siendo un buen Mundial. Es un buen partido porque no defienden. Bueno, por el motivo que sea.",Large y turbo coinciden en el contenido principal; turbo arrastra inicio del clip siguiente.,
2026-07-08T13:16:44Z,Dp3FkqrX3a4,f04::BULLRICH DESAFÍA a KARINA MILEI con el 3%  ESTA SE::clip_0193,keep,high,0,Pasamos a Japón para destacar el mejor dato de toda la historia de los mundiales.,Pasamos a Japón para destacar el mejor dato de toda la historia de los mundiales.,Large y turbo coinciden.,
2026-07-08T13:16:44Z,Dp3FkqrX3a4,f04::BULLRICH DESAFÍA a KARINA MILEI con el 3%  ESTA SE::clip_0194,keep,high,0,El japonés Kubo es el primer jugador con nombre de una forma geométrica que...,El japonés Kubo es el primer jugador con nombre de una forma geométrica que...,Large y turbo coinciden.,
2026-07-08T13:16:44Z,Dp3FkqrX3a4,f04::BULLRICH DESAFÍA a KARINA MILEI con el 3%  ESTA SE::clip_0195,keep,high,0,"disputa tres mundiales, superó a Redondo y Cuadrado, ambos con solo dos participaciones. Quiero aclarar que","disputa tres mundiales, superó a Redondo y Cuadrado, ambos con solo dos participaciones. Quiero aclarar que",Large y turbo coinciden en el contenido principal.,
2026-07-08T13:16:44Z,Dp3FkqrX3a4,f04::BULLRICH DESAFÍA a KARINA MILEI con el 3%  ESTA SE::clip_0196,keep,high,0,"Tiene un error el tuit, porque Redondo jugó un solo mundial.","Tiene un error el tuit, porque Redondo jugó un solo mundial.",Large y turbo coinciden.,
2026-07-08T13:16:44Z,Dp3FkqrX3a4,f04::BULLRICH DESAFÍA a KARINA MILEI con el 3%  ESTA SE::clip_0199,keep,high,0,"Sí, porque ahora Twitter tiene una función que traduce automáticamente los","Sí, porque ahora Twitter tiene una función que traduce automáticamente los",Large y turbo coinciden en el fragmento; el cierre queda para el clip siguiente.,
2026-07-08T13:16:44Z,Dp3FkqrX3a4,f04::BULLRICH DESAFÍA a KARINA MILEI con el 3%  ESTA SE::clip_0200,patch,high,1,"tuits, entonces te pueden aparecer tuits de Brasil. Ah, excelente. Y están jodiendo mucho con que Ancelotti odia a Hendrik.","tuits, entonces te pueden aparecer tuits de Brasil. Ah, excelente. Y están jodiendo mucho con que Ancelotti odia a Endrick.",Corrección de entidad futbolística clara: 'Hendrik' corresponde a Endrick por contexto de Brasil/Ancelotti.,
2026-07-08T13:16:44Z,Dp3FkqrX3a4,f04::BULLRICH DESAFÍA a KARINA MILEI con el 3%  ESTA SE::clip_0204,keep,medium,0,"previa del Día del Padre, se lo llevan","previa del Día del Padre, se lo llevan",Large y turbo coinciden en el fragmento disponible.,
2026-07-08T13:16:44Z,Dp3FkqrX3a4,f04::BULLRICH DESAFÍA a KARINA MILEI con el 3%  ESTA SE::clip_0205,keep,high,0,"estos hombres y su hija, sus hijas, en el taller de peinado.","estos hombres y su hija, sus hijas, en el taller de peinado.",Large y turbo coinciden.,
2026-07-08T13:16:44Z,Dp3FkqrX3a4,f04::BULLRICH DESAFÍA a KARINA MILEI con el 3%  ESTA SE::clip_0210,keep,high,0,"Estaban aprendiendo. No, Nico, estaban laburando. Pusieron una peluquería, sí.","Estaban aprendiendo. No, Nico, estaban laburando. Pusieron una peluquería, sí.",Large y turbo coinciden salvo puntuación mínima.,
2026-07-08T13:16:44Z,Dp3FkqrX3a4,f04::BULLRICH DESAFÍA a KARINA MILEI con el 3%  ESTA SE::clip_0211,keep,high,0,"Impresionante. Taller de peinado. No, yo quiero aplaudir a estos padres.","Impresionante. Taller de peinado. No, yo quiero aplaudir a estos padres.",Large y turbo coinciden.,
2026-07-08T13:16:44Z,Dp3FkqrX3a4,f04::BULLRICH DESAFÍA a KARINA MILEI con el 3%  ESTA SE::clip_0212,patch,medium,1,"vamos a terminar el video pensé que ibas a decir otra cosa no, increíble me da una ternura impresionante","Ahora cuando termine el video vamos a aplaudir. Pensé que ibas a decir otra cosa. No, increíble, me da una ternura impresionante.",Baseline sostiene el inicio completo y turbo sostiene la segunda parte; se corrige la frase rearmada por large.,
2026-07-08T13:16:44Z,Dp3FkqrX3a4,f04::BULLRICH DESAFÍA a KARINA MILEI con el 3%  ESTA SE::clip_0214,keep,high,0,"¿En serio? Mentira. No, por favor. Cualquier cosa, dice Nico. Cualquier cosa.","¿En serio? Mentira. No, por favor. Cualquier cosa, dice Nico. Cualquier cosa.",Large conserva el contenido principal; turbo agrega arrastre posterior no respaldado por baseline.,
2026-07-08T13:16:44Z,Dp3FkqrX3a4,f04::BULLRICH DESAFÍA a KARINA MILEI con el 3%  ESTA SE::clip_0215,keep,high,0,Así termina una nueva edición de Esta Semana en Springfield. Esperamos que la hayan disfrutado.,Así termina una nueva edición de Esta Semana en Springfield. Esperamos que la hayan disfrutado.,Large conserva el cierre y el comienzo de la frase siguiente.,
2026-07-08T13:16:44Z,Dp3FkqrX3a4,f04::BULLRICH DESAFÍA a KARINA MILEI con el 3%  ESTA SE::clip_0216,keep,high,0,hayan disfrutado tanto como nosotros y recuerden que si en los últimos minutos,hayan disfrutado tanto como nosotros y recuerden que si en los últimos minutos,Large y turbo coinciden en el fragmento de continuación.,
2026-07-08T13:16:44Z,Dp3FkqrX3a4,f04::BULLRICH DESAFÍA a KARINA MILEI con el 3%  ESTA SE::clip_0217,patch,high,1,sacamos una sonrisa pueden asociarse a Gelatina. Entrando a gelatina.com.ar o escaneando el QR.,"si les sacamos una sonrisa, pueden asociarse a Gelatina entrando a gelatina.com.ar o escaneando el QR.",Baseline y contexto completan 'si les sacamos una sonrisa'; turbo sostiene 'si'.,
2026-07-08T13:16:44Z,Dp3FkqrX3a4,f04::BULLRICH DESAFÍA a KARINA MILEI con el 3%  ESTA SE::clip_0218,keep,medium,0,"que está exactamente aquí. Los queremos mucho, nos vemos la próxima semana.","que está exactamente aquí. Los queremos mucho, nos vemos la próxima semana.",Large conserva el cierre completo; turbo queda truncado.,
2026-07-08T13:29:38Z,_GTu8K8a_Jw,f05::CHARLA SOBRE EL AMOR Y EL DESAMOR::clip_0000,patch,medium,1,hay un montón de gente en el chat les quiero decir algo la vida acá para,hay un montón de gente en el chat les quiero decir algo la vida acá parece,Se corrige 'para' a 'parece' por concordancia con turbo y continuidad con el clip siguiente.,Cambio puntual; no se completa contenido externo.
2026-07-08T13:29:38Z,_GTu8K8a_Jw,f05::CHARLA SOBRE EL AMOR Y EL DESAMOR::clip_0001,keep,high,0,voy a parecer un hippie o esas minas que leen el horóscopo pero la vida posta que,voy a parecer un hippie o esas minas que leen el horóscopo pero la vida posta que,Se conserva el ASR seleccionado; no hay evidencia suficiente para corregirlo.,large como base; turbo/contexto no justifican cambio textual.
2026-07-08T13:29:38Z,_GTu8K8a_Jw,f05::CHARLA SOBRE EL AMOR Y EL DESAMOR::clip_0003,keep,medium,0,haciendo un stream a las 4 de la mañana en españa y tengo 24k de viewers hablando de fútbol algo,haciendo un stream a las 4 de la mañana en españa y tengo 24k de viewers hablando de fútbol algo,Se conserva el ASR seleccionado; no hay evidencia suficiente para corregirlo.,large como base; turbo/contexto no justifican cambio textual.
2026-07-08T13:29:38Z,_GTu8K8a_Jw,f05::CHARLA SOBRE EL AMOR Y EL DESAMOR::clip_0004,patch,high,1,impensado están saliendo todos los días los rankings de tweets y a mí yo ya tengo,impensado están saliendo todos los días los rankings de Twitch y a mí yo ya tengo,Se corrige 'tweets' a 'Twitch' por contexto de stream/viewers/rankings.,Evidencia: baseline y contexto del video.
2026-07-08T13:29:38Z,_GTu8K8a_Jw,f05::CHARLA SOBRE EL AMOR Y EL DESAMOR::clip_0005,reject,low,0,"10, 11 años de streamer, no me interesa rankear, pero te la blanqueo me la su...",,El final queda truncado/corrupto ('me la su...') y no hay forma conservadora de limpiarlo.,No se inventa la palabra faltante.
2026-07-08T13:29:38Z,_GTu8K8a_Jw,f05::CHARLA SOBRE EL AMOR Y EL DESAMOR::clip_0009,keep,medium,0,"Esa es mi historia, por eso estoy donde estoy, por eso soy main event, estoy robando","Esa es mi historia, por eso estoy donde estoy, por eso soy main event, estoy robando",Se conserva el ASR seleccionado; no hay evidencia suficiente para corregirlo.,large como base; turbo/contexto no justifican cambio textual.
2026-07-08T13:29:38Z,_GTu8K8a_Jw,f05::CHARLA SOBRE EL AMOR Y EL DESAMOR::clip_0013,keep,medium,0,"Yo veo el número y no les voy a negar, me motivo, me motivo. Las cosas están saliendo bien.","Yo veo el número y no les voy a negar, me motivo, me motivo. Las cosas están saliendo bien.",Se conserva el ASR seleccionado; no hay evidencia suficiente para corregirlo.,large como base; turbo/contexto no justifican cambio textual.
2026-07-08T13:29:38Z,_GTu8K8a_Jw,f05::CHARLA SOBRE EL AMOR Y EL DESAMOR::clip_0014,patch,high,1,bien y se lo quiero agradecer. Si yo tuviera 5k de viewers igual estaría motivado.,bien y se los quiero agradecer. Si yo tuviera 5k de viewers igual estaría motivado.,Se corrige 'se lo' a 'se los' por turbo y baseline.,Cambio gramatical puntual con evidencia.
2026-07-08T13:29:38Z,_GTu8K8a_Jw,f05::CHARLA SOBRE EL AMOR Y EL DESAMOR::clip_0015,keep,high,0,igual diría gracias por mirarme,igual diría gracias por mirarme,Se conserva el ASR seleccionado; no hay evidencia suficiente para corregirlo.,large como base; turbo/contexto no justifican cambio textual.
2026-07-08T13:29:38Z,_GTu8K8a_Jw,f05::CHARLA SOBRE EL AMOR Y EL DESAMOR::clip_0016,keep,medium,0,porque yo agradecido por más que sean 2 3 4 20 50 500 22 mil,porque yo agradecido por más que sean 2 3 4 20 50 500 22 mil,Se conserva el ASR seleccionado; no hay evidencia suficiente para corregirlo.,large como base; turbo/contexto no justifican cambio textual.
2026-07-08T13:29:38Z,_GTu8K8a_Jw,f05::CHARLA SOBRE EL AMOR Y EL DESAMOR::clip_0017,keep,medium,0,"agradecido siempre, pero vale destacar que en un momento crítico, porque es un momento crítico para mí, las cosas están empezando","agradecido siempre, pero vale destacar que en un momento crítico, porque es un momento crítico para mí, las cosas están empezando",Se conserva el ASR seleccionado; no hay evidencia suficiente para corregirlo.,large como base; turbo/contexto no justifican cambio textual.
2026-07-08T13:29:38Z,_GTu8K8a_Jw,f05::CHARLA SOBRE EL AMOR Y EL DESAMOR::clip_0018,keep,medium,0,"a salir de nuevo, después de que llueve sale el sol, ojo después de que llueve","a salir de nuevo, después de que llueve sale el sol, ojo después de que llueve",Se conserva el ASR seleccionado; no hay evidencia suficiente para corregirlo.,large como base; turbo/contexto no justifican cambio textual.
2026-07-08T13:29:38Z,_GTu8K8a_Jw,f05::CHARLA SOBRE EL AMOR Y EL DESAMOR::clip_0020,keep,high,0,terminar el año ganando la velada,terminar el año ganando la velada,Se conserva el ASR seleccionado; no hay evidencia suficiente para corregirlo.,large como base; turbo/contexto no justifican cambio textual.
2026-07-08T13:29:38Z,_GTu8K8a_Jw,f05::CHARLA SOBRE EL AMOR Y EL DESAMOR::clip_0021,keep,medium,0,Enamorándome y eventualmente el año que viene planeando tener un hijo. Ya está. Vida.,Enamorándome y eventualmente el año que viene planeando tener un hijo. Ya está. Vida.,Se conserva el ASR seleccionado; no hay evidencia suficiente para corregirlo.,large como base; turbo/contexto no justifican cambio textual.
2026-07-08T13:29:38Z,_GTu8K8a_Jw,f05::CHARLA SOBRE EL AMOR Y EL DESAMOR::clip_0023,keep,high,0,"cumplida, me doy vuelta el juego de la vida, no quiero más nada tres hijos, tres o dos","cumplida, me doy vuelta el juego de la vida, no quiero más nada tres hijos, tres o dos",Se conserva el ASR seleccionado; no hay evidencia suficiente para corregirlo.,large como base; turbo/contexto no justifican cambio textual.
2026-07-08T13:29:38Z,_GTu8K8a_Jw,f05::CHARLA SOBRE EL AMOR Y EL DESAMOR::clip_0024,reject,low,0,un chico y una chica un hijo y una hija mínimo una novia que me ame que me vale,,El cierre 'que me vale/va' queda incompleto y ambiguo.,No hay evidencia suficiente para reconstruirlo.
2026-07-08T13:29:38Z,_GTu8K8a_Jw,f05::CHARLA SOBRE EL AMOR Y EL DESAMOR::clip_0026,keep,medium,0,"Poder acompañarla yo, que haga deporte Pretensiones bajas, no me importa lo demás","Poder acompañarla yo, que haga deporte Pretensiones bajas, no me importa lo demás",Se conserva el ASR seleccionado; no hay evidencia suficiente para corregirlo.,large como base; turbo/contexto no justifican cambio textual.
2026-07-08T13:29:38Z,_GTu8K8a_Jw,f05::CHARLA SOBRE EL AMOR Y EL DESAMOR::clip_0027,keep,medium,0,"Que si el culo, que si esto, no me importa No me importa Bueno, si tiene un culito","Que si el culo, que si esto, no me importa No me importa Bueno, si tiene un culito",Se conserva el ASR seleccionado; no hay evidencia suficiente para corregirlo.,large como base; turbo/contexto no justifican cambio textual.
2026-07-08T13:29:38Z,_GTu8K8a_Jw,f05::CHARLA SOBRE EL AMOR Y EL DESAMOR::clip_0032,keep,medium,0,"al fútbol, que juega al hockey, la vas a ver gritar los goles, la bancás, si está","al fútbol, que juega al hockey, la vas a ver gritar los goles, la bancás, si está",Se conserva el ASR seleccionado; no hay evidencia suficiente para corregirlo.,large como base; turbo/contexto no justifican cambio textual.
2026-07-08T13:29:38Z,_GTu8K8a_Jw,f05::CHARLA SOBRE EL AMOR Y EL DESAMOR::clip_0033,keep,medium,0,está triste está triste si estás feliz está feliz con ella todos necesitamos,está triste está triste si estás feliz está feliz con ella todos necesitamos,Se conserva el ASR seleccionado; no hay evidencia suficiente para corregirlo.,large como base; turbo/contexto no justifican cambio textual.
2026-07-08T13:29:38Z,_GTu8K8a_Jw,f05::CHARLA SOBRE EL AMOR Y EL DESAMOR::clip_0035,keep,medium,0,"amor, que el amor es lo más lindo que hay","amor, que el amor es lo más lindo que hay",Se conserva el ASR seleccionado; no hay evidencia suficiente para corregirlo.,large como base; turbo/contexto no justifican cambio textual.
2026-07-08T13:29:38Z,_GTu8K8a_Jw,f05::CHARLA SOBRE EL AMOR Y EL DESAMOR::clip_0036,patch,high,1,No le tengas miedo al amor. No hagan como dice este boludo.,No le tengan miedo al amor. No hagan como hizo este boludo.,"Se corrige a plural y 'hizo' por turbo, baseline y continuidad del discurso.",Cambio puntual.
2026-07-08T13:29:38Z,_GTu8K8a_Jw,f05::CHARLA SOBRE EL AMOR Y EL DESAMOR::clip_0037,patch,medium,1,"como dice tu boludo, yo tenía desde los 16 a los 23 y medio","como hizo este boludo, yo tenía desde los 16 a los 23 y medio",Se corrige 'dice tu' a 'hizo este' por continuidad con el clip anterior y baseline.,Corrección conservadora de frase claramente anómala.
2026-07-08T13:29:38Z,_GTu8K8a_Jw,f05::CHARLA SOBRE EL AMOR Y EL DESAMOR::clip_0038,patch,medium,1,a mi ex desde los 16 a los 23 y medio yo pensaba que la vida era agarchar no,a mi ex desde los 16 a los 23 y medio yo pensaba que la vida era garchar no,Se corrige 'agarchar' a la jerga argentina 'garchar'.,Large y turbo muestran el mismo error de segmentación.
2026-07-08T13:29:38Z,_GTu8K8a_Jw,f05::CHARLA SOBRE EL AMOR Y EL DESAMOR::clip_0039,keep,medium,0,piensen en esa boludez. Algunos estamos destinados a amar y lo que nos gusta es amar.,piensen en esa boludez. Algunos estamos destinados a amar y lo que nos gusta es amar.,Se conserva el ASR seleccionado; no hay evidencia suficiente para corregirlo.,large como base; turbo/contexto no justifican cambio textual.
2026-07-08T13:29:38Z,_GTu8K8a_Jw,f05::CHARLA SOBRE EL AMOR Y EL DESAMOR::clip_0135,keep,medium,0,"sigue ahí, lo agarrás lo agarrás, lo agarrás","sigue ahí, lo agarrás lo agarrás, lo agarrás",Se conserva el ASR seleccionado; no hay evidencia suficiente para corregirlo.,large como base; turbo/contexto no justifican cambio textual.
2026-07-08T13:29:38Z,_GTu8K8a_Jw,f05::CHARLA SOBRE EL AMOR Y EL DESAMOR::clip_0136,keep,medium,0,"Lo agarrás, lo agarrás, lo agarrás, lo agarrás y te lo metes adentro. ¿Y sabes qué haces?","Lo agarrás, lo agarrás, lo agarrás, lo agarrás y te lo metes adentro. ¿Y sabes qué haces?",Se conserva el ASR seleccionado; no hay evidencia suficiente para corregirlo.,large como base; turbo/contexto no justifican cambio textual.
2026-07-08T13:29:38Z,_GTu8K8a_Jw,f05::CHARLA SOBRE EL AMOR Y EL DESAMOR::clip_0138,patch,medium,1,"corres, corres, corres vas al gimnasio te pones mejor, te cuidas con la comida","corres, corres, corres vas al gimnasio te pones mejor, te cuidas con las comidas",Se corrige 'la comida' a 'las comidas' por turbo y baseline.,Cambio menor.
2026-07-08T13:29:38Z,_GTu8K8a_Jw,f05::CHARLA SOBRE EL AMOR Y EL DESAMOR::clip_0139,reject,low,0,Empezás a tomar un poco menos de alcohol Empezás a dejar de boludear saliendo todos los días Salir es una parón,,El final 'Salir es una parón/parada' está corrupto y no se puede resolver de forma conservadora.,Large y turbo discrepan en una frase anómala.
2026-07-08T13:29:38Z,_GTu8K8a_Jw,f05::CHARLA SOBRE EL AMOR Y EL DESAMOR::clip_0141,keep,medium,0,repartir ese amor en toda la gente que,repartir ese amor en toda la gente que,Se conserva el ASR seleccionado; no hay evidencia suficiente para corregirlo.,large como base; turbo/contexto no justifican cambio textual.
2026-07-08T13:29:38Z,_GTu8K8a_Jw,f05::CHARLA SOBRE EL AMOR Y EL DESAMOR::clip_0143,keep,high,0,banco la novia te quita sin querer tiempo para tus amigos la novia te quita sin,banco la novia te quita sin querer tiempo para tus amigos la novia te quita sin,Se conserva el ASR seleccionado; no hay evidencia suficiente para corregirlo.,large como base; turbo/contexto no justifican cambio textual.
2026-07-08T13:29:38Z,_GTu8K8a_Jw,f05::CHARLA SOBRE EL AMOR Y EL DESAMOR::clip_0145,patch,high,1,"para, no sé, jugar al fútbol, para hacer tu hobby, lo que te gusta, te lo quitas.","para, no sé, jugar al fútbol, para hacer tu hobby, lo que te gusta, te lo quita.",Se corrige 'te lo quitas/quito' a 'te lo quita' por contexto: la novia te quita tiempo.,Evidencia: clips vecinos y baseline.
2026-07-08T13:29:38Z,_GTu8K8a_Jw,f05::CHARLA SOBRE EL AMOR Y EL DESAMOR::clip_0146,keep,medium,0,¿Por qué? Porque vos querés pasar tiempo con ella. Está buenísimo.,¿Por qué? Porque vos querés pasar tiempo con ella. Está buenísimo.,Se conserva el ASR seleccionado; no hay evidencia suficiente para corregirlo.,large como base; turbo/contexto no justifican cambio textual.
2026-07-08T13:29:38Z,_GTu8K8a_Jw,f05::CHARLA SOBRE EL AMOR Y EL DESAMOR::clip_0147,keep,medium,0,cuando esa persona se va se reparte la baraja de nuevo con una persona,cuando esa persona se va se reparte la baraja de nuevo con una persona,Se conserva el ASR seleccionado; no hay evidencia suficiente para corregirlo.,large como base; turbo/contexto no justifican cambio textual.
2026-07-08T13:29:38Z,_GTu8K8a_Jw,f05::CHARLA SOBRE EL AMOR Y EL DESAMOR::clip_0148,patch,high,1,son a menos. ¿Se fue tu amor? Hay una carta.,persona menos. ¿Se fue tu amor? Hay una carta.,Se corrige 'son a menos' por 'persona menos' usando el clip anterior y baseline.,La frase completa viene de 'con una persona menos'.
2026-07-08T13:29:38Z,_GTu8K8a_Jw,f05::CHARLA SOBRE EL AMOR Y EL DESAMOR::clip_0150,reject,low,0,"En todos los pibes que siguen ahí, en todos tus amigos que te siguen man...",,El final queda truncado en 'man...' y no hay texto completo verificable.,No se completa aunque el contexto sugiera una palabra.
2026-07-08T13:29:38Z,_GTu8K8a_Jw,f05::CHARLA SOBRE EL AMOR Y EL DESAMOR::clip_0151,patch,high,1,"Y en vez de decirle, no, no pude ir a comer, Jorjito.","Y en vez de decirle, no, no puedo ir a comer, Jorjito.",Se corrige 'pude' a 'puedo' por baseline y continuidad con el clip siguiente.,Cambio verbal puntual.
2026-07-08T13:29:38Z,_GTu8K8a_Jw,f05::CHARLA SOBRE EL AMOR Y EL DESAMOR::clip_0152,keep,medium,0,Porque tengo que quedarme viendo una peli,Porque tengo que quedarme viendo una peli,Se conserva el ASR seleccionado; no hay evidencia suficiente para corregirlo.,large como base; turbo/contexto no justifican cambio textual.
2026-07-08T13:29:38Z,_GTu8K8a_Jw,f05::CHARLA SOBRE EL AMOR Y EL DESAMOR::clip_0154,keep,medium,0,"Vamos a comer, vamos a comer, dale, vamos a comer Amigo, posta, una de las mejores","Vamos a comer, vamos a comer, dale, vamos a comer Amigo, posta, una de las mejores",Se conserva el ASR seleccionado; no hay evidencia suficiente para corregirlo.,large como base; turbo/contexto no justifican cambio textual.
2026-07-08T13:29:38Z,_GTu8K8a_Jw,f05::CHARLA SOBRE EL AMOR Y EL DESAMOR::clip_0155,keep,medium,0,etapas que tuve yo fue cuando terminé mi relación y tenía tiempo para aprender,etapas que tuve yo fue cuando terminé mi relación y tenía tiempo para aprender,Se conserva el ASR seleccionado; no hay evidencia suficiente para corregirlo.,large como base; turbo/contexto no justifican cambio textual.
2026-07-08T13:29:38Z,_GTu8K8a_Jw,f05::CHARLA SOBRE EL AMOR Y EL DESAMOR::clip_0156,keep,medium,0,"todos los días, obviamente yo estuve muy mal cuando terminé mi relación, me hizo mierda","todos los días, obviamente yo estuve muy mal cuando terminé mi relación, me hizo mierda",Se conserva el ASR seleccionado; no hay evidencia suficiente para corregirlo.,large como base; turbo/contexto no justifican cambio textual.
2026-07-08T13:29:38Z,_GTu8K8a_Jw,f05::CHARLA SOBRE EL AMOR Y EL DESAMOR::clip_0158,patch,medium,1,proyectaba todo ahí porque uno viste una persona como yo que nunca tuvo novia de golpe,proyectaba todo ahí porque bueno viste una persona como yo que nunca tuvo novia de golpe,Se corrige 'uno viste' a 'bueno viste' por baseline y muletilla rioplatense plausible.,Cambio conservador sobre segmento anómalo.
2026-07-08T13:29:38Z,_GTu8K8a_Jw,f05::CHARLA SOBRE EL AMOR Y EL DESAMOR::clip_0159,keep,high,0,Siente que hay una sola persona en el mundo que vas a amar. Ojalá no sea así.,Siente que hay una sola persona en el mundo que vas a amar. Ojalá no sea así.,Se conserva el ASR seleccionado; no hay evidencia suficiente para corregirlo.,large como base; turbo/contexto no justifican cambio textual.
2026-07-08T13:29:38Z,_GTu8K8a_Jw,f05::CHARLA SOBRE EL AMOR Y EL DESAMOR::clip_0160,patch,high,1,"pero eso pensaba yo, entonces yo le","pero eso pensaba yo, entonces yo literalmente","Se corrige el corte 'yo le' como inicio de 'literalmente', confirmado por baseline y clip siguiente.",No se agrega contenido nuevo fuera del enunciado esperado.
2026-07-08T13:29:38Z,_GTu8K8a_Jw,f05::CHARLA SOBRE EL AMOR Y EL DESAMOR::clip_0161,keep,medium,0,"Literalmente dije, se acabó el mundo para mí. Literal, se acabó el mundo para mí.","Literalmente dije, se acabó el mundo para mí. Literal, se acabó el mundo para mí.",Se conserva el ASR seleccionado; no hay evidencia suficiente para corregirlo.,large como base; turbo/contexto no justifican cambio textual.
2026-07-08T13:29:38Z,_GTu8K8a_Jw,f05::CHARLA SOBRE EL AMOR Y EL DESAMOR::clip_0162,patch,medium,1,"a haber otra igual, no va a haber nunca otra persona igual, no voy a conseguir","no va a haber otra igual, no va a haber nunca otra persona igual, no voy a conseguir",Se recupera el inicio 'no va' por baseline y por coherencia de la frase repetida.,Large/turbo parecen cortar el inicio.
2026-07-08T13:29:38Z,_GTu8K8a_Jw,f05::CHARLA SOBRE EL AMOR Y EL DESAMOR::clip_0163,keep,medium,0,"nunca una persona así, nunca y pensaba eso y pensaba eso y pensaba eso","nunca una persona así, nunca y pensaba eso y pensaba eso y pensaba eso",Se conserva el ASR seleccionado; no hay evidencia suficiente para corregirlo.,large como base; turbo/contexto no justifican cambio textual.
2026-07-08T13:29:38Z,_GTu8K8a_Jw,f05::CHARLA SOBRE EL AMOR Y EL DESAMOR::clip_0164,patch,medium,1,"lloraba y hablaba con mis amigos, que le mando un saludo a los chicos de King of the...","lloraba y hablaba con mis amigos, que le mando un saludo a los chicos de King of the World",Se completa la entidad truncada con turbo.,Turbo aporta la entidad; large quedó en 'King of the...'.
2026-07-08T13:29:38Z,_GTu8K8a_Jw,f05::CHARLA SOBRE EL AMOR Y EL DESAMOR::clip_0165,patch,medium,1,"Te congo que me habrán fumado de, no, ya soy viejo, no voy a conseguir otra persona.","como que me habrán fumado de, no, ya soy viejo, no voy a conseguir otra persona.",Se corrige el inicio corrupto 'Te congo' usando turbo y baseline.,Se mantiene el contenido de large para 'otra persona'.
2026-07-08T13:29:38Z,_GTu8K8a_Jw,f05::CHARLA SOBRE EL AMOR Y EL DESAMOR::clip_0166,patch,high,1,etcétera etcétera amigos,etcétera etcétera etcétera amigo,Se repone la repetición y singular por turbo y baseline.,Cambio puntual.
2026-07-08T13:29:38Z,_GTu8K8a_Jw,f05::CHARLA SOBRE EL AMOR Y EL DESAMOR::clip_0167,patch,high,1,Se termina y te puedo asegurar que...,Se termina y te puedo asegurar que,Se elimina el marcador de truncamiento no hablado.,No se completa la frase.
2026-07-08T13:29:38Z,_GTu8K8a_Jw,f05::CHARLA SOBRE EL AMOR Y EL DESAMOR::clip_0173,keep,medium,0,"que me gustan, si dejé la facultad, si me faltan unas materias, las reanudo.","que me gustan, si dejé la facultad, si me faltan unas materias, las reanudo.",Se conserva el ASR seleccionado; no hay evidencia suficiente para corregirlo.,large como base; turbo/contexto no justifican cambio textual.
2026-07-08T13:29:38Z,_GTu8K8a_Jw,f05::CHARLA SOBRE EL AMOR Y EL DESAMOR::clip_0174,keep,medium,0,Porque la vida sigue. ¿Y sabés qué tenés que hacer cuando la vida sigue?,Porque la vida sigue. ¿Y sabés qué tenés que hacer cuando la vida sigue?,Se conserva el ASR seleccionado; no hay evidencia suficiente para corregirlo.,large como base; turbo/contexto no justifican cambio textual.
2026-07-08T13:29:38Z,_GTu8K8a_Jw,f05::CHARLA SOBRE EL AMOR Y EL DESAMOR::clip_0175,keep,medium,0,"Sobrevivir, ¿qué es sobrevivir? Ponerte las pilas","Sobrevivir, ¿qué es sobrevivir? Ponerte las pilas",Se conserva el ASR seleccionado; no hay evidencia suficiente para corregirlo.,large como base; turbo/contexto no justifican cambio textual.
2026-07-08T13:29:38Z,_GTu8K8a_Jw,f05::CHARLA SOBRE EL AMOR Y EL DESAMOR::clip_0176,keep,high,0,en todo y volver a tener una vida social.,en todo y volver a tener una vida social.,Se conserva el ASR seleccionado; no hay evidencia suficiente para corregirlo.,large como base; turbo/contexto no justifican cambio textual.
2026-07-08T13:29:38Z,_GTu8K8a_Jw,f05::CHARLA SOBRE EL AMOR Y EL DESAMOR::clip_0177,keep,high,0,y eventualmente volver a conseguir al amor de tu vida como se consigue,y eventualmente volver a conseguir al amor de tu vida como se consigue,Se conserva el ASR seleccionado; no hay evidencia suficiente para corregirlo.,large como base; turbo/contexto no justifican cambio textual.
2026-07-08T13:29:38Z,_GTu8K8a_Jw,f05::CHARLA SOBRE EL AMOR Y EL DESAMOR::clip_0178,patch,high,1,Siga el amor de tu vida. ¿Estando hecho mierda con barba todo abandonado?,al amor de tu vida. ¿Estando hecho mierda con barba todo abandonado?,Se corrige 'Siga' a 'al' por turbo y continuidad con el clip anterior.,Cambio puntual.
2026-07-08T13:29:38Z,_GTu8K8a_Jw,f05::CHARLA SOBRE EL AMOR Y EL DESAMOR::clip_0179,patch,high,1,de las pilas con tu vida y haciéndote cargo obviamente haciéndote cargo,poniéndote las pilas con tu vida y haciéndote cargo obviamente haciéndote cargo,Se corrige 'de las pilas' a 'poniéndote las pilas' por turbo y baseline.,Cambio puntual.
2026-07-08T13:29:38Z,_GTu8K8a_Jw,f05::CHARLA SOBRE EL AMOR Y EL DESAMOR::clip_0180,keep,medium,0,"entonces, cuando te viene ese pensamiento","entonces, cuando te viene ese pensamiento",Se conserva el ASR seleccionado; no hay evidencia suficiente para corregirlo.,large como base; turbo/contexto no justifican cambio textual.
2026-07-08T13:29:38Z,_GTu8K8a_Jw,f05::CHARLA SOBRE EL AMOR Y EL DESAMOR::clip_0181,keep,medium,0,de que la vida sigue y de que ese amor se fue todo es nuevo volvés a estar allá arriba te lo juro,de que la vida sigue y de que ese amor se fue todo es nuevo volvés a estar allá arriba te lo juro,Se conserva el ASR seleccionado; no hay evidencia suficiente para corregirlo.,large como base; turbo/contexto no justifican cambio textual.
2026-07-08T13:29:38Z,_GTu8K8a_Jw,f05::CHARLA SOBRE EL AMOR Y EL DESAMOR::clip_0184,keep,high,0,"no tengan miedo, se termina una relación","no tengan miedo, se termina una relación",Se conserva el ASR seleccionado; no hay evidencia suficiente para corregirlo.,large como base; turbo/contexto no justifican cambio textual.
2026-07-08T13:29:38Z,_GTu8K8a_Jw,f05::CHARLA SOBRE EL AMOR Y EL DESAMOR::clip_0185,keep,high,0,"es una paja, duele un montón pero termina","es una paja, duele un montón pero termina",Se conserva el ASR seleccionado; no hay evidencia suficiente para corregirlo.,large como base; turbo/contexto no justifican cambio textual.
2026-07-08T13:29:38Z,_GTu8K8a_Jw,f05::CHARLA SOBRE EL AMOR Y EL DESAMOR::clip_0187,patch,high,1,La vida está llena de...,La vida está llena de,Se elimina el marcador de truncamiento no hablado.,El complemento aparece en el clip siguiente; no se copia acá.
2026-07-08T13:29:38Z,_GTu8K8a_Jw,f05::CHARLA SOBRE EL AMOR Y EL DESAMOR::clip_0188,keep,high,0,Quilombos que te generan una fortaleza a la larga.,Quilombos que te generan una fortaleza a la larga.,Se conserva el ASR seleccionado; no hay evidencia suficiente para corregirlo.,large como base; turbo/contexto no justifican cambio textual.
2026-07-08T13:29:38Z,_GTu8K8a_Jw,f05::CHARLA SOBRE EL AMOR Y EL DESAMOR::clip_0189,patch,high,1,"Perdiste una relación, vendrá otra. Perdiste una relación, fortaleciste todas las que...","Perdiste una relación, vendrá otra. Perdiste una relación, fortaleciste todas las que",Se elimina el marcador de truncamiento no hablado.,No se completa con el clip siguiente.
2026-07-08T13:29:38Z,_GTu8K8a_Jw,f05::CHARLA SOBRE EL AMOR Y EL DESAMOR::clip_0190,keep,medium,0,te quedaron perdiste un amigo porque no es sólo perder una novia a veces,te quedaron perdiste un amigo porque no es sólo perder una novia a veces,Se conserva el ASR seleccionado; no hay evidencia suficiente para corregirlo.,large como base; turbo/contexto no justifican cambio textual.
2026-07-08T13:29:38Z,_GTu8K8a_Jw,f05::CHARLA SOBRE EL AMOR Y EL DESAMOR::clip_0191,patch,high,1,perdés un amigo. Fortaleces 4 de 2.,"perdés un amigo, fortaleces cuatro amigos","Se corrige el segmento corrupto '4 de 2' usando turbo, baseline y contexto.",Cambio puntual.
2026-07-08T13:29:38Z,_GTu8K8a_Jw,f05::CHARLA SOBRE EL AMOR Y EL DESAMOR::clip_0192,patch,high,1,amigos que siguen ahí y que te están bancando uno se mandó una nunca,amigos que siguen ahí y que te están bancando uno se mandó una cagada nunca,Se corrige 'una nunca' a 'una cagada nunca' por turbo y baseline.,Cambio puntual.
2026-07-08T13:29:38Z,_GTu8K8a_Jw,f05::CHARLA SOBRE EL AMOR Y EL DESAMOR::clip_0193,patch,high,1,"más agil, pero hay cuatro que siguen siendo hermanos ¿y a esos hermanos?","más gil, pero hay cuatro que siguen siendo hermanos ¿y a esos hermanos?",Se corrige 'agil' a 'gil' por turbo y baseline.,Cambio puntual.
2026-07-08T13:29:38Z,_GTu8K8a_Jw,f05::CHARLA SOBRE EL AMOR Y EL DESAMOR::clip_0195,patch,medium,1,"Todo. ¿Charlas sad? No, no, charlas motivadoras, loco. Bueno, gente, vamos a ver el...","Todo. ¿Charla sad? No, no, charla motivadora, loco. Bueno, gente, vamos a ver el tema.",Se toma la versión singular y el cierre de turbo para resolver una frase truncada.,Large y turbo difieren; turbo da una lectura coherente.
2026-07-08T13:29:38Z,_GTu8K8a_Jw,f05::CHARLA SOBRE EL AMOR Y EL DESAMOR::clip_0197,patch,high,1,"Sepan que me gusta hablar con ustedes, que me gusta darles un consejo y que yo...","Sepan que me gusta hablar con ustedes, que me gusta darles un consejo y que yo",Se elimina el marcador de truncamiento no hablado.,No se completa la frase.
2026-07-08T13:29:38Z,_GTu8K8a_Jw,f05::CHARLA SOBRE EL AMOR Y EL DESAMOR::clip_0198,keep,medium,0,Yo sé que parezco joven porque me cuido bien.,Yo sé que parezco joven porque me cuido bien.,Se conserva el ASR seleccionado; no hay evidencia suficiente para corregirlo.,large como base; turbo/contexto no justifican cambio textual.
2026-07-08T13:29:38Z,_GTu8K8a_Jw,f05::CHARLA SOBRE EL AMOR Y EL DESAMOR::clip_0199,keep,medium,0,"Bien, y porque no tomo alcohol, que también les recomiendo que no sean pelotudos, no tomen alcohol, el alcohol es una mierda.","Bien, y porque no tomo alcohol, que también les recomiendo que no sean pelotudos, no tomen alcohol, el alcohol es una mierda.",Se conserva el ASR seleccionado; no hay evidencia suficiente para corregirlo.,large como base; turbo/contexto no justifican cambio textual.
2026-07-08T13:29:38Z,_GTu8K8a_Jw,f05::CHARLA SOBRE EL AMOR Y EL DESAMOR::clip_0201,patch,high,1,"alcohol son una mierda. Yo, ustedes hagan lo que quieran porque es su cuerpo.","alcohol es una mierda. Yo, ustedes hagan lo que quieran porque es su cuerpo.",Se corrige 'son' a 'es' por baseline y concordancia con 'alcohol'.,Cambio puntual.
2026-07-08T13:29:38Z,_GTu8K8a_Jw,f05::CHARLA SOBRE EL AMOR Y EL DESAMOR::clip_0202,keep,medium,0,"su salud, pero yo nunca nada nunca nada","su salud, pero yo nunca nada nunca nada",Se conserva el ASR seleccionado; no hay evidencia suficiente para corregirlo.,large como base; turbo/contexto no justifican cambio textual.
2026-07-08T13:29:38Z,_GTu8K8a_Jw,f05::CHARLA SOBRE EL AMOR Y EL DESAMOR::clip_0203,keep,high,0,"Solo cuando salió campeón de la selección, un ferneo y algunas cositas.","Solo cuando salió campeón de la selección, un ferneo y algunas cositas.",Se conserva el ASR seleccionado; no hay evidencia suficiente para corregirlo.,large como base; turbo/contexto no justifican cambio textual.
2026-07-08T13:29:38Z,_GTu8K8a_Jw,f05::CHARLA SOBRE EL AMOR Y EL DESAMOR::clip_0205,keep,high,0,porro no tampoco el porro está bien dice uno en el chat para mí el porro no está bien,porro no tampoco el porro está bien dice uno en el chat para mí el porro no está bien,Se conserva el ASR seleccionado; no hay evidencia suficiente para corregirlo.,large como base; turbo/contexto no justifican cambio textual.
2026-07-08T13:29:38Z,_GTu8K8a_Jw,f05::CHARLA SOBRE EL AMOR Y EL DESAMOR::clip_0206,patch,medium,1,perdón eh discúlpeme para mí quiere fumar un porro te banco te respeto yo no fui,perdón eh discúlpeme para mí querés fumar un porro te banco te respeto yo no fui,Se corrige 'quiere' a 'querés' por baseline y registro voseante del video.,Se mantiene el resto del ASR.
2026-07-08T13:29:38Z,_GTu8K8a_Jw,f05::CHARLA SOBRE EL AMOR Y EL DESAMOR::clip_0208,patch,high,1,"y para mí, en mi vida el porno no está bien no me importa si es natural","y para mí, en mi vida el porro no está bien no me importa si es natural",Se corrige 'porno' a 'porro' por contexto inmediato y baseline.,Todo el bloque habla del porro.
2026-07-08T13:29:38Z,_GTu8K8a_Jw,f05::CHARLA SOBRE EL AMOR Y EL DESAMOR::clip_0209,keep,medium,0,"No quiero porro cerca, no me gusta el porro.","No quiero porro cerca, no me gusta el porro.",Se conserva el ASR seleccionado; no hay evidencia suficiente para corregirlo.,large como base; turbo/contexto no justifican cambio textual.
2026-07-08T13:29:38Z,_GTu8K8a_Jw,f05::CHARLA SOBRE EL AMOR Y EL DESAMOR::clip_0210,keep,high,0,No me gusta el porro. Y lo digo de una.,No me gusta el porro. Y lo digo de una.,Se conserva el ASR seleccionado; no hay evidencia suficiente para corregirlo.,large como base; turbo/contexto no justifican cambio textual.
2026-07-08T13:29:38Z,_GTu8K8a_Jw,f05::CHARLA SOBRE EL AMOR Y EL DESAMOR::clip_0211,patch,medium,1,que quedar bien con nadie yo les digo lo que yo siento si mi mejor amigo,no tengo que quedar bien con nadie yo les digo lo que yo siento si mi mejor amigo,Se recupera 'no tengo' por baseline y coherencia con el discurso.,Large/turbo parecen cortar el inicio.
2026-07-08T13:29:38Z,_GTu8K8a_Jw,f05::CHARLA SOBRE EL AMOR Y EL DESAMOR::clip_0214,patch,medium,1,Está todo piola. Yo no voy a fumar. Nunca en mi vida voy a fumar. ¿Dijo porno o no el porno?,"Está todo piola. Yo no voy a fumar. Nunca en mi vida voy a fumar. Dijo porro, ¿no? El porro.",Se corrige 'porno' a 'porro' por contexto inmediato del tema.,Se conserva 'dijo' por falta de evidencia para cambiarlo a otra forma.
2026-07-08T13:29:38Z,_GTu8K8a_Jw,f05::CHARLA SOBRE EL AMOR Y EL DESAMOR::clip_0216,keep,high,0,"la marihuana, eso no me gusta.","la marihuana, eso no me gusta.",Se conserva el ASR seleccionado; no hay evidencia suficiente para corregirlo.,large como base; turbo/contexto no justifican cambio textual.
2026-07-08T13:29:38Z,_GTu8K8a_Jw,f05::CHARLA SOBRE EL AMOR Y EL DESAMOR::clip_0217,keep,medium,0,"Nunca me gustó, nunca sentí que la necesitaba.","Nunca me gustó, nunca sentí que la necesitaba.",Se conserva el ASR seleccionado; no hay evidencia suficiente para corregirlo.,large como base; turbo/contexto no justifican cambio textual.
2026-07-08T13:29:38Z,_GTu8K8a_Jw,f05::CHARLA SOBRE EL AMOR Y EL DESAMOR::clip_0218,patch,high,1,Para mí te lleva a un lugar donde...,Para mí te lleva a un lugar donde,Se elimina el marcador de truncamiento no hablado.,No se completa la frase.
2026-07-08T13:29:38Z,_GTu8K8a_Jw,f05::CHARLA SOBRE EL AMOR Y EL DESAMOR::clip_0219,keep,high,0,no sos vos donde no sé,no sos vos donde no sé,Se conserva el ASR seleccionado; no hay evidencia suficiente para corregirlo.,large como base; turbo/contexto no justifican cambio textual.
2026-07-08T13:29:38Z,_GTu8K8a_Jw,f05::CHARLA SOBRE EL AMOR Y EL DESAMOR::clip_0221,keep,medium,0,"No sos vos. Pero bueno, no quiero entrar en esa discusión porque es personal. Es personal, nunca nos vamos a poner de acuerdo.","No sos vos. Pero bueno, no quiero entrar en esa discusión porque es personal. Es personal, nunca nos vamos a poner de acuerdo.",Se conserva el ASR seleccionado; no hay evidencia suficiente para corregirlo.,large como base; turbo/contexto no justifican cambio textual.
2026-07-08T13:29:38Z,_GTu8K8a_Jw,f05::CHARLA SOBRE EL AMOR Y EL DESAMOR::clip_0222,keep,medium,0,nunca nos vamos a poner de acuerdo lo único que les puedo agregar es,nunca nos vamos a poner de acuerdo lo único que les puedo agregar es,Se conserva el ASR seleccionado; no hay evidencia suficiente para corregirlo.,large como base; turbo/contexto no justifican cambio textual.
2026-07-08T13:29:38Z,_GTu8K8a_Jw,f05::CHARLA SOBRE EL AMOR Y EL DESAMOR::clip_0223,patch,high,1,"yo tomo alcohol para desinhibirme amigo, y si mejor no aprendes a desinhibirme","yo tomo alcohol para desinhibirme amigo, y si mejor no aprendes a desinhibirte","Se corrige 'desinhibirme' final a 'desinhibirte' por turbo, baseline y clip siguiente.",Cambio reflexivo puntual.
2026-07-08T13:29:38Z,_GTu8K8a_Jw,f05::CHARLA SOBRE EL AMOR Y EL DESAMOR::clip_0224,patch,high,1,verte sin la necesidad de alcohol? ¿Y si mejor no aprendes a soltarte sin necesitar,a desinhibirte sin la necesidad de alcohol? ¿Y si mejor no aprendes a soltarte sin necesitar,Se corrige el inicio corrupto usando baseline y continuidad del clip anterior.,No se completa el final.
2026-07-08T13:29:38Z,_GTu8K8a_Jw,f05::CHARLA SOBRE EL AMOR Y EL DESAMOR::clip_0225,patch,high,1,"tomar nada, es mi opinión","tomar nada, en mi opinión, eh","Se corrige 'es mi opinión' a 'en mi opinión, eh' por turbo y baseline.",Cambio puntual.
2026-07-08T13:29:38Z,_GTu8K8a_Jw,f05::CHARLA SOBRE EL AMOR Y EL DESAMOR::clip_0226,keep,high,0,"Arrancás a los DJs, sos tímido, te cuesta.","Arrancás a los DJs, sos tímido, te cuesta.",Se conserva el ASR seleccionado; no hay evidencia suficiente para corregirlo.,large como base; turbo/contexto no justifican cambio textual.
2026-07-08T13:29:38Z,_GTu8K8a_Jw,f05::CHARLA SOBRE EL AMOR Y EL DESAMOR::clip_0227,keep,high,0,"si no tomo alcohol no me encaro una mina bueno, el problema","si no tomo alcohol no me encaro una mina bueno, el problema",Se conserva el ASR seleccionado; no hay evidencia suficiente para corregirlo.,large como base; turbo/contexto no justifican cambio textual.
2026-07-08T13:29:38Z,_GTu8K8a_Jw,f05::CHARLA SOBRE EL AMOR Y EL DESAMOR::clip_0228,keep,high,0,está en tu seguridad que tenés que,está en tu seguridad que tenés que,Se conserva el ASR seleccionado; no hay evidencia suficiente para corregirlo.,large como base; turbo/contexto no justifican cambio textual.
2026-07-08T13:29:38Z,_GTu8K8a_Jw,f05::CHARLA SOBRE EL AMOR Y EL DESAMOR::clip_0230,keep,medium,0,"Es decir, anda de a poco, intentalo de a poco, date tiempo, a los 16 años por ahí no te preocupes.","Es decir, anda de a poco, intentalo de a poco, date tiempo, a los 16 años por ahí no te preocupes.",Se conserva el ASR seleccionado; no hay evidencia suficiente para corregirlo.,large como base; turbo/contexto no justifican cambio textual.
2026-07-08T13:29:38Z,_GTu8K8a_Jw,f05::CHARLA SOBRE EL AMOR Y EL DESAMOR::clip_0231,patch,medium,1,¿Estás listo para encarar a una persona? Es difícil encarar.,a los 16 años por ahí no estás listo para encarar a una persona. Es difícil encarar.,Se recupera el inicio y la negación por baseline y coherencia con el consejo.,Large/turbo cortan el inicio.
2026-07-08T13:29:38Z,_GTu8K8a_Jw,f05::CHARLA SOBRE EL AMOR Y EL DESAMOR::clip_0232,keep,high,0,A todos nos cuesta encarar.,A todos nos cuesta encarar.,Se conserva el ASR seleccionado; no hay evidencia suficiente para corregirlo.,large como base; turbo/contexto no justifican cambio textual.
2026-07-08T13:29:38Z,_GTu8K8a_Jw,f05::CHARLA SOBRE EL AMOR Y EL DESAMOR::clip_0233,patch,high,1,¿Sobrio? Más difícil todavía. Pero yo...,¿Sobrio? Más difícil todavía. Pero yo,Se elimina el marcador de truncamiento no hablado.,No se completa la frase.
2026-07-08T13:29:38Z,_GTu8K8a_Jw,f05::CHARLA SOBRE EL AMOR Y EL DESAMOR::clip_0234,keep,medium,0,nunca te voy a decir entonces anda a ponerte,nunca te voy a decir entonces anda a ponerte,Se conserva el ASR seleccionado; no hay evidencia suficiente para corregirlo.,large como base; turbo/contexto no justifican cambio textual.
2026-07-08T13:29:38Z,_GTu8K8a_Jw,f05::CHARLA SOBRE EL AMOR Y EL DESAMOR::clip_0235,patch,high,1,en pedo y en cara porque esa no es la solución en la vida no vas a estar toda la vida en pedo para,en pedo y encarar porque esa no es la solución en la vida no vas a estar toda la vida en pedo para,Se corrige 'en cara' a 'encarar' por baseline y contexto.,Cambio puntual.
2026-07-08T13:29:38Z,_GTu8K8a_Jw,f05::CHARLA SOBRE EL AMOR Y EL DESAMOR::clip_0237,keep,medium,0,mayor parte de tu vida sobrio y vas a tener que aprender a resolver los problemas.,mayor parte de tu vida sobrio y vas a tener que aprender a resolver los problemas.,Se conserva el ASR seleccionado; no hay evidencia suficiente para corregirlo.,large como base; turbo/contexto no justifican cambio textual.
2026-07-08T13:29:38Z,_GTu8K8a_Jw,f05::CHARLA SOBRE EL AMOR Y EL DESAMOR::clip_0238,keep,medium,0,"sobrio, entonces porque mejor no mejoras tu lado sobrio antes de","sobrio, entonces porque mejor no mejoras tu lado sobrio antes de",Se conserva el ASR seleccionado; no hay evidencia suficiente para corregirlo.,large como base; turbo/contexto no justifican cambio textual.
2026-07-08T13:29:38Z,_GTu8K8a_Jw,f05::CHARLA SOBRE EL AMOR Y EL DESAMOR::clip_0239,keep,medium,0,trabajar en el lado ebrio.,trabajar en el lado ebrio.,Se conserva el ASR seleccionado; no hay evidencia suficiente para corregirlo.,large como base; turbo/contexto no justifican cambio textual.
2026-07-08T13:29:38Z,_GTu8K8a_Jw,f05::CHARLA SOBRE EL AMOR Y EL DESAMOR::clip_0240,keep,high,0,tomen con precaución si quieren fumar fumen con precaución yo no me voy a meter,tomen con precaución si quieren fumar fumen con precaución yo no me voy a meter,Se conserva el ASR seleccionado; no hay evidencia suficiente para corregirlo.,large como base; turbo/contexto no justifican cambio textual.
2026-07-08T13:29:38Z,_GTu8K8a_Jw,f05::CHARLA SOBRE EL AMOR Y EL DESAMOR::clip_0241,keep,medium,0,en la vida de nadie. Simplemente les estoy diciendo qué es lo que hago yo.,en la vida de nadie. Simplemente les estoy diciendo qué es lo que hago yo.,Se conserva el ASR seleccionado; no hay evidencia suficiente para corregirlo.,large como base; turbo/contexto no justifican cambio textual.
2026-07-08T13:29:38Z,_GTu8K8a_Jw,f05::CHARLA SOBRE EL AMOR Y EL DESAMOR::clip_0242,keep,medium,0,"¿Qué consumo yo? ¿Qué no consumo yo? Yo consumo vegetales, ahora bueno por la velada","¿Qué consumo yo? ¿Qué no consumo yo? Yo consumo vegetales, ahora bueno por la velada",Se conserva el ASR seleccionado; no hay evidencia suficiente para corregirlo.,large como base; turbo/contexto no justifican cambio textual.
2026-07-08T13:29:38Z,_GTu8K8a_Jw,f05::CHARLA SOBRE EL AMOR Y EL DESAMOR::clip_0243,patch,high,1,carnes pero voy a volver a consumir vegetales porque me encanta hacer vegetales,carnes pero voy a volver a consumir vegetales porque me encanta ser vegetariano,Se corrige 'hacer vegetales/vegetal' a 'ser vegetariano' por baseline y contexto.,Cambio semántico claro.
2026-07-08T13:29:38Z,_GTu8K8a_Jw,f05::CHARLA SOBRE EL AMOR Y EL DESAMOR::clip_0245,patch,high,1,agüita y consumo cero drogas cero alcohol y me encanta porque tengo 31,agüita y consumo cero drogas cero alcohol y me encanta porque tengo 31 años,Se agrega 'años' por turbo y baseline.,Cambio puntual.
2026-07-08T13:29:38Z,_GTu8K8a_Jw,f05::CHARLA SOBRE EL AMOR Y EL DESAMOR::clip_0246,keep,high,0,y parezco de 28,y parezco de 28,Se conserva el ASR seleccionado; no hay evidencia suficiente para corregirlo.,large como base; turbo/contexto no justifican cambio textual.
2026-07-08T13:29:38Z,_GTu8K8a_Jw,f05::CHARLA SOBRE EL AMOR Y EL DESAMOR::clip_0247,patch,high,1,"Yo creo, sí, en el video es de 28. De 40, no, es un...","Yo creo, sí, en el video es de 28. De 40, no, es un",Se elimina el marcador de truncamiento no hablado.,No se completa la frase.
2026-07-08T13:40:00Z,VpCoTQ9073o,"f12::GASPI, DAMIAN KUC, LA REINI, BOTTERO, EL MUNDIAL Y::clip_0403",patch,medium,1,chicos eso fue todo por el día de hoy espero que les haya gustado acuérdense de suscribirse seguirme en,bueno chicos eso fue todo por el día de hoy espero que les haya gustado acuérdense de suscribirse seguirme en,Se repone el 'bueno' inicial porque aparece en baseline y turbo; el resto se conserva según large/selected sin completar la frase cortada.,No se agrega 'tu canal' de turbo porque contradice el cierre que continúa en el clip vecino.
2026-07-08T13:40:00Z,VpCoTQ9073o,"f12::GASPI, DAMIAN KUC, LA REINI, BOTTERO, EL MUNDIAL Y::clip_0404",patch,medium,1,a las redes sociales y nos vemos muy pronto en un próximo video,todas las redes sociales y nos vemos muy pronto en un próximo video,"El contexto del clip anterior termina en 'seguirme en' y baseline indica 'todas las redes sociales'; large/turbo capturan solo el tramo final, por eso se corrige el inicio cortado.",Corrección puntual apoyada por continuidad contextual; no se agregan palabras fuera del cierre evidente.
2026-07-08T13:40:00Z,VpCoTQ9073o,"f12::GASPI, DAMIAN KUC, LA REINI, BOTTERO, EL MUNDIAL Y::clip_0407",reject,low,0,"¿Entendés? O sea, usted no está acá. De vanesense, ¿entendés? Como que, ¡ay, Dios mío!",,"Large y turbo discrepan mucho en palabras clave ('usted/justo', 'vanesense/Van Esen') y no hay evidencia suficiente para una corrección conservadora segura.","Posible referencia a Evanescence por baseline/contexto, pero no alcanza para fijar el texto limpio sin revisar audio/video."
2026-07-08T13:40:00Z,VpCoTQ9073o,"f12::GASPI, DAMIAN KUC, LA REINI, BOTTERO, EL MUNDIAL Y::clip_0408",reject,low,0,"Lo que está sufriendo esa gente también, ¿no? Los fanáticos, digo. Bueno, y la fa...",,"El clip contiene frase truncada y discrepancia relevante entre large, turbo y baseline sobre 'los/de los fanáticos' y 'fa/fam'; no conviene completar ni corregir sin evidencia adicional.",Se rechaza para evitar inventar la continuación 'familia' o alterar el sentido.
2026-07-08T13:42:52Z,YYIVFA000BI,new_discovery::YYIVFA000BI::clip_1161,keep,medium,0,"Pepe Mujica, muchísimas gracias Estamos soñando querido Ni yo voy a ir a la Argentina","Pepe Mujica, muchísimas gracias. Estamos soñando, querido. Ni yo voy a ir a la Argentina",Se conserva large como base con puntuación mínima apoyada por turbo; no se agrega el tramo extra de turbo porque no está en large y podría exceder el clip.,Turbo agrega una continuación dudosa/no verificada por large.
2026-07-08T13:42:52Z,YYIVFA000BI,new_discovery::YYIVFA000BI::clip_1162,keep,high,0,"pero la quiero la Argentina, créanme por lo menos créanme en eso","pero la quiero la Argentina, créanme por lo menos créanme en eso",Large y turbo coinciden en el contenido; solo difieren en puntuación/capitalización.,
2026-07-08T13:42:52Z,YYIVFA000BI,new_discovery::YYIVFA000BI::clip_1163,keep,medium,0,que la sufren no cabe ninguna duda y probablemente su mensaje sea que el partido,que la sufren no cabe ninguna duda y probablemente su mensaje sea que el partido,Se conserva large como base; turbo agrega 'Gracias' y cortes de puntuación que no conviene incorporar sin evidencia fuerte.,Fragmento parece continuar en el clip siguiente.
2026-07-08T13:42:52Z,YYIVFA000BI,new_discovery::YYIVFA000BI::clip_1164,keep,high,0,"Déjeme terminar, que el Partido de la Esperanza sean las dos coaliciones, cada una en su medida.","Déjeme terminar, que el Partido de la Esperanza sean las dos coaliciones, cada una en su medida.",Large y turbo coinciden en el contenido; diferencia menor de capitalización en nombre/frase del partido.,
2026-07-08T13:42:52Z,YYIVFA000BI,new_discovery::YYIVFA000BI::clip_1165,keep,high,0,"Sí. Muchas gracias, Pepe, por estas dos horas de conversación. Fue un gran placer.","Sí. Muchas gracias, Pepe, por estas dos horas de conversación. Fue un gran placer.",Large y turbo coinciden exactamente.,
2026-07-08T13:45:11Z,q94HfK07DjI,new_discovery::q94HfK07DjI::clip_0452,patch,medium,1,era ese porque sucedió que bachelet terminaba su gobierno y las elecciones eran presas,"Era ese, porque sucedió que Bachelet terminaba su gobierno y las elecciones eran","Corrección conservadora de capitalización de nombre propio y eliminación del cierre dudoso 'presas', que contradice turbo y queda resuelto por el clip vecino siguiente.",No se completa la frase; el clip siguiente continúa con 'precisamente por esa época'.
2026-07-08T13:45:11Z,q94HfK07DjI,new_discovery::q94HfK07DjI::clip_0453,keep,high,0,precisamente por esa época. Entonces tuvimos que pasar a Chile en diciembre.,precisamente por esa época. Entonces tuvimos que pasar a Chile en diciembre.,Large y turbo coinciden; solo se conserva el texto seleccionado.,
2026-07-08T13:45:11Z,q94HfK07DjI,new_discovery::q94HfK07DjI::clip_0454,reject,low,0,"Y Jair, en enero, Argentina y Uruguay, en enero no encontrás ni el...",,Hay desacuerdo claro entre large y turbo y el inicio 'Y Jair' no tiene sentido contextual suficiente; no hay evidencia segura para corregirlo sin inventar.,"Probablemente refiere a reprogramación del viaje, pero no alcanza para patch conservador."
2026-07-08T13:45:11Z,q94HfK07DjI,new_discovery::q94HfK07DjI::clip_0455,keep,high,0,Entonces se cambió el programa y se hizo Chile y Perú y quedó.,Entonces se cambió el programa y se hizo Chile y Perú y quedó.,Large y turbo coinciden; se conserva el texto seleccionado.,
2026-07-08T13:45:11Z,q94HfK07DjI,new_discovery::q94HfK07DjI::clip_0456,keep,high,0,Argentina y Uruguay para después. Y ese después es lo que estamos esperando en la coyuntura.,Argentina y Uruguay para después. Y ese después es lo que estamos esperando en la coyuntura.,Large y turbo coinciden; se conserva el texto seleccionado.,
2026-07-08T13:45:11Z,q94HfK07DjI,new_discovery::q94HfK07DjI::clip_0457,keep,high,0,"O sea que no hay una negación de ir, de ninguna manera, estuvo planeado el viaje.","O sea que no hay una negación de ir, de ninguna manera, estuvo planeado el viaje.",Se conserva large por ser más coherente que turbo; el desacuerdo no justifica cambio.,
2026-07-08T13:45:11Z,q94HfK07DjI,new_discovery::q94HfK07DjI::clip_0458,keep,high,0,"Estoy abierto a que se dé la oportunidad. ¿De qué dependería eso? Miles, miles de factores.","Estoy abierto a que se dé la oportunidad. ¿De qué dependería eso? Miles, miles de factores.",Large y turbo coinciden; se conserva el texto seleccionado.,
2026-07-08T13:45:11Z,q94HfK07DjI,new_discovery::q94HfK07DjI::clip_0459,keep,high,0,¿Le puedo pedir dos o tres? Primero que la voluntad de que...,¿Le puedo pedir dos o tres? Primero que la voluntad de que...,Large y turbo coinciden; se conserva el texto seleccionado con frase inconclusa real.,
2026-07-08T13:45:11Z,q94HfK07DjI,new_discovery::q94HfK07DjI::clip_0460,keep,high,0,"yo vaya, creo que eso está. Segundo, la coyuntura sociopolítica.","yo vaya, creo que eso está. Segundo, la coyuntura sociopolítica.","Se conserva large; turbo omite 'yo', pero no hay evidencia suficiente para eliminarlo.",
2026-07-08T13:45:11Z,q94HfK07DjI,new_discovery::q94HfK07DjI::clip_0461,patch,medium,1,"que a veces a visitar a un Papa puede ser usada, eso lo miramos en todos los lugares, que no sea usada ni para un lado ni para otro.","que a veces la visita a un Papa puede ser usada, eso lo miramos en todos los lugares, que no sea usada ni para un lado ni para otro.",Corrección puntual de sintaxis evidente: 'a visitar a un Papa' en large y 'la visité a un Papa' en turbo apuntan a 'la visita a un Papa'; el resto se conserva.,"Patch apoyado por large, turbo y contexto sobre coyuntura sociopolítica."
2026-07-08T13:45:11Z,q94HfK07DjI,new_discovery::q94HfK07DjI::clip_0462,keep,high,0,Después de una elección podría pasar. ¿Podría pasar después de una elección? Ciertamente que sí.,Después de una elección podría pasar. ¿Podría pasar después de una elección? Ciertamente que sí.,Large es coherente y turbo coincide en lo esencial; no se agrega el 'por eso' dudoso de turbo.,
2026-07-08T13:45:11Z,q94HfK07DjI,new_discovery::q94HfK07DjI::clip_0463,patch,medium,1,tiempo electoral no se hacen viajes en los países para evitar que la presencia sea usada por el,En tiempo electoral no se hacen viajes en los países para evitar que la presencia sea usada por el,Se agrega 'En' por continuidad gramatical y contexto; turbo confirma puntuación y el resto coincide sustancialmente.,La frase continúa en el clip siguiente.
2026-07-08T13:45:11Z,q94HfK07DjI,new_discovery::q94HfK07DjI::clip_0464,keep,high,0,"partido gobernante para una reelección o algo por el estilo. Yo quiero ir a Argentina, quiero.","partido gobernante para una reelección o algo por el estilo. Yo quiero ir a Argentina, quiero.",Large y turbo coinciden; se conserva el texto seleccionado.,
2026-07-08T13:45:11Z,q94HfK07DjI,new_discovery::q94HfK07DjI::clip_0465,keep,high,0,pero se anima a darle un rango entre cuánto y cuánto tiempo,pero se anima a darle un rango entre cuánto y cuánto tiempo,Large y turbo coinciden; se conserva el texto seleccionado.,
2026-07-08T13:45:11Z,q94HfK07DjI,new_discovery::q94HfK07DjI::clip_0466,patch,medium,1,"No, no sé por qué esta es una cosa que se llama ahí. Pero ciertamente estuvo planeado y si no...","No, no sé, porque esta es una cosa que se llama ahí. Pero ciertamente estuvo planeado y si no...",Corrección mínima de puntuación para separar la negación; no hay evidencia suficiente para cambiar 'esta' por 'es'.,"La expresión 'una cosa que se llama ahí' queda dudosa, pero se conserva por falta de alternativa segura."
2026-07-08T13:45:11Z,q94HfK07DjI,new_discovery::q94HfK07DjI::clip_0467,reject,low,0,se fue por el mes ya.,,"Large y turbo discrepan mucho; turbo agrega 'Primero y principal' que podría pertenecer al cierre de la respuesta, pero no hay evidencia suficiente para decidir el texto limpio.",No se aplica patch dudoso.
2026-07-08T13:45:11Z,q94HfK07DjI,new_discovery::q94HfK07DjI::clip_0468,patch,high,1,"Vale agradecido por el tiempo que me ha dedicado. Gracias a usted por la paciencia, escuchar a un cura. No, es un enorme placer.","Vale, agradecido por el tiempo que me ha dedicado. Gracias a usted por la paciencia de escuchar a un cura. No, es un enorme placer.",Turbo corrige una omisión clara de large: 'de escuchar a un cura' es gramatical y contextualmente coherente; se conserva el resto.,
2026-07-08T13:45:11Z,q94HfK07DjI,new_discovery::q94HfK07DjI::clip_0469,keep,high,0,"Recen por mí, por favor. Muchas gracias. A favor, no en contra.","Recen por mí, por favor. Muchas gracias. A favor, no en contra.",Large y turbo coinciden; se conserva el texto seleccionado.,
