source_id,spk,titulo,clip_count,current_match_confidence,current_candidate_url,current_candidate_title,current_candidate_channel,failure_reason,example_clip_ids,example_texts,youtube_search_query_1,youtube_search_query_2,youtube_search_query_3,google_search_query,manual_url,manual_confidence,manual_notes
f07__DAVOO_XENEIZE_OPINA_DE_BOCA_0_UNIVERSIDAD_CATOLICA,f07,DAVOO XENEIZE OPINA DE BOCA 0 UNIVERSIDAD CATOLICA,937,medium,https://www.youtube.com/watch?v=ChceWp7jwCA,DAVOO XENEIZE OPINA DE BOCA 0 UNIVERSIDAD CATOLICA 1 (2026) - FECHA 6 - COPA LIBERTADORES.,Davoo Xeneize,blocked_alignment_failed=23|baseline_existing_only=128|low_alignment_score_present,clip_0000|clip_0001|clip_0002|clip_0003|clip_0004,el club atletico boca juniors perdio 1 a 0 frente a universidad catolica en la bombonera || en el estadio alberto jose armando y queda eliminado de la copa libertadores en fase de grupos || primera vez que un equipo chileno gana en la bombonera en copa libertadores,DAVOO XENEIZE OPINA DE BOCA 0 UNIVERSIDAD CATOLICA,f07 DAVOO XENEIZE OPINA DE BOCA 0 UNIVERSIDAD CATOLICA,el club atletico boca juniors perdio 1 a 0 frente a universidad catolica en la bombonera,site:youtube.com DAVOO XENEIZE OPINA DE BOCA 0 UNIVERSIDAD CATOLICA,,,
f13__JULI_POGGIO_EN_FERN_CON_GREGO,f13,JULI POGGIO EN FERNÉ CON GREGO,556,high,https://www.youtube.com/watch?v=1zF5z-CjewQ,JULI POGGIO EN FERNÉ CON GREGO,Grego Rossello,blocked_alignment_failed=5|baseline_existing_only=551|low_alignment_score_present|source_reconstruction_failed,clip_0000|clip_0001|clip_0002|clip_0003|clip_0004,trabaje muchisimo en flores en avellaneda te juro que yo era la reina de avellaneda || en serio me encanta es una persona con la cual es muy dificil pelear || ah si por que te lo digo como hermana porque es esa gente que te dice tipo dale dale buenisimo si,JULI POGGIO EN FERNÉ CON GREGO,f13 JULI POGGIO EN FERNÉ CON GREGO,trabaje muchisimo en flores en avellaneda te juro que yo era la reina de avellaneda,site:youtube.com JULI POGGIO EN FERNÉ CON GREGO,,,
f22__ME_ACUSARON_DE_BRUJA_Y_ME_TUVE_QUE_IR_DEL_PUEBLO_-,f22,ME ACUSARON DE BRUJA Y ME TUVE QUE IR DEL PUEBLO -,542,medium,https://www.youtube.com/watch?v=G555f-3hnd8,ME ACUSARON DE BRUJA Y ME TUVE QUE IR DEL PUEBLO - Anécdotas de pueblo,Martin Cirio,blocked_alignment_failed=6|baseline_existing_only=536|low_alignment_score_present|source_reconstruction_failed,clip_0000|clip_0001|clip_0002|clip_0003|clip_0004,holi holis bellos mios como estan soy yo || la señora elfa y hoy en el video de la fecha vamos a hablar de anecdotas de pueblos || ustedes me mandaron sus anecdotas de pueblo a djforanachorracom,ME ACUSARON DE BRUJA Y ME TUVE QUE IR DEL PUEBLO -,f22 ME ACUSARON DE BRUJA Y ME TUVE QUE IR DEL PUEBLO -,holi holis bellos mios como estan soy yo,site:youtube.com ME ACUSARON DE BRUJA Y ME TUVE QUE IR DEL PUEBLO -,,,
f42__Por_qu_ya_no_podemos_conversar_y_c_mo_aprender_a,f42,Por qué ya no podemos conversar (y cómo aprender a,373,high,https://www.youtube.com/watch?v=uSK7zk5u-RE,Por qué ya no podemos conversar (y cómo aprender a argumentar),Azul ☆ Take it easy,blocked_alignment_failed=5|baseline_existing_only=368|low_alignment_score_present|source_reconstruction_failed,clip_0000|clip_0001|clip_0002|clip_0003|clip_0004,hoy todo el mundo tiene opiniones pero muy pocas personas saben argumentarlas || siento que estamos constantemente informandonos de fuentes de informacion muy vacias muy banales muy basicas || y siento que no se puede hablar con nadie y que la gente en general veo como un patron de que no se puede conversar y mucho menos debatir de temas,Por qué ya no podemos conversar (y cómo aprender a,f42 Por qué ya no podemos conversar (y cómo aprender a,hoy todo el mundo tiene opiniones pero muy pocas personas saben argumentarlas,site:youtube.com Por qué ya no podemos conversar (y cómo aprender a,,,
f12__GASPI_DAMIAN_KUC_LA_REINI_BOTTERO_EL_MUNDIAL_Y,f12,"GASPI, DAMIAN KUC, LA REINI, BOTTERO, EL MUNDIAL Y",360,high,https://www.youtube.com/watch?v=VpCoTQ9073o,"GASPI, DAMIAN KUC, LA REINI, BOTTERO, EL MUNDIAL Y MÁS",PabloAgustin,blocked_alignment_failed=7|baseline_existing_only=32|low_alignment_score_present,clip_0000|clip_0001|clip_0003|clip_0004|clip_0005,hola a todos mi nombre es pablo agustin y si estas suscripto eso esta muy bien y si sos miembro mucho mejor || en el dia de hoy tenemos noticias siiii yey || lo vamos a tratar al final porque ya venimos de semanas estamos o sea tenemos que levantar y las noticias estan muy dificiles,"GASPI, DAMIAN KUC, LA REINI, BOTTERO, EL MUNDIAL Y","f12 GASPI, DAMIAN KUC, LA REINI, BOTTERO, EL MUNDIAL Y",hola a todos mi nombre es pablo agustin y si estas suscripto eso esta muy bien y si sos miembro mucho mejor,"site:youtube.com GASPI, DAMIAN KUC, LA REINI, BOTTERO, EL MUNDIAL Y",,,
f27__MICA_SUAREZ_KEVSHO_LULI_GONZALEZ_JAMES_CHARLES,f27,"MICA SUAREZ, KEVSHO, LULI GONZALEZ, JAMES CHARLES,",331,medium,https://www.youtube.com/watch?v=GhdO9yCVxb8,"MICA SUAREZ, KEVSHO, LULI GONZALEZ, JAMES CHARLES, NATI J, PASO DE TODO CHICOS, ME EXTRAÑARON?",PabloAgustin,blocked_alignment_failed=5|baseline_existing_only=326|low_alignment_score_present|source_reconstruction_failed,clip_0000|clip_0001|clip_0002|clip_0003|clip_0004,hola a todos mi nombre es pablo agustin y si estas suscripto eso esta muy bien y si sos miembro mucho mejor || en el dia de hoy tenemos un video de noticias volvi volvi || he vuelto en forma de fichas juan domingo perdon juan domingo perdon,"MICA SUAREZ, KEVSHO, LULI GONZALEZ, JAMES CHARLES,","f27 MICA SUAREZ, KEVSHO, LULI GONZALEZ, JAMES CHARLES,",hola a todos mi nombre es pablo agustin y si estas suscripto eso esta muy bien y si sos miembro mucho mejor,"site:youtube.com MICA SUAREZ, KEVSHO, LULI GONZALEZ, JAMES CHARLES,",,,
f01__AN_CDOTA_VIAJE_MUNDIAL_BRASIL_2014_parte_1,f01,ANÉCDOTA VIAJE MUNDIAL BRASIL 2014  parte 1,302,high,https://www.youtube.com/watch?v=PyOSsNLEg4I,ANÉCDOTA VIAJE MUNDIAL BRASIL 2014 | parte 1,Momo,blocked_alignment_failed=23|baseline_existing_only=89|low_alignment_score_present,clip_0000|clip_0001|clip_0002|clip_0003|clip_0004,bueno amigos esta es una anecdota muy especial porque es un gran recuerdo y la apuesta es que creo haberla contado alguna vez y en mixer creo que fue entonces se perdieron mucho las transmisiones incluso se perdio la de duki y neo pero creo que habia que darla con detalles con fotos de como fue el viaje y demas || les comento los pongo en contexto argentina seleccion 2014 el maestro sabela al frente de la seleccion argentina parecia que nos daba molidos mangos en la primera ronda todos se acuerdan del partido con iran que nos salva messi || cuestion yo voy a ser sincero yo tampoco tenia tanta fe en la seleccion lo bancaba sabela pero habia cositas que no me gustaban bueno como somos los argentinos en eso tengo que ser honesto,ANÉCDOTA VIAJE MUNDIAL BRASIL 2014 parte 1,f01 ANÉCDOTA VIAJE MUNDIAL BRASIL 2014 parte 1,bueno amigos esta es una anecdota muy especial porque es un gran recuerdo y la apuesta es que creo haberla contado alguna vez y en mixer creo que fue entonces se perdieron mucho la,site:youtube.com ANÉCDOTA VIAJE MUNDIAL BRASIL 2014 parte 1,,,
f11__Entrevista_completa_por_mi_libro_Franco_con_Diego,f11,Entrevista completa por mi libro Franco con Diego,295,high,https://www.youtube.com/watch?v=EKVYAG_I44g,"Entrevista completa por mi libro ""Franco"" con Diego Sehinkman",Mauricio Macri,blocked_alignment_failed=1|baseline_existing_only=13|low_alignment_score_present,clip_0015|clip_0019|clip_0020|clip_0021|clip_0024,ahi esta francisco yo lo he llevado millones de veces ahi pero bueno que se yo || una mezcla digo yo no pero un dia creo que en la pandemia dije || voy a escribir mi vision de quien fue papa,Entrevista completa por mi libro Franco con Diego,f11 Entrevista completa por mi libro Franco con Diego,ahi esta francisco yo lo he llevado millones de veces ahi pero bueno que se yo,site:youtube.com Entrevista completa por mi libro Franco con Diego,,,
f29__Manipulaci_n_mental_C_mo_tu_CEREBRO_literalmente_c,f29,Manipulación mental Cómo tu CEREBRO literalmente c,291,low,https://www.youtube.com/watch?v=L968oG0ozIM,Experta en Reprogramación Mental: Cómo ENGAÑAR a tu cerebro para ELIMINAR malos hábitos | Ana Ibañez,A lo Grande Podcast (con Marian Gamboa),match_confidence=low|blocked_source_not_found=291,clip_0000|clip_0001|clip_0002|clip_0003|clip_0004,buenas yo dije que iba a ser mas constante con los videos quizas no fue una semana exacta || ocho dias pero heme aqui grabando un nuevo episodio y yo no se si no claro no lo ven || porque lo corto pero yo tengo el microfono enchufado a la computadora y el celular aparte,Manipulación mental Cómo tu CEREBRO literalmente c,f29 Manipulación mental Cómo tu CEREBRO literalmente c,buenas yo dije que iba a ser mas constante con los videos quizas no fue una semana exacta,site:youtube.com Manipulación mental Cómo tu CEREBRO literalmente c,,,
f18__Las_y_los_estudiantes_al_frente_-_Entrevista_a_la,f18,Las y los estudiantes al frente - Entrevista a la,257,medium,https://www.youtube.com/watch?v=ai0ICVOsXlI,"""Las y los estudiantes al frente"" - Entrevista a la docente Cristal Farias",BAeducación,blocked_alignment_failed=124|baseline_existing_only=133|low_alignment_score_present,clip_0001|clip_0002|clip_0003|clip_0004|clip_0005,que es la educacion secundaria gracias la primera pregunta es si tu familia esta o estaba de acuerdo con tu transicion || bien hermosa pregunta en estas situaciones de transiciones es muy dificil contar con el apoyo familiar || por ese motivo es que muchas chicas chicos y chiques que transitan esta situacion,Las y los estudiantes al frente - Entrevista a la,f18 Las y los estudiantes al frente - Entrevista a la,que es la educacion secundaria gracias la primera pregunta es si tu familia esta o estaba de acuerdo con tu transicion,site:youtube.com Las y los estudiantes al frente - Entrevista a la,,,
f05__CHARLA_SOBRE_EL_AMOR_Y_EL_DESAMOR,f05,CHARLA SOBRE EL AMOR Y EL DESAMOR,233,high,https://www.youtube.com/watch?v=_GTu8K8a_Jw,CHARLA SOBRE EL AMOR Y EL DESAMOR,Coscu,blocked_alignment_failed=96|baseline_existing_only=26|low_alignment_score_present,clip_0000|clip_0001|clip_0002|clip_0003|clip_0004,voy a antereccionar maria del cerro y ahora que hay un monton de gente en el chat les quiero decir algo || la vida aca voy a aparecer un hippie o esas finas que leen el horoscopo || pero la vida posta que se trata de energias,CHARLA SOBRE EL AMOR Y EL DESAMOR,f05 CHARLA SOBRE EL AMOR Y EL DESAMOR,voy a antereccionar maria del cerro y ahora que hay un monton de gente en el chat les quiero decir algo,site:youtube.com CHARLA SOBRE EL AMOR Y EL DESAMOR,,,
f28__MILITANDO_el_AJUSTE_ESTA_SEMANA_EN_SPRINGFIELD_co,f28,MILITANDO el AJUSTE  ESTA SEMANA EN SPRINGFIELD co,223,none,,,,match_confidence=none|blocked_source_not_found=223,clip_0007|clip_0008|clip_0009|clip_0010|clip_0011,como les va me doy cuenta que es el segundo jueves consecutivo que vengo de camisa asi que esto se empieza a volver una costumbre || como andas nico bonda que haces amigo todo bien te van a putear hoy esa vez || por que por que te van a putear vos estas nerviosito o no hoy te van a putear no yo estoy tranquilo estoy tranquilo,MILITANDO el AJUSTE ESTA SEMANA EN SPRINGFIELD co,f28 MILITANDO el AJUSTE ESTA SEMANA EN SPRINGFIELD co,como les va me doy cuenta que es el segundo jueves consecutivo que vengo de camisa asi que esto se empieza a volver una costumbre,site:youtube.com MILITANDO el AJUSTE ESTA SEMANA EN SPRINGFIELD co,,,
f03__AZZARO_REACCI_N_-_RIVER_A_LA_FINAL_LE_GAN_1-0_A,f03,"AZZARO REACCIÓN - RIVER, A LA FINAL LE GANÓ 1-0 A",221,medium,https://www.youtube.com/watch?v=9k48Da7vkzE,"AZZARO REACCIÓN - RIVER, A LA FINAL: LE GANÓ 1-0 A CENTRAL EN EL MONUMENTAL",AZZ,blocked_alignment_failed=6|baseline_existing_only=20|low_alignment_score_present,clip_0000|clip_0001|clip_0002|clip_0003|clip_0004,y river se metio en la final y river que durante todo el semestre estuvimos diciendo || no tiene el plantel que deberia tener esta plagado de pibes || hay jugadores que no estan a la altura que culo que tiene river,"AZZARO REACCIÓN - RIVER, A LA FINAL LE GANÓ 1-0 A","f03 AZZARO REACCIÓN - RIVER, A LA FINAL LE GANÓ 1-0 A",y river se metio en la final y river que durante todo el semestre estuvimos diciendo,"site:youtube.com AZZARO REACCIÓN - RIVER, A LA FINAL LE GANÓ 1-0 A",,,
f09__ESTOY_EN_UN_BROTE_PERDON,f09,ESTOY EN UN BROTE PERDON,207,high,https://www.youtube.com/watch?v=FhPgg2-hIDU,ESTOY EN UN BROTE PERDON,PabloAgustin,blocked_alignment_failed=1|baseline_existing_only=3|low_alignment_score_present|spot_vm_terminated,clip_0000|clip_0001|clip_0002|clip_0003|clip_0005,hola a todos mi nombre es pablo agustin y si estas suscripto eso esta muy bien en el dia de hoy yo estoy teniendo un brote yo no me siento un poco bien estoy con un bajon de presion entonces yo tengo que blanquearlo de || entrada porque si no este video no va a ir ni para delante ni para atras || hay que aceptar que en la vida hay crisis o sea la vida es lo bueno y la vida es lo malo bueno etcetera etcetera cosas que ya aprendimos bueno esta bien eso lo hablo con victoria,ESTOY EN UN BROTE PERDON,f09 ESTOY EN UN BROTE PERDON,hola a todos mi nombre es pablo agustin y si estas suscripto eso esta muy bien en el dia de hoy yo estoy teniendo un brote yo no me siento un poco bien estoy con un bajon de presio,site:youtube.com ESTOY EN UN BROTE PERDON,,,
f49__RIVER_GAN_SUFRIENDO_VS_CIUDAD_DE_BOLIVAR_ALIVI,f49,RIVER GANÓ SUFRIENDO VS CIUDAD DE BOLIVAR!!! ALIVI,199,medium,https://www.youtube.com/watch?v=0LeP3WlYEy0,RIVER GANÓ SUFRIENDO VS CIUDAD DE BOLIVAR!!! ALIVIO.. PERO HASTA CUANDO? AL BORDE DEL PAPELÓN..,SantiGrizas19,baseline_existing_only=199|low_alignment_score_present,clip_0000|clip_0001|clip_0002|clip_0003|clip_0004,que poquito river que poquito acaba de ganar river 1 a 0 contra ciudad de bolivar por esta primera instancia de la copa argentina || acaba de terminar el partido mama querida eh mama querida que espanto tener que sentarte en el sillon y ver a este river || que otra vez no te transmite nada y que parece ser que cada partido que plantea gallardo que por lo menos juegan estos jugadores es el peor,RIVER GANÓ SUFRIENDO VS CIUDAD DE BOLIVAR!!! ALIVI,f49 RIVER GANÓ SUFRIENDO VS CIUDAD DE BOLIVAR!!! ALIVI,que poquito river que poquito acaba de ganar river 1 a 0 contra ciudad de bolivar por esta primera instancia de la copa argentina,site:youtube.com RIVER GANÓ SUFRIENDO VS CIUDAD DE BOLIVAR!!! ALIVI,,,
f06__Coronavirus_conferencia_completa_de_Alberto_Fern_n,f06,Coronavirus conferencia completa de Alberto Fernán,184,medium,https://www.youtube.com/watch?v=KlGIXhSc1LI,Coronavirus | Resumen: lo que dejó la conferencia de Alberto Fernández,Todo Noticias,blocked_alignment_failed=184|low_alignment_score_present,clip_0001|clip_0002|clip_0003|clip_0004|clip_0005,buenas tardes a todos a todas a ver tuvimos hoy una nueva reunion con el || con el gabinete con la parte del gabinete que esta dedicado al problema del coronavirus || y con los expertos en infectologia y los expertos medicos,Coronavirus conferencia completa de Alberto Fernán,f06 Coronavirus conferencia completa de Alberto Fernán,buenas tardes a todos a todas a ver tuvimos hoy una nueva reunion con el,site:youtube.com Coronavirus conferencia completa de Alberto Fernán,,,
f54__TODOS_ODIAMOS_A_MILEI_PAULA_CHAVEZ_ESTA_PODRIDA,f54,"TODOS ODIAMOS A MILEI, PAULA CHAVEZ ESTA PODRIDA,",184,low,https://www.youtube.com/watch?v=5-o3JGf1taU,"""TODOS ODIAMOS A MILEI"", PAULA CHAVEZ ESTA PODRIDA, EVITTA LUNA LE DIJERON DE TODO, COACHELLA Y MÁS",PabloAgustin,match_confidence=low|blocked_source_not_found=184,clip_0000|clip_0001|clip_0002|clip_0003|clip_0004,hola a todos mi nombre es pablo agustin y si estas suscripto eso esta muy bien y si sos miembro mucho mejor y si estas en españa mejor aun porque la semana que viene estoy ahi || entradas en pabloagustin com ar vamos a estar bueno aterrizo en malaga voy a estar tambien en madrid barcelona chequeen las fechas vayan a pabloagustin com ar y saquen sus entradas vengan y apenas aterrizo me voy a || trelew puerto madryn chubut bariloche el sur vamos vamos y bueno y despues de ahi,"TODOS ODIAMOS A MILEI, PAULA CHAVEZ ESTA PODRIDA,","f54 TODOS ODIAMOS A MILEI, PAULA CHAVEZ ESTA PODRIDA,",hola a todos mi nombre es pablo agustin y si estas suscripto eso esta muy bien y si sos miembro mucho mejor y si estas en españa mejor aun porque la semana que viene estoy ahi,"site:youtube.com TODOS ODIAMOS A MILEI, PAULA CHAVEZ ESTA PODRIDA,",,,
f53__TODO_el_COLEGIO_me_HAC_A_BULLYING..._StoryTime_C,f53,TODO el COLEGIO me HACÍA BULLYING... #StoryTime  C,180,high,https://www.youtube.com/watch?v=FuhJNAxGULU,TODO el COLEGIO me HACÍA BULLYING... #StoryTime | Cande Copello,Cande Copello,blocked_alignment_failed=1|baseline_existing_only=179|low_alignment_score_present,clip_0000|clip_0001|clip_0002|clip_0003|clip_0004,bueno no se si se va a ver bien o que la verdad es que apa apa || apa me puse la linterna del alcatel hola a todos que tal yo soy kandeco pele y este es el nuevo video || bueno no se si en este video le voy a poner musica porque en realidad no se que ponerle si le pongo musica triste no es la idea del video no quiero que este video sea triste y le quiero,TODO el COLEGIO me HACÍA BULLYING... #StoryTime C,f53 TODO el COLEGIO me HACÍA BULLYING... #StoryTime C,bueno no se si se va a ver bien o que la verdad es que apa apa,site:youtube.com TODO el COLEGIO me HACÍA BULLYING... #StoryTime C,,,
f02__AZZARO_REACCI_N_-_CICLO_TERMINADO_RACING_EMPAT_2-,f02,AZZARO REACCIÓN - CICLO TERMINADO RACING EMPATÓ 2-,165,low,https://www.youtube.com/watch?v=a4ggqJZXnQE,AZZARO REACCIÓN - CICLO TERMINADO: RACING EMPATÓ 2-2 VS CARACAS Y QUEDÓ ELIMINADO EN LA SUDAMERICANA,AZZ,match_confidence=low|blocked_source_not_found=165,clip_0000|clip_0001|clip_0002|clip_0003|clip_0006,es una verguenza absoluta lo que acaba de pasar en la cancha de racing || y la verdad es que cualquier cosa que pueda decir en este video || no no me voy a arrepentir no no me voy a arrepentir bajo ningun concepto,AZZARO REACCIÓN - CICLO TERMINADO RACING EMPATÓ 2-,f02 AZZARO REACCIÓN - CICLO TERMINADO RACING EMPATÓ 2-,es una verguenza absoluta lo que acaba de pasar en la cancha de racing,site:youtube.com AZZARO REACCIÓN - CICLO TERMINADO RACING EMPATÓ 2-,,,
f48__RESPONDO_TODO,f48,RESPONDO TODO 🌶,158,none,https://www.youtube.com/watch?v=BvwlcIkG1WE,MI VIDA EN INGLATERRA - Vlog 8 | Cami Mayan,Cami Mayan,match_confidence=none|blocked_source_not_found=158,clip_0000|clip_0001|clip_0002|clip_0003|clip_0004,hola a todos mi nombre es pablo agustin y si estas suscrito eso esta muy bien y si sos miembro mucho mejor y si estas en españa mejor porque estoy ahi || o sea no ahora porque ahora estoy aca pero para cuando este viendo esto estoy ahi viernes sabado voy a estar esto es el miercoles viernes sabado voy a estar en barcelona madrid saques sus entradas pabloagustin com ar en el dia de || hoy les tenemos una programacion especial porque obviamente no soy futurologo no puedo prevenir las noticias que se vengan este miercoles me explico y yo me voy mañana entonces vamos a dejar algo grabadito les,RESPONDO TODO 🌶,f48 RESPONDO TODO 🌶,hola a todos mi nombre es pablo agustin y si estas suscrito eso esta muy bien y si sos miembro mucho mejor y si estas en españa mejor porque estoy ahi,site:youtube.com RESPONDO TODO 🌶,,,
f20__Los_lujos_de_L-Gante_y_qu_aprendi_cuando_estuvo,f20,Los lujos de L-Gante y qué aprendió cuando estuvo,155,medium,https://www.youtube.com/watch?v=46NwYqnl7MQ,Los lujos de L-Gante y qué aprendió cuando estuvo preso | #CasinoResort | EP. 24,Infobae,blocked_alignment_failed=9|baseline_existing_only=146|low_alignment_score_present,clip_0002|clip_0010|clip_0011|clip_0013|clip_0014,le vas a poner un kiosco pero en el que hay 24 horas || claro pero vos pensa que foneticamente que haces elegante || suena medio no tan personal yo digo elegante que lo que cuando pienso en modos digo elegante que lo que se me va a contar,Los lujos de L-Gante y qué aprendió cuando estuvo,f20 Los lujos de L-Gante y qué aprendió cuando estuvo,le vas a poner un kiosco pero en el que hay 24 horas,site:youtube.com Los lujos de L-Gante y qué aprendió cuando estuvo,,,
f26__MI_PRIMER_AMOR_-_Storytime,f26,MI PRIMER AMOR - Storytime,153,high,https://www.youtube.com/watch?v=EEZp2cH-prw,MI PRIMER AMOR - Storytime,Marti Benza,blocked_alignment_failed=60|baseline_existing_only=93|low_alignment_score_present,clip_0000|clip_0001|clip_0002|clip_0005|clip_0006,tengo un tipo de que lo hice con lo pegue con cinta y se me ayude el esfuerzo pero no se la banca || tanto dar hoy bueno gente asi cuando no me siento a grabar un video en el pasado literalmente mas || de seis meses que no me siento grabar un video asi esta muy feo como que me lo podria ordenar un,MI PRIMER AMOR - Storytime,f26 MI PRIMER AMOR - Storytime,tengo un tipo de que lo hice con lo pegue con cinta y se me ayude el esfuerzo pero no se la banca,site:youtube.com MI PRIMER AMOR - Storytime,,,
f30__Me_dejaron_PELADA_ah_abajo_-_Storytime,f30,Me dejaron PELADA ahí abajo - Storytime,153,high,https://www.youtube.com/watch?v=Funne9QNclY,Me dejaron PELADA ahí abajo - Storytime,Luli Gonzalez,blocked_alignment_failed=58|baseline_existing_only=95|low_alignment_score_present,clip_0008|clip_0009|clip_0010|clip_0011|clip_0012,en este video les voy a estar contando un par de storytimes que mi amigo me hizo acordar || y me dieron mucha risa y cuando escuche su audio me acorde y me rei fue un momento muy divertido para mi misma asi que lo queria compartir || quiero contar estas anecdotas mias vamos con la primera anecdota,Me dejaron PELADA ahí abajo - Storytime,f30 Me dejaron PELADA ahí abajo - Storytime,en este video les voy a estar contando un par de storytimes que mi amigo me hizo acordar,site:youtube.com Me dejaron PELADA ahí abajo - Storytime,,,
f23__ME_DEJARON_EN_LA_FRIENDZONE_EL_D_A_DEL_AMIGO,f23,ME DEJARON EN LA FRIENDZONE EL DÍA DEL AMIGO,123,high,https://www.youtube.com/watch?v=nZHGzdXgbCI,ME DEJARON EN LA FRIENDZONE EL DÍA DEL AMIGO,Brunenger,blocked_alignment_failed=9|baseline_existing_only=114|low_alignment_score_present,clip_0001|clip_0002|clip_0004|clip_0005|clip_0006,como ya vieron en muchos casos a mi me vi enfrianzaneando || me enfrianzano bailey ara laelo como que estamos ahi || mejor amigo nos remontamos al quinto año de la primaria,ME DEJARON EN LA FRIENDZONE EL DÍA DEL AMIGO,f23 ME DEJARON EN LA FRIENDZONE EL DÍA DEL AMIGO,como ya vieron en muchos casos a mi me vi enfrianzaneando,site:youtube.com ME DEJARON EN LA FRIENDZONE EL DÍA DEL AMIGO,,,
f15__LE_DIJE_QUE_SOY_ARGENTINO_-_Story_Time_-_CAP_91,f15,LE DIJE QUE SOY ARGENTINO - Story Time - CAP 91,116,high,https://www.youtube.com/watch?v=JsJ_cQUy1pM,LE DIJE QUE SOY ARGENTINO - Story Time - CAP 91,Dustin Luke,blocked_alignment_failed=10|baseline_existing_only=106|low_alignment_score_present,clip_0001|clip_0002|clip_0003|clip_0004|clip_0005,ok estamos en vivo acabo de subir un video nuevo a mi canal de youtube sobre el curupi || es un mito paraguayo lo deberian ver || pero bueno creo que estamos con 7 dias seguidos haciendo lives,LE DIJE QUE SOY ARGENTINO - Story Time - CAP 91,f15 LE DIJE QUE SOY ARGENTINO - Story Time - CAP 91,ok estamos en vivo acabo de subir un video nuevo a mi canal de youtube sobre el curupi,site:youtube.com LE DIJE QUE SOY ARGENTINO - Story Time - CAP 91,,,
f57__me_DETONE_a_una_COMPA_ERA_de_la_FACULTAD_en_el_BA,f57,me DETONE a una COMPAÑERA de la FACULTAD en el BAÑ,115,medium,https://www.youtube.com/watch?v=kB-X6im-pmw,me DETONE a una COMPAÑERA de la FACULTAD en el BAÑO de la MATANZA | ANECDOTA Tomas Mazza,Mazzatomas,blocked_alignment_failed=9|baseline_existing_only=106|low_alignment_score_present,clip_0002|clip_0003|clip_0006|clip_0007|clip_0015,en 2019 amigos pasaron una banda de cosas me quiso coger el profe de masajes me quiso coger el dueño del gimnasio || mi primera alumna de personalizados la conoci en tinder me hizo un video en twitter || cuestion yo estaba saliendo con una mina que era muy linda antes de ir a la facultad y estaba saliendo con la mina que la mina era de ramos,me DETONE a una COMPAÑERA de la FACULTAD en el BAÑ,f57 me DETONE a una COMPAÑERA de la FACULTAD en el BAÑ,en 2019 amigos pasaron una banda de cosas me quiso coger el profe de masajes me quiso coger el dueño del gimnasio,site:youtube.com me DETONE a una COMPAÑERA de la FACULTAD en el BAÑ,,,
f21__MAGNETTO_se_BURLA_de_ADORNI_ESTA_SEMANA_EN_SPRING,f21,MAGNETTO se BURLA de ADORNI  ESTA SEMANA EN SPRING,106,none,,,,match_confidence=none|blocked_source_not_found=106,clip_0002|clip_0003|clip_0004|clip_0005|clip_0006,si alguno llega a este envio semanal sin haber visto antes las ultimas noticias de adorni || podemos resumir todo lo sucedido con este tuit del turco garcia || la heladera de adorni mientras tenia 500 mil dolares ahorrados en negro,MAGNETTO se BURLA de ADORNI ESTA SEMANA EN SPRING,f21 MAGNETTO se BURLA de ADORNI ESTA SEMANA EN SPRING,si alguno llega a este envio semanal sin haber visto antes las ultimas noticias de adorni,site:youtube.com MAGNETTO se BURLA de ADORNI ESTA SEMANA EN SPRING,,,
f60__que_pas_con_Roberto,f60,que pasó con Roberto,104,high,https://www.youtube.com/watch?v=jNwxklp3zAI,que pasó con Roberto?,Mica Suarez,baseline_existing_only=104|low_alignment_score_present,clip_0000|clip_0001|clip_0002|clip_0003|clip_0004,bueno eh hola youtube no se ni como empezar este video estuve pensando mucho tiempo en si hacer este video o no y llegue a la conclusion || de que si lo queria hacer por una razon que bueno se van a dar cuenta mas para el final del video para los que no saben hace mas de un año aproximadamente || tenia un loro que se llamaba roberto hice un par de videos con el pero despues de unos 3 o 4 meses de tenerlo fallecio hasta el dia de hoy sigue habiendo gente que me sigue,que pasó con Roberto,f60 que pasó con Roberto,bueno eh hola youtube no se ni como empezar este video estuve pensando mucho tiempo en si hacer este video o no y llegue a la conclusion,site:youtube.com que pasó con Roberto,,,
f19__Los_COCINEROS_de_TELEVISI_N_revelan_sus_SECRETOS_e,f19,Los COCINEROS de TELEVISIÓN revelan sus SECRETOS e,99,medium,https://www.youtube.com/watch?v=Vpf_PHhFgiw,Los COCINEROS de TELEVISIÓN revelan sus SECRETOS en Profesiones Argentinas - Telefe Noticias,Telefe Noticias,baseline_existing_only=99|low_alignment_score_present,clip_0004|clip_0005|clip_0007|clip_0008|clip_0009,y tambien mucho rating vamos a escucharlos y a verlos || llegan a profesiones argentinas los cocineros de la tele || como se hace la comida no todos los cocineros de la tele saben cocinar muchas veces pasa que das bien en camara,Los COCINEROS de TELEVISIÓN revelan sus SECRETOS e,f19 Los COCINEROS de TELEVISIÓN revelan sus SECRETOS e,y tambien mucho rating vamos a escucharlos y a verlos,site:youtube.com Los COCINEROS de TELEVISIÓN revelan sus SECRETOS e,,,
f04__BULLRICH_DESAF_A_a_KARINA_MILEI_con_el_3_ESTA_SE,f04,BULLRICH DESAFÍA a KARINA MILEI con el 3%  ESTA SE,97,medium,https://www.youtube.com/watch?v=Dp3FkqrX3a4,BULLRICH DESAFÍA a KARINA MILEI con el 3% | ESTA SEMANA EN SPRINGFIELD con Pedro ROSEMBLAT,GELATINA,blocked_alignment_failed=5|baseline_existing_only=9|low_alignment_score_present,clip_0008|clip_0009|clip_0010|clip_0011|clip_0012,porque esta lia porque estuvo bueno el guion || que sentis vos ian ayesa bienvenido nuevamente || que tal buenas tardes yo no se cuanta gente le ve en general,BULLRICH DESAFÍA a KARINA MILEI con el 3% ESTA SE,f04 BULLRICH DESAFÍA a KARINA MILEI con el 3% ESTA SE,porque esta lia porque estuvo bueno el guion,site:youtube.com BULLRICH DESAFÍA a KARINA MILEI con el 3% ESTA SE,,,
f46__Profesiones_Argentinas_PERIODISTAS_DEPORTIVOS_-_Te,f46,Profesiones Argentinas PERIODISTAS DEPORTIVOS - Te,90,low,https://www.youtube.com/watch?v=-WKw7c3bAmo,🎙️📚  4 Claves para Estudiar Periodismo Deportivo,Maty Salgado,match_confidence=low|blocked_source_not_found=90,clip_0003|clip_0005|clip_0006|clip_0007|clip_0011,mamita el futbol llegan a profesiones argentinas los periodistas deportivos || si queres cuando terminemos te lo cuento en general no lo digo || soy hincha de ferrocarril oeste lo que pasa es que aca viste en argentina como se vive el futbol es un poquito peligroso decirlo comentarlo,Profesiones Argentinas PERIODISTAS DEPORTIVOS - Te,f46 Profesiones Argentinas PERIODISTAS DEPORTIVOS - Te,mamita el futbol llegan a profesiones argentinas los periodistas deportivos,site:youtube.com Profesiones Argentinas PERIODISTAS DEPORTIVOS - Te,,,
f31__Me_estafaron,f31,Me estafaron,87,low,https://www.youtube.com/watch?v=GylXIMyYTtI,Esta vez si me estafaron,Jose Miguel Ross,match_confidence=low|blocked_source_not_found=87,clip_0000|clip_0001|clip_0004|clip_0005|clip_0006,hola gente como andan dia 640 mil de cuarentena este pelo yo tengo pensada ponerme un gorro y ocultar esta mierda que tengo aca este budin marmolado pero dije ya || esta algun dia cuando vea estos videos en un futuro me voy a reir y voy a decir ay marty que para la mierda que tenias el pelo esas cosas que venia pegando ahi son las luces led del orto que se vienen cayendo y me las tienen las re pelotas infladas || esta es la historia que les vengo a contar hoy tengo aca mi sanguchito de jamon queso huevo y aceituna,Me estafaron,f31 Me estafaron,hola gente como andan dia 640 mil de cuarentena este pelo yo tengo pensada ponerme un gorro y ocultar esta mierda que tengo aca este budin marmolado pero dije ya,site:youtube.com Me estafaron,,,
f35__PROFESIONES_ARGENTINAS_DIRECTORES_de_CASTING_-_Tel,f35,PROFESIONES ARGENTINAS DIRECTORES de CASTING - Tel,87,high,https://www.youtube.com/watch?v=lmqWZUIRdrI,PROFESIONES ARGENTINAS: DIRECTORES de CASTING - Telefe Noticias,Telefe Noticias,blocked_alignment_failed=2|baseline_existing_only=85|low_alignment_score_present,clip_0004|clip_0006|clip_0007|clip_0008|clip_0010,esta bueno escucharlos llegan hoy a profesiones argentinas los directores de casting || la verdad lo que hacemos es atajarnos y decir si hasta tal fecha no te llamamos es que es no || para mi la tarea mas dificil es decirle a alguien que no quedo,PROFESIONES ARGENTINAS DIRECTORES de CASTING - Tel,f35 PROFESIONES ARGENTINAS DIRECTORES de CASTING - Tel,esta bueno escucharlos llegan hoy a profesiones argentinas los directores de casting,site:youtube.com PROFESIONES ARGENTINAS DIRECTORES de CASTING - Tel,,,
f43__Profesiones_Argentinas_DUE_OS_de_SALONES_de_FIESTA,f43,Profesiones Argentinas DUEÑOS de SALONES de FIESTA,86,medium,https://www.youtube.com/watch?v=9nlaNAcv0Jo,Profesiones Argentinas: DUEÑOS de SALONES de FIESTA - Telefe Noticias,Telefe Noticias,blocked_alignment_failed=4|baseline_existing_only=82|low_alignment_score_present,clip_0004|clip_0005|clip_0006|clip_0007|clip_0008,quienes somos los dueños de salones || quien no puede fallar es el catering la comida es primordial || la gente la gente totalmente una fiesta vos la podes hacer en un galpon vacio y si la gente tiene buena onda te divertis,Profesiones Argentinas DUEÑOS de SALONES de FIESTA,f43 Profesiones Argentinas DUEÑOS de SALONES de FIESTA,quienes somos los dueños de salones,site:youtube.com Profesiones Argentinas DUEÑOS de SALONES de FIESTA,,,
f39__PROFESIONES_ARGENTINAS_GUARDAESPALDAS_-_Telefe_Not,f39,PROFESIONES ARGENTINAS GUARDAESPALDAS - Telefe Not,83,high,https://www.youtube.com/watch?v=pze2Br2TOjk,PROFESIONES ARGENTINAS: GUARDAESPALDAS - Telefe Noticias,Telefe Noticias,blocked_alignment_failed=4|baseline_existing_only=79|low_alignment_score_present,clip_0005|clip_0006|clip_0007|clip_0008|clip_0009,que nada nada les pase profesiones argentinas aca estan estos son muchas preguntas || los guardaespaldas quienes somos los guardaespaldas || el negro siempre intimida y mas cuando es de combate siempre fue el atuendo la vestimenta de seguridad de negro,PROFESIONES ARGENTINAS GUARDAESPALDAS - Telefe Not,f39 PROFESIONES ARGENTINAS GUARDAESPALDAS - Telefe Not,que nada nada les pase profesiones argentinas aca estan estos son muchas preguntas,site:youtube.com PROFESIONES ARGENTINAS GUARDAESPALDAS - Telefe Not,,,
f36__PROFESIONES_ARGENTINAS_FARMAC_UTICOS_-_Telefe_Noti,f36,PROFESIONES ARGENTINAS FARMACÉUTICOS - Telefe Noti,80,high,https://www.youtube.com/watch?v=i9VHB_aYdH0,PROFESIONES ARGENTINAS: FARMACÉUTICOS - Telefe Noticias,Telefe Noticias,blocked_alignment_failed=1|baseline_existing_only=79|low_alignment_score_present,clip_0003|clip_0004|clip_0006|clip_0007|clip_0008,si cuando el medico no esta a mano es de noche y que recurrimos || recurrimos a ellos llegan a profesiones argentinas los farmaceuticos || las pastillas para la ereccion para pedirte una ayuda en la pastillita azul,PROFESIONES ARGENTINAS FARMACÉUTICOS - Telefe Noti,f36 PROFESIONES ARGENTINAS FARMACÉUTICOS - Telefe Noti,si cuando el medico no esta a mano es de noche y que recurrimos,site:youtube.com PROFESIONES ARGENTINAS FARMACÉUTICOS - Telefe Noti,,,
f50__STORYTIME_3_Me_armo_unos_MATES_y_cuento_mi_PRIM,f50,STORYTIME #3  Me armo unos MATES y ¿cuento mi PRIM,76,none,,,,match_confidence=none|blocked_source_not_found=76,clip_0000|clip_0002|clip_0003|clip_0004|clip_0005,amor cual fue nuestra primera cita para vos para mi nuestra primera cita fue || no lo vas a contar eso no lo podes contar amor te voy a robar un ratito de mi video || dale andre te voy a robar un ratito del video porque quiero que digas cual fue nuestra primera cita para vos,STORYTIME #3 Me armo unos MATES y ¿cuento mi PRIM,f50 STORYTIME #3 Me armo unos MATES y ¿cuento mi PRIM,amor cual fue nuestra primera cita para vos para mi nuestra primera cita fue,site:youtube.com STORYTIME #3 Me armo unos MATES y ¿cuento mi PRIM,,,
f47__Profesiones_argentinas_GASTROENTER_LOGOS_TelefeNo,f47,Profesiones argentinas GASTROENTERÓLOGOS #TelefeNo,75,none,,,,match_confidence=none|blocked_source_not_found=75,clip_0004|clip_0005|clip_0006|clip_0007|clip_0008,todo repercute en nuestro aparato digestivo y como vivimos || y cuando nos sentimos mal los consultamos a ellos llegan a profesiones argentinas || los gastroenterologos quienes somos los medicos gastroenterologos,Profesiones argentinas GASTROENTERÓLOGOS #TelefeNo,f47 Profesiones argentinas GASTROENTERÓLOGOS #TelefeNo,todo repercute en nuestro aparato digestivo y como vivimos,site:youtube.com Profesiones argentinas GASTROENTERÓLOGOS #TelefeNo,,,
f41__PROFESIONES_ARGENTINAS_Los_SECRETOS_de_los_TAXIS,f41,PROFESIONES ARGENTINAS 🚖 Los SECRETOS de los TAXIS,73,none,https://www.youtube.com/watch?v=CGfaaUm87Uk,Un SIMULADOR DE SER TAXISTA EXTREMO 🤯🚕,ChuuyMine,match_confidence=none|blocked_source_not_found=73,clip_0001|clip_0002|clip_0003|clip_0004|clip_0006,uno es arriba del auto como es abajo del auto el que es agresivo abajo es agresivo arriba y asi || nos manejan mal siempre estan apurados relativamente mal manejamos relativamente bien || manejamos muy mal la mayoria maneja mal manejan muy mal,PROFESIONES ARGENTINAS 🚖 Los SECRETOS de los TAXIS,f41 PROFESIONES ARGENTINAS 🚖 Los SECRETOS de los TAXIS,uno es arriba del auto como es abajo del auto el que es agresivo abajo es agresivo arriba y asi,site:youtube.com PROFESIONES ARGENTINAS 🚖 Los SECRETOS de los TAXIS,,,
f44__Profesiones_Argentinas_EMPLEADOS_de_PANADER_AS_-_T,f44,Profesiones Argentinas EMPLEADOS de PANADERÍAS - T,73,none,https://www.youtube.com/watch?v=LnmJcWJG3WQ,Ronnie Arias destrozó a Ernestina Pais,América TV,match_confidence=none|blocked_source_not_found=73,clip_0004|clip_0006|clip_0007|clip_0008|clip_0009,llegan a profesiones argentinas los empleados de panaderia || el indeciso ese cliente que entra y tenes que contarle de que esta hecho todo || y tal vez se lleva un alfajor ejemplo vino una señora me hizo pesar unas masitas envolvi papel y todo,Profesiones Argentinas EMPLEADOS de PANADERÍAS - T,f44 Profesiones Argentinas EMPLEADOS de PANADERÍAS - T,llegan a profesiones argentinas los empleados de panaderia,site:youtube.com Profesiones Argentinas EMPLEADOS de PANADERÍAS - T,,,
f58__me_pusieron_1_tampon,f58,me pusieron 1 tampon,73,high,https://www.youtube.com/watch?v=pHIwfEbBt2A,me pusieron 1 tampon,Marti Benza,blocked_alignment_failed=12|baseline_existing_only=61|low_alignment_score_present,clip_0004|clip_0007|clip_0008|clip_0009|clip_0011,nombres para sus partes intimas dejenlo en los comentarios me acuerdo cuando yo decia que la mia era mas patetica que mi nombre porque mi mama no me pude sacar ninguna selfie || porque lola ah entonces inteligente claro una lola lo lamento coqui porque venia exotico son todos bueno podes devolver esa cachucha || de diseño a su lugar de origen aca cabe declarar que mi popote o pajita es reutilizable asi que me pueden dejar decir esas señales de tortugas en todos los videos por favor en todos los videos tengo el mismo popote chicos,me pusieron 1 tampon,f58 me pusieron 1 tampon,nombres para sus partes intimas dejenlo en los comentarios me acuerdo cuando yo decia que la mia era mas patetica que mi nombre porque mi mama no me pude sacar ninguna selfie,site:youtube.com me pusieron 1 tampon,,,
f37__PROFESIONES_ARGENTINAS_GINEC_LOGOS_-_Telefe_Notici,f37,PROFESIONES ARGENTINAS GINECÓLOGOS - Telefe Notici,68,high,https://www.youtube.com/watch?v=eX1x7KhopTo,PROFESIONES ARGENTINAS: GINECÓLOGOS - Telefe Noticias,Telefe Noticias,blocked_alignment_failed=1|baseline_existing_only=67|low_alignment_score_present,clip_0005|clip_0006|clip_0007|clip_0009|clip_0010,lujo genital irregularidades menstruales menstruaciones abundantes || el honguito menstruaciones muy abundantes menstruaciones que duran mucho tiempo || hoy por hoy estamos viendo cada vez mas cancer de mama y principalmente cancer de mama en pacientes jovenes,PROFESIONES ARGENTINAS GINECÓLOGOS - Telefe Notici,f37 PROFESIONES ARGENTINAS GINECÓLOGOS - Telefe Notici,lujo genital irregularidades menstruales menstruaciones abundantes,site:youtube.com PROFESIONES ARGENTINAS GINECÓLOGOS - Telefe Notici,,,
f40__PROFESIONES_ARGENTINAS_KINESI_LOGOS_-_Telefe_Notic,f40,PROFESIONES ARGENTINAS KINESIÓLOGOS - Telefe Notic,62,high,https://www.youtube.com/watch?v=sVyVxKt0UBE,PROFESIONES ARGENTINAS: KINESIÓLOGOS - Telefe Noticias,Telefe Noticias,baseline_existing_only=62|low_alignment_score_present,clip_0004|clip_0005|clip_0006|clip_0007|clip_0008,es aquel paciente que no quiere escuchar el que no confia en el tratamiento || el peor es el que quizas no logras ganar su confianza || es aquel que hace todo mal come mal mucho tiene sedentarismo no tiene este romance con el sofa y le encanta ver series y nunca va al gimnasio ni hace deporte,PROFESIONES ARGENTINAS KINESIÓLOGOS - Telefe Notic,f40 PROFESIONES ARGENTINAS KINESIÓLOGOS - Telefe Notic,es aquel paciente que no quiere escuchar el que no confia en el tratamiento,site:youtube.com PROFESIONES ARGENTINAS KINESIÓLOGOS - Telefe Notic,,,
f51__Salt_del_balcon_-_storytime,f51,Salté del balcon - storytime,60,high,https://www.youtube.com/watch?v=SlqbgCiX_Ko,Salté del balcon - storytime,Marti Benza,blocked_alignment_failed=14|baseline_existing_only=46|low_alignment_score_present,clip_0000|clip_0001|clip_0003|clip_0004|clip_0005,no te levantes hoy estoy desde la cama porque estoy indispuesta y estoy deprimida estoy indispuesta porque bueno gracias a dios y estoy deprimida || porque tuve un primer parcial hoy hace un rato y no quiero hablar del tema pero nada que se yo || expliquemos esta situacion estabamos en el viaje de egresados y la verdad es que no me acuerdo de que dia fue no me acuerdo perfectamente como fue todo acabo de hablar con ella intentamos atar los lazos de la noche y aca,Salté del balcon - storytime,f51 Salté del balcon - storytime,no te levantes hoy estoy desde la cama porque estoy indispuesta y estoy deprimida estoy indispuesta porque bueno gracias a dios y estoy deprimida,site:youtube.com Salté del balcon - storytime,,,
f61___POR_QU_MI_NOVIA_ME_DEJ_LUCAS_CASTEL,f61,¿POR QUÉ MI NOVIA ME DEJÓ  LUCAS CASTEL,58,high,https://www.youtube.com/watch?v=ppKd6O25aWM,¿POR QUÉ MI NOVIA ME DEJÓ? | LUCAS CASTEL,Lucas Castel :D,blocked_alignment_failed=1|baseline_existing_only=57|low_alignment_score_present,clip_0001|clip_0002|clip_0003|clip_0004|clip_0005,porque se genero como una confianza con ustedes que yo les cuento demasiado demasiada informacion || que hasta a veces me asusta lo mucho que saben y una cosa que se las nombre varias veces en los videos es que yo solamente tuve una novia || ustedes ya saben que ella me dejo pero nunca explique el motivo la razon por que ella me dejo nunca lo explique,¿POR QUÉ MI NOVIA ME DEJÓ LUCAS CASTEL,f61 ¿POR QUÉ MI NOVIA ME DEJÓ LUCAS CASTEL,porque se genero como una confianza con ustedes que yo les cuento demasiado demasiada informacion,site:youtube.com ¿POR QUÉ MI NOVIA ME DEJÓ LUCAS CASTEL,,,
f45__Profesiones_Argentinas_ENCARGADOS_de_CATERING_Tel,f45,Profesiones Argentinas ENCARGADOS de CATERING #Tel,56,none,https://www.youtube.com/watch?v=S0aUTzz362I,"Pichu Straneo imita y ""vende humo"" en #TodoPasa",Urbana Play 104.3 FM,match_confidence=none|blocked_source_not_found=56,clip_0005|clip_0006|clip_0007|clip_0008|clip_0009,el peor invitado es el que quiere sobresalir es el que se mete a la cocina || para mi es el que exige y te das cuenta que no sabe nada se queja por deporte que si la carne esta cruda o que esta muy pasada || o que esta fria es alguien que esta buscando que es lo que no funciona que no trabaja es el que no sabe,Profesiones Argentinas ENCARGADOS de CATERING #Tel,f45 Profesiones Argentinas ENCARGADOS de CATERING #Tel,el peor invitado es el que quiere sobresalir es el que se mete a la cocina,site:youtube.com Profesiones Argentinas ENCARGADOS de CATERING #Tel,,,
f55__Tengo_30_Esto_LE_DIRIA_A_MI_YO_DE_20,f55,Tengo 30 Esto LE DIRIA A MI YO DE 20,56,high,https://www.youtube.com/watch?v=6iCLA80TjP4,Tengo 30: Esto LE DIRIA A MI YO DE 20,JulianSerrano7,blocked_alignment_failed=1|baseline_existing_only=55|low_alignment_score_present,clip_0009|clip_0014|clip_0016|clip_0020|clip_0021,esa es la historia me parecio muy graciosa tiene tres pisos abajo tiene como una sala de bateria esta buenisimo || entonces dejenme que me aclimate estoy hace tres dias en fin dibujaba mucho mi unica forma de expresarme con el mundo era dibujando de hecho antes decia mama y papa dije mama papa despues dibujaba cosas y || que es esto le decia y mi viejo tipo no se julian es ay pero que linda jirafa y yo decia no no es una jirafa y rompia todos los papeles todo nervioso todo tarado,Tengo 30 Esto LE DIRIA A MI YO DE 20,f55 Tengo 30 Esto LE DIRIA A MI YO DE 20,esa es la historia me parecio muy graciosa tiene tres pisos abajo tiene como una sala de bateria esta buenisimo,site:youtube.com Tengo 30 Esto LE DIRIA A MI YO DE 20,,,
f38__PROFESIONES_ARGENTINAS_GOMEROS_-_Telefe_Noticias,f38,PROFESIONES ARGENTINAS GOMEROS - Telefe Noticias,55,high,https://www.youtube.com/watch?v=IeG6Tkv1f7g,PROFESIONES ARGENTINAS: GOMEROS - Telefe Noticias,Telefe Noticias,blocked_alignment_failed=2|baseline_existing_only=53|low_alignment_score_present,clip_0004|clip_0006|clip_0007|clip_0008|clip_0009,se pueden convertir en verdaderos salvadores hoy en profesiones argentinas mitos y verdades de ellos los gomeros || un domingo no abre nadie entonces el que esta el domingo aprovecha despues un horario si || en la ruta siempre con lo que sea cubiertas farches camaras lo que sea siempre se aprovechan en la ruta,PROFESIONES ARGENTINAS GOMEROS - Telefe Noticias,f38 PROFESIONES ARGENTINAS GOMEROS - Telefe Noticias,se pueden convertir en verdaderos salvadores hoy en profesiones argentinas mitos y verdades de ellos los gomeros,site:youtube.com PROFESIONES ARGENTINAS GOMEROS - Telefe Noticias,,,
f34__PRIMERA_VEZ_que_me_ROBARON_AN_CDOTA,f34,PRIMERA VEZ que me ROBARON  ANÉCDOTA,48,high,https://www.youtube.com/watch?v=IveINHvLLLI,PRIMERA VEZ que me ROBARON | ANÉCDOTA,Mazzatomas,blocked_alignment_failed=4|baseline_existing_only=44|low_alignment_score_present,clip_0000|clip_0001|clip_0003|clip_0004|clip_0005,ey para ya conte todo pero bueno esta es una anecdota que literalmente para mi es la mas bizarra de todas las que me ha pasado en la vida es muy grande esta anecdota yo cuando tenia 13 años iba siempre || al shopping de voto para levantarme guachas para sacar numeros que esto que lo otro pum pam pum yo iba con mi amigo kevin me acuerdo y que pasa en de voto paraban todos || nada eran picantes no entonces como que de voto como que estaban medio como que nadie queria ir a de voto porque estaban esos pibes eran pibes que buscaban problemas no buscaban problemas y yo me acuerdo que yo iba al,PRIMERA VEZ que me ROBARON ANÉCDOTA,f34 PRIMERA VEZ que me ROBARON ANÉCDOTA,ey para ya conte todo pero bueno esta es una anecdota que literalmente para mi es la mas bizarra de todas las que me ha pasado en la vida es muy grande esta anecdota yo cuando teni,site:youtube.com PRIMERA VEZ que me ROBARON ANÉCDOTA,,,
f52__Storytime_Cuando_perd_dos_amigos_por_polleras_J,f52,Storytime Cuando perdí dos amigos por polleras   J,48,none,https://www.youtube.com/watch?v=CJkcXyfstQM,7 Cosas que SOLO Hacen los AMIGOS FALSOS | Psych2Go,Psych2Go Español - Psicología Para Llevar,match_confidence=none|blocked_source_not_found=48,clip_0000|clip_0004|clip_0005|clip_0006|clip_0007,hola gente como estan no estan pudiendo creerlo tres videos seguidos || dominado dominado todavia con mi novia no encuentro fallas en su logica || mis amigos me dicen dominado  yo cuando era chico hice una cancion,Storytime Cuando perdí dos amigos por polleras J,f52 Storytime Cuando perdí dos amigos por polleras J,hola gente como estan no estan pudiendo creerlo tres videos seguidos,site:youtube.com Storytime Cuando perdí dos amigos por polleras J,,,
f17__La_PRIMERA_VEZ_que_fui_a_un_TEL0_-_ANECDOTA_Tomas,f17,La PRIMERA VEZ que fui a un TEL0 - ANECDOTA Tomas,46,high,https://www.youtube.com/watch?v=tZoSfWiOffk,La PRIMERA VEZ que fui a un TEL0 - ANECDOTA Tomas Mazza,Mazzatomas,blocked_alignment_failed=8|baseline_existing_only=38|low_alignment_score_present,clip_0002|clip_0004|clip_0006|clip_0007|clip_0009,la primera vez que fui a un telo amigos fue en año nuevo de 2019 el año nuevo que es para 2020 || ya me la vio me pongo nervioso me pongo nervioso con mis amigos habiamos arreglado de ir a una joda la joda era en palermo yo antes de ir a la joda yo estaba con una buena chica por instagram estaba re || como que yo la queria ver y la mina iba a una plaza y yo queria ir a esa plaza pero que pasa mis amigos querian ir a la joda mia yo no queria ir a la joda yo queria ir con la mina porque queria estar con la mina,La PRIMERA VEZ que fui a un TEL0 - ANECDOTA Tomas,f17 La PRIMERA VEZ que fui a un TEL0 - ANECDOTA Tomas,la primera vez que fui a un telo amigos fue en año nuevo de 2019 el año nuevo que es para 2020,site:youtube.com La PRIMERA VEZ que fui a un TEL0 - ANECDOTA Tomas,,,
f32__POR_ESTO_ME_FUI_DE_LAS_REDES.,f32,POR ESTO ME FUI DE LAS REDES.,45,high,https://www.youtube.com/watch?v=m0qw04O0XIY,POR ESTO ME FUI DE LAS REDES.,JulianSerrano7,baseline_existing_only=45|low_alignment_score_present,clip_0001|clip_0003|clip_0004|clip_0005|clip_0006,por que volviste a subir este video a youtube que esta bastante abandonado el canal yo se gente que esta abandonada el canal || que ya estoy desapegado del resultado lo hago || por el momento en que yo empece a subir videos que era por porque si porque sentia la necesidad de hacerlo,POR ESTO ME FUI DE LAS REDES.,f32 POR ESTO ME FUI DE LAS REDES.,por que volviste a subir este video a youtube que esta bastante abandonado el canal yo se gente que esta abandonada el canal,site:youtube.com POR ESTO ME FUI DE LAS REDES.,,,
f24__ME_ROBAN_Y_CASI_ME_MATAN_StoryTime_LUCAS_CASTEL,f24,ME ROBAN Y CASI ME MATAN #StoryTime  LUCAS CASTEL,40,high,https://www.youtube.com/watch?v=sJ3XShU8Ihg,ME ROBAN Y CASI ME MATAN #StoryTime | LUCAS CASTEL,Lucas Castel :D,blocked_alignment_failed=2|baseline_existing_only=38|low_alignment_score_present,clip_0000|clip_0001|clip_0002|clip_0003|clip_0004,oh mas vale que me des el telefono todo porque te disparo entendes no amigo no me robes porque compre celular hace poco y la verdad no me gusta que me roben a mi sabes ah bueno tranqui no no te robo me voy al cine mejor || dale gracias che buen finde bienvenidos amigos como estan sean bienvenidos a otro video mas gente estoy muy contento porque el dia de hoy despues de tanto tiempo traigo un story time ya paso || mucho tiempo meses del anterior con la historia que vengo hoy es sobre algo grave no sobre robo seas del pais que seas yo creo que alguna vez estuviste en una situacion peligrosa por ejemplo yo soy de argentina y cuando viajo a otros paises,ME ROBAN Y CASI ME MATAN #StoryTime LUCAS CASTEL,f24 ME ROBAN Y CASI ME MATAN #StoryTime LUCAS CASTEL,oh mas vale que me des el telefono todo porque te disparo entendes no amigo no me robes porque compre celular hace poco y la verdad no me gusta que me roben a mi sabes ah bueno tra,site:youtube.com ME ROBAN Y CASI ME MATAN #StoryTime LUCAS CASTEL,,,
f56__grwm_para_los_premios_idolo,f56,grwm para los premios idolo,38,high,https://www.youtube.com/watch?v=lVHNGa5Y2Ac,grwm para los premios idolo,Sofia Gonet,blocked_alignment_failed=3|baseline_existing_only=35|low_alignment_score_present,clip_0009|clip_0010|clip_0011|clip_0013|clip_0017,a que hora se levanto se levanto a las 8 se tomo un cafe y se volvio a dormir despues se levanto || a las 10 se tomo un licuado y se volvio a dormir y despues la tuve que levantar a las 3 porque ya || estaban las joyas viniendo estaba viniendo el vestido y nosotros no estabamos a las 3 de la,grwm para los premios idolo,f56 grwm para los premios idolo,a que hora se levanto se levanto a las 8 se tomo un cafe y se volvio a dormir despues se levanto,site:youtube.com grwm para los premios idolo,,,
f14__LA_CHABONA_X_RAMI_BILBAO_DIVAS_DIARY_ABITARE_10,f14,LA CHABONA X RAMI BILBAO  DIVAS DIARY  ABITARE  10,26,high,https://www.youtube.com/watch?v=FX1Qc3qiMpQ,LA CHABONA X RAMI BILBAO | DIVAS DIARY | ABITARE | 10-12-25,Abitare,blocked_alignment_failed=23|baseline_existing_only=3|low_alignment_score_present,clip_0066|clip_0072|clip_0094|clip_0148|clip_0150,me entendes por eso a raiz de todas las cicatrices ah por eso las cicatrices sabe || sentiste mucha culpa te sentiste culpable por haber perdido no culpable yo no || claro iba a ser reluchador claro iba a ser reluchador pero bueno insistio hasta donde pudo,LA CHABONA X RAMI BILBAO DIVAS DIARY ABITARE 10,f14 LA CHABONA X RAMI BILBAO DIVAS DIARY ABITARE 10,me entendes por eso a raiz de todas las cicatrices ah por eso las cicatrices sabe,site:youtube.com LA CHABONA X RAMI BILBAO DIVAS DIARY ABITARE 10,,,
f08__EL_DIA_QUE_CASI_MATO_A_MI_TIO_An_cdota_real,f08,EL DIA QUE CASI MATO A MI TIO (Anécdota real),23,high,https://www.youtube.com/watch?v=Yqe3Z8zVS_A,EL DIA QUE CASI MATO A MI TIO (Anécdota real),Lucas Castel :D,low_alignment_score_present,clip_0000|clip_0001|clip_0002|clip_0003|clip_0004,bienvenidos amigos como estan les doy la bienvenida a una anecdota graciosa hoy les voy a contar una historia real como se dice story time algo que es real algo que paso y que realmente casi || termino de una manera muy tragica porque fue un cago de risa lo que paso es una de las anecdotas de las experiencias que me han pasado en la vida mas raras y quedense hasta el final del video porque no lo van a poder creer es como lucas || como carajo paso eso antes que nada muchas gracias por dar me gusta al video compartilo con sus amigos suscribete al canal y activa la campanita todo eso que ustedes saben asi que ponete comodo comoda ahi en tu casa porque te voy,EL DIA QUE CASI MATO A MI TIO (Anécdota real),f08 EL DIA QUE CASI MATO A MI TIO (Anécdota real),bienvenidos amigos como estan les doy la bienvenida a una anecdota graciosa hoy les voy a contar una historia real como se dice story time algo que es real algo que paso y que real,site:youtube.com EL DIA QUE CASI MATO A MI TIO (Anécdota real),,,
f10__El_mensaje_de_Coscu_sobre_EL_AMOR,f10,El mensaje de Coscu sobre EL AMOR,7,none,https://www.youtube.com/watch?v=HxbDNIhQ4xU,"La convivencia, no muy buena idea: Fernando Sanjiao at TEDxUTN",TEDx Talks,match_confidence=none|blocked_source_not_found=7,clip_0000|clip_0001|clip_0002|clip_0003|clip_0004,yo me vine a preguntar aca corte con mi novia estoy re mal se que es una catastrofe pero despues de la catastrofe || viene una etapa increible para nosotros saben cual es || cuando hacemos el duelo cuando nos tomamos nuestro tiempo cuando lloramos lloramos lloramos,El mensaje de Coscu sobre EL AMOR,f10 El mensaje de Coscu sobre EL AMOR,yo me vine a preguntar aca corte con mi novia estoy re mal se que es una catastrofe pero despues de la catastrofe,site:youtube.com El mensaje de Coscu sobre EL AMOR,,,
